Attendance_ID,Student_ID,Course_ID,Attendance_Date,Classes_Held,Classes_Attended,Attendance_Status
A000001,S08652,C049,2025-11-01,25,18,Low Attendance
A000002,S10298,C038,2025-01-12,15,10,Low Attendance
A000003,S12413,C040,2025-10-27,25,10,Low Attendance
A000004,S11318,C032,2025-04-28,15,0,Low Attendance
A000005,S10982,C011,2025-08-16,20,3,Low Attendance
A000006,S01450,C034,2025-09-29,10,6,Low Attendance
A000007,S05376,C042,2025-02-03,30,26,Present
A000008,S16919,C002,2025-11-28,30,25,Present
A000009,S17286,C013,2025-07-12,25,14,Low Attendance
A000010,S03020,C034,2025-05-01,10,3,Low Attendance
A000011,S18373,C027,2025-09-07,15,1,Low Attendance
A000012,S09755,C048,2025-10-31,10,5,Low Attendance
A000013,S15760,C046,2025-02-18,10,7,Low Attendance
A000014,S06423,C040,2025-11-11,25,21,Present
A000015,S09431,C009,2025-02-03,10,8,Present
A000016,S01667,C039,2025-01-19,25,14,Low Attendance
A000017,S14791,C008,2025-09-02,10,8,Present
A000018,S15768,C031,2025-07-03,20,16,Present
A000019,S12284,C006,2025-10-16,25,21,Present
A000020,S01156,C007,2025-04-17,10,6,Low Attendance
A000021,S10990,C043,2025-06-10,10,8,Present
A000022,S17509,C028,2025-11-05,10,0,Low Attendance
A000023,S06676,C019,2025-01-01,20,10,Low Attendance
A000024,S07584,C016,2025-10-31,15,3,Low Attendance
A000025,S02719,C039,2025-09-12,25,21,Present
A000026,S08666,C006,2025-11-30,30,15,Low Attendance
A000027,S05334,C048,2025-08-14,20,3,Low Attendance
A000028,S14582,C004,2025-07-17,20,13,Low Attendance
A000029,S18040,C046,2025-10-10,10,1,Low Attendance
A000030,S11269,C016,2025-04-07,25,14,Low Attendance
A000031,S16404,C012,2025-03-24,20,16,Present
A000032,S14069,C010,2025-02-09,10,9,Present
A000033,S08294,C025,2025-10-03,25,25,Present
A000034,S16480,C021,2025-12-26,25,25,Present
A000035,S00097,C002,2025-04-05,30,18,Low Attendance
A000036,S06826,C042,2025-05-08,20,1,Low Attendance
A000037,S13689,C018,2025-07-20,10,9,Present
A000038,S16831,C045,2025-03-14,20,3,Low Attendance
A000039,S05184,C011,2025-06-26,20,4,Low Attendance
A000040,S18951,C013,2025-10-16,30,16,Low Attendance
A000041,S14654,C020,2025-08-28,20,2,Low Attendance
A000042,S10113,C036,2025-05-15,25,4,Low Attendance
A000043,S00736,C004,2025-12-30,10,9,Present
A000044,S17316,C007,2025-05-08,10,2,Low Attendance
A000045,S16360,C022,2025-12-11,25,4,Low Attendance
A000046,S13957,C012,2025-04-08,20,5,Low Attendance
A000047,S16596,C039,2025-03-05,25,21,Present
A000048,S18125,C029,2025-07-01,10,0,Low Attendance
A000049,S02074,C048,2025-12-09,15,1,Low Attendance
A000050,S18775,C023,2025-01-07,25,13,Low Attendance
A000051,S02438,C013,2025-05-17,20,3,Low Attendance
A000052,S06949,C049,2025-05-31,10,7,Low Attendance
A000053,S16535,C007,2025-12-05,20,12,Low Attendance
A000054,S10565,C037,2025-08-13,25,8,Low Attendance
A000055,S01661,C030,2025-04-13,30,20,Low Attendance
A000056,S19896,C048,2025-09-26,30,1,Low Attendance
A000057,S08161,C026,2025-07-25,25,11,Low Attendance
A000058,S13753,C041,2025-05-20,20,17,Present
A000059,S06610,C038,2025-08-22,15,13,Present
A000060,S16648,C019,2025-01-17,20,16,Present
A000061,S09930,C018,2025-09-10,25,24,Present
A000062,S12746,C009,2025-03-24,30,24,Present
A000063,S07697,C040,2025-11-05,25,9,Low Attendance
A000064,S19609,C029,2025-06-01,10,6,Low Attendance
A000065,S14461,C049,2025-06-04,15,0,Low Attendance
A000066,S05964,C011,2025-09-05,10,2,Low Attendance
A000067,S04869,C035,2025-02-01,20,4,Low Attendance
A000068,S17591,C005,2025-09-02,15,10,Low Attendance
A000069,S06650,C017,2025-03-06,30,28,Present
A000070,S16377,C022,2025-07-27,10,4,Low Attendance
A000071,S13521,C023,2025-07-30,25,6,Low Attendance
A000072,S04751,C032,2025-03-25,15,4,Low Attendance
A000073,S03181,C027,2025-03-09,30,3,Low Attendance
A000074,S11789,C025,2025-07-07,10,1,Low Attendance
A000075,S12620,C021,2025-04-03,10,8,Present
A000076,S01653,C033,2025-04-23,10,5,Low Attendance
A000077,S04368,C003,2025-03-27,30,18,Low Attendance
A000078,S12966,C024,2025-04-30,25,25,Present
A000079,S14104,C039,2025-01-10,20,9,Low Attendance
A000080,S18411,C005,2025-02-25,15,14,Present
A000081,S00297,C023,2025-03-19,30,1,Low Attendance
A000082,S15950,C035,2025-09-19,25,7,Low Attendance
A000083,S07049,C002,2025-10-09,10,6,Low Attendance
A000084,S06855,C020,2025-08-22,15,5,Low Attendance
A000085,S00298,C033,2025-06-21,25,3,Low Attendance
A000086,S11321,C035,2025-08-04,20,20,Present
A000087,S17659,C039,2025-06-16,20,14,Low Attendance
A000088,S11580,C007,2025-12-02,15,4,Low Attendance
A000089,S06283,C048,2025-04-07,25,16,Low Attendance
A000090,S01758,C038,2025-05-22,25,11,Low Attendance
A000091,S16144,C006,2025-02-02,10,5,Low Attendance
A000092,S17901,C037,2025-07-22,30,20,Low Attendance
A000093,S12689,C010,2025-03-08,10,7,Low Attendance
A000094,S06039,C041,2025-10-26,20,14,Low Attendance
A000095,S14731,C040,2025-12-19,15,13,Present
A000096,S13867,C049,2025-09-05,15,14,Present
A000097,S19599,C036,2025-08-01,25,8,Low Attendance
A000098,S12698,C017,2025-11-19,10,7,Low Attendance
A000099,S18439,C036,2025-12-06,20,7,Low Attendance
A000100,S03118,C015,2025-02-21,10,9,Present
A000101,S04921,C034,2025-02-02,10,0,Low Attendance
A000102,S13410,C027,2025-12-27,15,10,Low Attendance
A000103,S00458,C041,2025-02-20,25,13,Low Attendance
A000104,S03217,C033,2025-10-04,30,22,Low Attendance
A000105,S00486,C005,2025-11-10,20,9,Low Attendance
A000106,S19723,C016,2025-06-07,10,4,Low Attendance
A000107,S08596,C001,2025-07-11,10,5,Low Attendance
A000108,S03048,C050,2025-09-14,10,5,Low Attendance
A000109,S05452,C010,2025-12-15,15,12,Present
A000110,S08720,C036,2025-09-07,15,0,Low Attendance
A000111,S03868,C047,2025-03-28,30,2,Low Attendance
A000112,S01391,C047,2025-03-25,20,14,Low Attendance
A000113,S18227,C022,2025-09-17,15,3,Low Attendance
A000114,S00436,C038,2025-09-26,30,25,Present
A000115,S07718,C010,2025-06-15,25,1,Low Attendance
A000116,S12567,C033,2025-11-19,10,10,Present
A000117,S12909,C038,2025-02-23,15,6,Low Attendance
A000118,S19352,C031,2025-08-13,20,6,Low Attendance
A000119,S13159,C028,2025-01-05,20,15,Present
A000120,S16171,C024,2025-12-02,25,13,Low Attendance
A000121,S16909,C020,2025-05-27,15,4,Low Attendance
A000122,S01137,C046,2025-04-29,25,9,Low Attendance
A000123,S16434,C030,2025-10-19,25,17,Low Attendance
A000124,S10801,C011,2025-08-19,20,14,Low Attendance
A000125,S09640,C012,2025-12-02,25,13,Low Attendance
A000126,S15139,C009,2025-05-08,20,19,Present
A000127,S09844,C024,2025-04-03,25,10,Low Attendance
A000128,S05416,C035,2025-05-15,30,17,Low Attendance
A000129,S04611,C013,2025-04-11,10,10,Present
A000130,S10637,C003,2025-10-10,25,3,Low Attendance
A000131,S02118,C037,2025-06-02,20,2,Low Attendance
A000132,S09569,C038,2025-01-28,10,0,Low Attendance
A000133,S03764,C009,2025-04-26,30,16,Low Attendance
A000134,S03558,C009,2025-09-10,10,3,Low Attendance
A000135,S04489,C009,2025-05-23,15,15,Present
A000136,S06197,C050,2025-10-25,20,15,Present
A000137,S08855,C018,2025-10-01,10,0,Low Attendance
A000138,S01760,C014,2025-03-09,15,12,Present
A000139,S04715,C016,2025-08-14,25,24,Present
A000140,S13329,C013,2025-12-09,25,6,Low Attendance
A000141,S15332,C014,2025-06-18,10,3,Low Attendance
A000142,S08085,C006,2025-07-23,15,14,Present
A000143,S00343,C026,2025-03-18,10,7,Low Attendance
A000144,S13957,C027,2025-11-01,10,8,Present
A000145,S09585,C011,2025-07-25,30,29,Present
A000146,S00693,C042,2025-12-11,20,0,Low Attendance
A000147,S12757,C002,2025-04-02,25,11,Low Attendance
A000148,S01290,C046,2025-06-29,10,1,Low Attendance
A000149,S18237,C049,2025-06-26,25,7,Low Attendance
A000150,S19195,C036,2025-07-31,25,10,Low Attendance
A000151,S15835,C049,2025-10-13,25,7,Low Attendance
A000152,S06121,C021,2025-12-08,10,5,Low Attendance
A000153,S11028,C033,2025-07-22,10,5,Low Attendance
A000154,S06439,C036,2025-09-09,30,22,Low Attendance
A000155,S11269,C013,2025-10-05,25,9,Low Attendance
A000156,S12898,C033,2025-06-27,10,3,Low Attendance
A000157,S03610,C027,2025-04-26,25,25,Present
A000158,S07443,C022,2025-03-02,15,15,Present
A000159,S01106,C030,2025-06-08,10,1,Low Attendance
A000160,S14016,C006,2025-07-02,30,25,Present
A000161,S18080,C003,2025-07-20,30,23,Present
A000162,S13090,C009,2025-08-21,15,14,Present
A000163,S11309,C043,2025-05-01,15,2,Low Attendance
A000164,S10772,C014,2025-12-25,30,27,Present
A000165,S15851,C004,2025-11-30,15,6,Low Attendance
A000166,S18671,C007,2025-12-15,25,16,Low Attendance
A000167,S19533,C048,2025-11-20,20,4,Low Attendance
A000168,S02125,C031,2025-04-30,30,8,Low Attendance
A000169,S05620,C049,2025-12-06,20,0,Low Attendance
A000170,S17579,C036,2025-01-29,20,7,Low Attendance
A000171,S04963,C037,2025-06-24,15,11,Low Attendance
A000172,S04300,C020,2025-03-16,20,11,Low Attendance
A000173,S07641,C037,2025-11-06,25,24,Present
A000174,S06016,C024,2025-06-23,15,11,Low Attendance
A000175,S00148,C014,2025-05-13,30,17,Low Attendance
A000176,S14495,C021,2025-03-24,15,7,Low Attendance
A000177,S15499,C033,2025-10-14,10,10,Present
A000178,S10855,C034,2025-05-09,25,23,Present
A000179,S15042,C046,2025-12-08,30,8,Low Attendance
A000180,S04948,C040,2025-05-09,25,9,Low Attendance
A000181,S04785,C016,2025-09-12,25,0,Low Attendance
A000182,S12455,C027,2025-02-18,25,12,Low Attendance
A000183,S18393,C024,2025-03-01,10,7,Low Attendance
A000184,S06153,C011,2025-09-08,15,7,Low Attendance
A000185,S14191,C007,2025-01-05,10,2,Low Attendance
A000186,S00982,C005,2025-03-31,20,15,Present
A000187,S03975,C030,2025-09-27,20,11,Low Attendance
A000188,S10306,C049,2025-08-02,25,23,Present
A000189,S09883,C043,2025-12-19,10,7,Low Attendance
A000190,S16704,C004,2025-06-10,25,17,Low Attendance
A000191,S11150,C004,2025-03-03,15,15,Present
A000192,S07120,C014,2025-04-02,30,18,Low Attendance
A000193,S02859,C013,2025-02-10,20,16,Present
A000194,S19295,C005,2025-06-05,10,9,Present
A000195,S16593,C024,2025-01-20,10,1,Low Attendance
A000196,S17076,C008,2025-04-13,10,4,Low Attendance
A000197,S18720,C035,2025-09-05,20,18,Present
A000198,S03187,C035,2025-12-21,15,4,Low Attendance
A000199,S14545,C002,2025-06-02,20,12,Low Attendance
A000200,S15139,C011,2025-11-09,20,2,Low Attendance
A000201,S17975,C016,2025-01-20,30,17,Low Attendance
A000202,S05240,C036,2025-11-15,30,14,Low Attendance
A000203,S04227,C038,2025-11-06,25,4,Low Attendance
A000204,S17472,C015,2025-06-16,30,2,Low Attendance
A000205,S13913,C039,2025-05-17,15,10,Low Attendance
A000206,S17152,C039,2025-01-12,20,11,Low Attendance
A000207,S12364,C011,2025-07-28,20,4,Low Attendance
A000208,S19982,C007,2025-08-18,15,0,Low Attendance
A000209,S02121,C016,2025-04-29,30,7,Low Attendance
A000210,S17269,C027,2025-11-02,30,16,Low Attendance
A000211,S14069,C025,2025-07-16,20,3,Low Attendance
A000212,S04239,C040,2025-10-24,25,13,Low Attendance
A000213,S18640,C026,2025-02-07,20,12,Low Attendance
A000214,S10752,C029,2025-01-11,25,1,Low Attendance
A000215,S19479,C036,2025-06-07,25,15,Low Attendance
A000216,S02427,C020,2025-01-09,20,4,Low Attendance
A000217,S18971,C039,2025-08-07,10,0,Low Attendance
A000218,S17826,C026,2025-02-08,10,3,Low Attendance
A000219,S16850,C006,2025-10-23,25,18,Low Attendance
A000220,S01118,C006,2025-07-01,25,13,Low Attendance
A000221,S02892,C004,2025-02-19,25,18,Low Attendance
A000222,S04527,C039,2025-01-23,20,3,Low Attendance
A000223,S18597,C015,2025-04-03,25,22,Present
A000224,S05541,C013,2025-08-21,25,25,Present
A000225,S16348,C010,2025-04-08,20,6,Low Attendance
A000226,S11697,C011,2025-06-01,20,17,Present
A000227,S11527,C045,2025-07-04,30,15,Low Attendance
A000228,S15736,C007,2025-10-06,15,12,Present
A000229,S17061,C033,2025-11-08,30,30,Present
A000230,S18782,C033,2025-12-22,10,4,Low Attendance
A000231,S00584,C006,2025-02-04,30,12,Low Attendance
A000232,S14827,C021,2025-06-15,15,5,Low Attendance
A000233,S04452,C035,2025-02-26,10,3,Low Attendance
A000234,S07045,C030,2025-11-09,15,1,Low Attendance
A000235,S15227,C046,2025-06-25,10,1,Low Attendance
A000236,S06736,C030,2025-05-20,30,6,Low Attendance
A000237,S06023,C018,2025-08-13,30,13,Low Attendance
A000238,S02440,C010,2025-09-29,20,0,Low Attendance
A000239,S08748,C034,2025-01-17,25,21,Present
A000240,S04117,C015,2025-03-04,15,7,Low Attendance
A000241,S01218,C024,2025-06-11,25,20,Present
A000242,S05078,C004,2025-11-10,25,19,Present
A000243,S13577,C036,2025-06-08,10,5,Low Attendance
A000244,S08303,C020,2025-12-26,30,22,Low Attendance
A000245,S02442,C010,2025-08-29,25,22,Present
A000246,S01313,C013,2025-10-25,20,6,Low Attendance
A000247,S15419,C030,2025-06-27,15,6,Low Attendance
A000248,S16707,C029,2025-06-26,10,9,Present
A000249,S16190,C009,2025-03-17,15,10,Low Attendance
A000250,S17216,C021,2025-06-14,30,10,Low Attendance
A000251,S11975,C040,2025-06-19,25,25,Present
A000252,S15311,C002,2025-04-15,15,12,Present
A000253,S09586,C041,2025-03-29,15,11,Low Attendance
A000254,S07037,C034,2025-09-29,15,2,Low Attendance
A000255,S16248,C024,2025-07-01,25,6,Low Attendance
A000256,S14014,C011,2025-10-11,30,14,Low Attendance
A000257,S12734,C049,2025-06-02,25,25,Present
A000258,S05589,C040,2025-11-21,25,4,Low Attendance
A000259,S05063,C036,2025-01-28,30,11,Low Attendance
A000260,S07575,C012,2025-10-02,15,0,Low Attendance
A000261,S11288,C015,2025-02-16,10,2,Low Attendance
A000262,S10011,C050,2025-10-06,30,3,Low Attendance
A000263,S07463,C028,2025-11-02,10,8,Present
A000264,S04741,C041,2025-07-30,25,4,Low Attendance
A000265,S18903,C016,2025-01-29,25,10,Low Attendance
A000266,S01086,C021,2025-09-30,25,14,Low Attendance
A000267,S19932,C038,2025-09-10,25,8,Low Attendance
A000268,S01476,C026,2025-12-12,20,3,Low Attendance
A000269,S10275,C015,2025-03-28,20,11,Low Attendance
A000270,S16671,C048,2025-12-25,25,25,Present
A000271,S03958,C015,2025-08-18,25,19,Present
A000272,S15872,C025,2025-03-22,10,2,Low Attendance
A000273,S02100,C018,2025-01-27,20,14,Low Attendance
A000274,S06374,C032,2025-08-07,30,20,Low Attendance
A000275,S10034,C022,2025-10-15,25,1,Low Attendance
A000276,S09456,C013,2025-03-26,15,2,Low Attendance
A000277,S19578,C017,2025-08-24,15,0,Low Attendance
A000278,S05922,C006,2025-11-19,20,1,Low Attendance
A000279,S11251,C016,2025-11-20,25,5,Low Attendance
A000280,S07066,C007,2025-07-08,10,9,Present
A000281,S18392,C049,2025-12-19,20,13,Low Attendance
A000282,S11733,C015,2025-03-25,25,11,Low Attendance
A000283,S16498,C033,2025-06-01,25,22,Present
A000284,S15205,C026,2025-10-23,25,9,Low Attendance
A000285,S12318,C031,2025-06-11,30,8,Low Attendance
A000286,S09707,C010,2025-07-10,25,22,Present
A000287,S07025,C050,2025-04-02,15,6,Low Attendance
A000288,S02313,C025,2025-04-06,20,8,Low Attendance
A000289,S02783,C012,2025-07-02,25,19,Present
A000290,S18225,C022,2025-02-09,30,23,Present
A000291,S13547,C006,2025-05-29,25,13,Low Attendance
A000292,S02854,C002,2025-11-19,15,6,Low Attendance
A000293,S15240,C032,2025-07-14,20,4,Low Attendance
A000294,S17517,C027,2025-08-08,20,0,Low Attendance
A000295,S08691,C003,2025-03-29,10,10,Present
A000296,S00682,C022,2025-10-11,20,12,Low Attendance
A000297,S13866,C022,2025-04-02,10,2,Low Attendance
A000298,S14479,C044,2025-08-28,30,1,Low Attendance
A000299,S10418,C039,2025-09-10,30,11,Low Attendance
A000300,S05300,C017,2025-08-16,25,15,Low Attendance
A000301,S03165,C022,2025-06-12,10,7,Low Attendance
A000302,S16539,C039,2025-02-10,10,1,Low Attendance
A000303,S04514,C019,2025-02-06,25,21,Present
A000304,S07673,C001,2025-01-12,20,5,Low Attendance
A000305,S19501,C022,2025-10-05,25,18,Low Attendance
A000306,S18422,C008,2025-12-10,10,10,Present
A000307,S13090,C041,2025-12-22,15,11,Low Attendance
A000308,S01419,C032,2025-03-23,25,10,Low Attendance
A000309,S14479,C015,2025-11-04,30,7,Low Attendance
A000310,S11659,C035,2025-02-10,30,4,Low Attendance
A000311,S17291,C043,2025-07-20,15,1,Low Attendance
A000312,S09330,C017,2025-09-08,15,0,Low Attendance
A000313,S15026,C009,2025-11-24,10,8,Present
A000314,S05666,C039,2025-12-03,10,2,Low Attendance
A000315,S08048,C050,2025-05-14,20,1,Low Attendance
A000316,S16114,C041,2025-09-10,20,8,Low Attendance
A000317,S05022,C050,2025-03-01,15,11,Low Attendance
A000318,S09869,C017,2025-10-11,30,22,Low Attendance
A000319,S01772,C019,2025-07-09,10,0,Low Attendance
A000320,S12856,C046,2025-02-06,30,17,Low Attendance
A000321,S10077,C042,2025-03-06,30,10,Low Attendance
A000322,S13671,C039,2025-03-12,15,4,Low Attendance
A000323,S02279,C032,2025-11-25,15,4,Low Attendance
A000324,S14683,C036,2025-11-01,25,12,Low Attendance
A000325,S18441,C007,2025-07-25,15,2,Low Attendance
A000326,S14211,C013,2025-03-12,25,17,Low Attendance
A000327,S05951,C027,2025-10-03,30,8,Low Attendance
A000328,S08777,C003,2025-09-12,25,24,Present
A000329,S08005,C012,2025-04-02,20,6,Low Attendance
A000330,S12529,C009,2025-11-03,25,11,Low Attendance
A000331,S11342,C010,2025-04-10,30,30,Present
A000332,S10024,C023,2025-03-18,10,0,Low Attendance
A000333,S11086,C009,2025-09-18,10,1,Low Attendance
A000334,S19517,C044,2025-08-06,20,7,Low Attendance
A000335,S07363,C021,2025-10-19,30,25,Present
A000336,S14711,C006,2025-03-02,25,5,Low Attendance
A000337,S15057,C019,2025-04-05,20,7,Low Attendance
A000338,S07969,C044,2025-09-24,30,9,Low Attendance
A000339,S05916,C024,2025-07-15,30,17,Low Attendance
A000340,S14650,C025,2025-01-27,30,10,Low Attendance
A000341,S10369,C024,2025-02-01,25,6,Low Attendance
A000342,S01469,C020,2025-12-31,15,1,Low Attendance
A000343,S06357,C046,2025-10-07,20,8,Low Attendance
A000344,S09062,C003,2025-04-02,20,11,Low Attendance
A000345,S13947,C017,2025-08-17,15,12,Present
A000346,S04759,C035,2025-12-19,10,0,Low Attendance
A000347,S04374,C046,2025-12-10,20,4,Low Attendance
A000348,S14174,C028,2025-07-06,15,5,Low Attendance
A000349,S08390,C023,2025-11-14,10,2,Low Attendance
A000350,S07765,C014,2025-09-29,20,12,Low Attendance
A000351,S17242,C046,2025-06-28,30,22,Low Attendance
A000352,S11223,C003,2025-08-16,10,10,Present
A000353,S02562,C026,2025-05-15,30,30,Present
A000354,S04294,C036,2025-03-13,15,7,Low Attendance
A000355,S17872,C037,2025-01-28,25,13,Low Attendance
A000356,S03859,C023,2025-03-15,20,11,Low Attendance
A000357,S15472,C017,2025-02-05,15,2,Low Attendance
A000358,S06702,C023,2025-03-05,20,8,Low Attendance
A000359,S08384,C043,2025-05-30,20,8,Low Attendance
A000360,S01575,C047,2025-12-03,30,2,Low Attendance
A000361,S02306,C028,2025-08-31,20,13,Low Attendance
A000362,S08924,C017,2025-05-18,20,14,Low Attendance
A000363,S09930,C041,2025-02-04,25,3,Low Attendance
A000364,S07659,C029,2025-08-29,15,15,Present
A000365,S03701,C012,2025-09-27,10,3,Low Attendance
A000366,S08484,C015,2025-02-24,25,4,Low Attendance
A000367,S17355,C019,2025-05-01,25,17,Low Attendance
A000368,S08716,C049,2025-05-09,20,10,Low Attendance
A000369,S10512,C048,2025-08-19,25,8,Low Attendance
A000370,S13367,C023,2025-09-22,15,2,Low Attendance
A000371,S00166,C041,2025-09-02,15,4,Low Attendance
A000372,S18056,C028,2025-05-24,10,2,Low Attendance
A000373,S13213,C027,2025-03-13,30,25,Present
A000374,S15467,C030,2025-07-27,10,2,Low Attendance
A000375,S02728,C020,2025-02-05,25,3,Low Attendance
A000376,S05064,C013,2025-01-14,10,1,Low Attendance
A000377,S13140,C019,2025-01-08,25,20,Present
A000378,S13815,C012,2025-08-06,30,15,Low Attendance
A000379,S02176,C046,2025-04-28,15,0,Low Attendance
A000380,S06134,C006,2025-05-20,15,9,Low Attendance
A000381,S18527,C011,2025-02-03,30,17,Low Attendance
A000382,S07144,C023,2025-12-17,10,4,Low Attendance
A000383,S14352,C047,2025-12-24,20,7,Low Attendance
A000384,S06397,C023,2025-04-28,15,1,Low Attendance
A000385,S18854,C018,2025-07-25,25,5,Low Attendance
A000386,S08136,C035,2025-06-08,15,13,Present
A000387,S12856,C018,2025-08-06,25,1,Low Attendance
A000388,S11653,C049,2025-08-22,20,10,Low Attendance
A000389,S00621,C024,2025-05-07,10,10,Present
A000390,S11969,C001,2025-11-05,10,10,Present
A000391,S09224,C017,2025-05-25,15,8,Low Attendance
A000392,S07073,C050,2025-09-16,20,17,Present
A000393,S01896,C022,2025-06-22,25,7,Low Attendance
A000394,S12497,C007,2025-04-06,10,6,Low Attendance
A000395,S14477,C024,2025-03-12,10,3,Low Attendance
A000396,S14370,C011,2025-08-03,25,10,Low Attendance
A000397,S08492,C036,2025-12-18,25,22,Present
A000398,S11746,C027,2025-11-24,15,3,Low Attendance
A000399,S15251,C019,2025-04-21,10,4,Low Attendance
A000400,S08368,C018,2025-11-01,25,24,Present
A000401,S14867,C003,2025-03-04,25,18,Low Attendance
A000402,S17641,C006,2025-12-19,10,4,Low Attendance
A000403,S13230,C037,2025-06-09,10,0,Low Attendance
A000404,S09047,C003,2025-03-31,25,7,Low Attendance
A000405,S14658,C011,2025-06-08,10,0,Low Attendance
A000406,S13821,C034,2025-07-30,15,9,Low Attendance
A000407,S01061,C017,2025-05-17,20,19,Present
A000408,S07037,C044,2025-07-28,25,16,Low Attendance
A000409,S14403,C007,2025-08-21,15,10,Low Attendance
A000410,S00081,C035,2025-02-05,10,7,Low Attendance
A000411,S09409,C029,2025-10-17,10,5,Low Attendance
A000412,S01540,C050,2025-01-26,15,11,Low Attendance
A000413,S16281,C050,2025-09-27,20,3,Low Attendance
A000414,S14017,C034,2025-02-18,20,16,Present
A000415,S11697,C044,2025-03-14,15,4,Low Attendance
A000416,S02360,C024,2025-11-12,15,10,Low Attendance
A000417,S11443,C025,2025-01-04,25,24,Present
A000418,S07437,C009,2025-09-14,20,17,Present
A000419,S05731,C010,2025-05-08,20,9,Low Attendance
A000420,S09379,C002,2025-05-23,10,10,Present
A000421,S03797,C031,2025-07-12,20,14,Low Attendance
A000422,S14804,C002,2025-11-22,25,5,Low Attendance
A000423,S09405,C046,2025-07-15,10,7,Low Attendance
A000424,S05597,C014,2025-04-30,30,18,Low Attendance
A000425,S01052,C029,2025-10-25,20,7,Low Attendance
A000426,S15626,C004,2025-05-09,20,10,Low Attendance
A000427,S16701,C047,2025-08-04,15,15,Present
A000428,S19348,C049,2025-12-13,30,18,Low Attendance
A000429,S05626,C031,2025-03-22,20,10,Low Attendance
A000430,S08154,C029,2025-05-18,20,13,Low Attendance
A000431,S02723,C027,2025-03-28,30,1,Low Attendance
A000432,S09808,C034,2025-11-12,20,16,Present
A000433,S03218,C037,2025-03-11,20,8,Low Attendance
A000434,S02745,C020,2025-10-21,15,13,Present
A000435,S15364,C037,2025-12-23,25,4,Low Attendance
A000436,S02554,C023,2025-10-16,20,1,Low Attendance
A000437,S03072,C042,2025-11-26,25,19,Present
A000438,S06322,C010,2025-05-31,25,22,Present
A000439,S02251,C020,2025-10-01,30,25,Present
A000440,S12393,C020,2025-10-11,25,3,Low Attendance
A000441,S12703,C012,2025-04-04,20,8,Low Attendance
A000442,S13091,C032,2025-11-15,25,24,Present
A000443,S06567,C050,2025-02-11,20,8,Low Attendance
A000444,S08979,C014,2025-12-12,10,2,Low Attendance
A000445,S03022,C035,2025-10-14,10,9,Present
A000446,S01604,C011,2025-08-13,10,10,Present
A000447,S09361,C020,2025-07-15,15,12,Present
A000448,S17184,C032,2025-10-15,25,15,Low Attendance
A000449,S06817,C047,2025-05-04,20,9,Low Attendance
A000450,S09225,C012,2025-09-11,20,3,Low Attendance
A000451,S05010,C022,2025-01-26,25,6,Low Attendance
A000452,S01804,C011,2025-03-30,15,4,Low Attendance
A000453,S03207,C038,2025-08-06,15,3,Low Attendance
A000454,S14147,C019,2025-05-18,30,24,Present
A000455,S18803,C011,2025-12-12,15,11,Low Attendance
A000456,S13725,C026,2025-01-06,30,2,Low Attendance
A000457,S15389,C016,2025-04-25,10,5,Low Attendance
A000458,S07692,C004,2025-02-03,25,3,Low Attendance
A000459,S16104,C005,2025-05-10,25,7,Low Attendance
A000460,S01417,C043,2025-06-12,15,4,Low Attendance
A000461,S03309,C017,2025-09-02,10,7,Low Attendance
A000462,S12314,C046,2025-07-01,20,16,Present
A000463,S16248,C018,2025-10-10,30,11,Low Attendance
A000464,S13111,C006,2025-11-07,30,20,Low Attendance
A000465,S02818,C017,2025-08-01,30,4,Low Attendance
A000466,S14516,C004,2025-11-29,20,14,Low Attendance
A000467,S08775,C040,2025-06-15,20,17,Present
A000468,S09198,C029,2025-01-06,25,19,Present
A000469,S13065,C012,2025-05-08,25,17,Low Attendance
A000470,S04998,C042,2025-11-24,30,14,Low Attendance
A000471,S09903,C030,2025-01-01,15,14,Present
A000472,S11199,C012,2025-05-14,15,7,Low Attendance
A000473,S17598,C014,2025-06-19,10,8,Present
A000474,S04712,C038,2025-10-03,25,10,Low Attendance
A000475,S14463,C012,2025-01-01,20,11,Low Attendance
A000476,S13460,C033,2025-04-12,30,5,Low Attendance
A000477,S10365,C043,2025-01-06,30,18,Low Attendance
A000478,S13669,C025,2025-06-20,30,9,Low Attendance
A000479,S11864,C034,2025-11-12,15,15,Present
A000480,S15818,C015,2025-02-02,10,3,Low Attendance
A000481,S18308,C011,2025-10-02,25,15,Low Attendance
A000482,S07916,C039,2025-05-04,10,6,Low Attendance
A000483,S11322,C034,2025-03-16,15,4,Low Attendance
A000484,S19737,C043,2025-03-15,30,6,Low Attendance
A000485,S10242,C028,2025-03-26,20,13,Low Attendance
A000486,S15729,C019,2025-04-07,25,14,Low Attendance
A000487,S14861,C042,2025-04-25,15,13,Present
A000488,S10964,C041,2025-02-11,30,30,Present
A000489,S08743,C008,2025-08-29,15,14,Present
A000490,S12372,C027,2025-01-10,15,7,Low Attendance
A000491,S09861,C032,2025-10-14,20,8,Low Attendance
A000492,S15332,C023,2025-02-13,10,4,Low Attendance
A000493,S18195,C023,2025-05-03,15,10,Low Attendance
A000494,S10298,C012,2025-10-29,30,0,Low Attendance
A000495,S07289,C047,2025-09-08,30,0,Low Attendance
A000496,S02367,C015,2025-11-24,30,20,Low Attendance
A000497,S16189,C015,2025-10-28,25,1,Low Attendance
A000498,S11505,C023,2025-09-25,15,8,Low Attendance
A000499,S08221,C005,2025-10-09,10,4,Low Attendance
A000500,S14020,C025,2025-11-23,10,2,Low Attendance
A000501,S03563,C044,2025-08-09,30,28,Present
A000502,S14303,C038,2025-06-26,15,5,Low Attendance
A000503,S02206,C002,2025-07-13,20,19,Present
A000504,S13030,C007,2025-11-02,20,13,Low Attendance
A000505,S01240,C027,2025-07-02,20,0,Low Attendance
A000506,S02062,C017,2025-09-26,25,3,Low Attendance
A000507,S06522,C008,2025-11-27,15,5,Low Attendance
A000508,S10400,C046,2025-04-14,15,3,Low Attendance
A000509,S00283,C030,2025-11-22,20,0,Low Attendance
A000510,S02684,C009,2025-08-26,25,4,Low Attendance
A000511,S01535,C001,2025-08-11,20,17,Present
A000512,S00872,C049,2025-04-07,10,1,Low Attendance
A000513,S06234,C014,2025-05-02,20,2,Low Attendance
A000514,S09145,C011,2025-07-01,10,5,Low Attendance
A000515,S12319,C032,2025-10-20,15,4,Low Attendance
A000516,S15010,C037,2025-12-02,20,2,Low Attendance
A000517,S19420,C028,2025-04-29,10,4,Low Attendance
A000518,S07327,C026,2025-09-30,30,6,Low Attendance
A000519,S13107,C006,2025-02-24,10,6,Low Attendance
A000520,S19722,C002,2025-07-03,20,17,Present
A000521,S16873,C001,2025-12-08,20,0,Low Attendance
A000522,S10740,C047,2025-10-04,15,4,Low Attendance
A000523,S03355,C042,2025-09-16,10,9,Present
A000524,S17187,C007,2025-03-31,10,8,Present
A000525,S03522,C033,2025-08-30,25,12,Low Attendance
A000526,S10477,C042,2025-05-14,15,12,Present
A000527,S18278,C029,2025-10-18,25,3,Low Attendance
A000528,S12378,C024,2025-05-27,25,12,Low Attendance
A000529,S03433,C006,2025-01-27,20,2,Low Attendance
A000530,S10733,C007,2025-07-01,30,4,Low Attendance
A000531,S06913,C004,2025-09-04,20,10,Low Attendance
A000532,S10632,C017,2025-08-04,25,6,Low Attendance
A000533,S11888,C026,2025-11-13,20,15,Present
A000534,S13360,C048,2025-06-05,30,3,Low Attendance
A000535,S13942,C039,2025-06-24,30,11,Low Attendance
A000536,S03890,C017,2025-12-25,25,5,Low Attendance
A000537,S13813,C026,2025-02-17,25,16,Low Attendance
A000538,S18395,C030,2025-03-07,25,0,Low Attendance
A000539,S15344,C014,2025-11-21,25,9,Low Attendance
A000540,S09473,C029,2025-10-16,15,11,Low Attendance
A000541,S03172,C033,2025-10-24,30,23,Present
A000542,S11919,C039,2025-06-05,20,19,Present
A000543,S02683,C029,2025-06-13,25,19,Present
A000544,S04341,C007,2025-06-18,25,14,Low Attendance
A000545,S05610,C016,2025-12-10,30,30,Present
A000546,S19369,C040,2025-10-28,25,4,Low Attendance
A000547,S06253,C012,2025-12-15,10,8,Present
A000548,S15872,C031,2025-07-24,15,0,Low Attendance
A000549,S11713,C003,2025-03-18,30,6,Low Attendance
A000550,S15893,C008,2025-12-14,30,25,Present
A000551,S01428,C021,2025-11-19,15,11,Low Attendance
A000552,S05706,C042,2025-02-18,20,3,Low Attendance
A000553,S13452,C046,2025-05-17,25,7,Low Attendance
A000554,S03002,C045,2025-05-01,30,20,Low Attendance
A000555,S14550,C024,2025-08-14,15,15,Present
A000556,S02597,C023,2025-07-04,15,2,Low Attendance
A000557,S07966,C012,2025-09-28,20,14,Low Attendance
A000558,S14600,C027,2025-01-03,25,24,Present
A000559,S07145,C047,2025-08-09,15,10,Low Attendance
A000560,S01273,C016,2025-10-19,20,5,Low Attendance
A000561,S11203,C049,2025-05-02,30,20,Low Attendance
A000562,S18529,C027,2025-02-19,30,1,Low Attendance
A000563,S04329,C031,2025-10-15,20,9,Low Attendance
A000564,S11887,C018,2025-05-11,20,15,Present
A000565,S01983,C007,2025-06-04,15,11,Low Attendance
A000566,S13172,C012,2025-03-08,10,2,Low Attendance
A000567,S04141,C043,2025-08-23,15,13,Present
A000568,S00718,C016,2025-03-07,15,14,Present
A000569,S16097,C037,2025-02-21,25,10,Low Attendance
A000570,S00040,C035,2025-11-23,10,7,Low Attendance
A000571,S01427,C028,2025-03-10,20,18,Present
A000572,S16052,C003,2025-05-18,10,0,Low Attendance
A000573,S06217,C038,2025-03-03,10,4,Low Attendance
A000574,S15805,C031,2025-11-23,10,5,Low Attendance
A000575,S11868,C002,2025-02-23,15,6,Low Attendance
A000576,S03415,C002,2025-01-11,15,12,Present
A000577,S16408,C043,2025-05-29,25,8,Low Attendance
A000578,S19174,C007,2025-06-22,15,4,Low Attendance
A000579,S09901,C011,2025-12-14,30,29,Present
A000580,S18151,C049,2025-08-23,25,6,Low Attendance
A000581,S14825,C050,2025-11-23,25,14,Low Attendance
A000582,S00789,C009,2025-08-31,30,25,Present
A000583,S06229,C002,2025-02-20,30,26,Present
A000584,S07369,C007,2025-03-20,10,0,Low Attendance
A000585,S06136,C023,2025-08-28,30,27,Present
A000586,S03034,C043,2025-05-10,30,13,Low Attendance
A000587,S14741,C029,2025-02-27,30,25,
A000588,S16402,C002,2025-02-27,30,6,Low Attendance
A000589,S14683,C005,2025-02-20,20,8,Low Attendance
A000590,S14510,C004,2025-08-01,30,25,Present
A000591,S12225,C043,2025-02-15,10,0,Low Attendance
A000592,S12615,C009,2025-05-01,15,14,Present
A000593,S04659,C039,2025-11-18,10,6,Low Attendance
A000594,S13888,C043,2025-12-10,25,9,Low Attendance
A000595,S19897,C038,2025-09-29,25,22,Present
A000596,S01023,C049,2025-08-23,20,6,Low Attendance
A000597,S04570,C048,2025-11-17,30,10,Low Attendance
A000598,S01498,C010,2025-01-01,10,9,Present
A000599,S12952,C008,2025-05-31,25,1,Low Attendance
A000600,S00903,C004,2025-02-06,20,17,Present
A000601,S17389,C013,2025-01-02,15,12,Present
A000602,S02554,C046,2025-11-29,15,7,Low Attendance
A000603,S05421,C012,2025-10-19,30,17,Low Attendance
A000604,S18031,C019,2025-03-28,25,24,Present
A000605,S13536,C011,2025-08-23,20,2,Low Attendance
A000606,S08071,C015,2025-10-19,30,9,Low Attendance
A000607,S19404,C045,2025-05-18,30,4,Low Attendance
A000608,S05940,C030,2025-08-29,15,7,Low Attendance
A000609,S19854,C003,2025-01-24,25,19,
A000610,S01726,C037,2025-09-12,10,6,Low Attendance
A000611,S06002,C011,2025-07-16,10,4,Low Attendance
A000612,S08155,C002,2025-04-13,10,2,Low Attendance
A000613,S12458,C025,2025-08-27,30,12,Low Attendance
A000614,S12102,C037,2025-04-08,15,13,Present
A000615,S17232,C031,2025-09-09,10,1,Low Attendance
A000616,S05029,C012,2025-01-07,15,15,Present
A000617,S15590,C045,2025-06-09,15,8,Low Attendance
A000618,S07372,C036,2025-04-26,15,14,Present
A000619,S16391,C027,2025-11-29,25,18,Low Attendance
A000620,S08514,C013,2025-12-08,30,3,Low Attendance
A000621,S15166,C047,2025-12-14,10,0,Low Attendance
A000622,S11992,C028,2025-04-26,10,8,Present
A000623,S01837,C027,2025-07-21,10,7,Low Attendance
A000624,S14552,C020,2025-10-04,10,9,Present
A000625,S17222,C046,2025-12-15,30,23,Present
A000626,S05495,C039,2025-12-09,15,1,Low Attendance
A000627,S03422,C029,2025-08-09,25,11,Low Attendance
A000628,S12223,C022,2025-02-01,20,5,Low Attendance
A000629,S03534,C039,2025-06-06,20,3,Low Attendance
A000630,S05646,C024,2025-06-08,20,6,Low Attendance
A000631,S06582,C048,2025-10-19,25,3,Low Attendance
A000632,S02575,C036,2025-05-03,30,27,Present
A000633,S03723,C050,2025-03-10,25,12,Low Attendance
A000634,S10188,C001,2025-01-25,15,9,Low Attendance
A000635,S15660,C048,2025-02-17,20,8,Low Attendance
A000636,S18139,C001,2025-12-08,15,14,Present
A000637,S14113,C021,2025-02-24,10,7,Low Attendance
A000638,S09038,C006,2025-09-04,10,6,Low Attendance
A000639,S00331,C011,2025-03-14,15,12,Present
A000640,S08325,C021,2025-03-25,25,20,Present
A000641,S09040,C013,2025-08-11,20,19,Present
A000642,S03553,C042,2025-03-29,30,15,Low Attendance
A000643,S11903,C018,2025-08-10,30,2,Low Attendance
A000644,S09149,C030,2025-08-31,20,3,Low Attendance
A000645,S09111,C044,2025-10-09,15,13,Present
A000646,S09562,C021,2025-11-20,10,7,Low Attendance
A000647,S17680,C012,2025-08-02,30,23,Present
A000648,S03694,C019,2025-01-11,20,19,Present
A000649,S01098,C042,2025-01-19,15,9,Low Attendance
A000650,S19709,C023,2025-08-23,15,11,Low Attendance
A000651,S18998,C015,2025-03-30,25,23,Present
A000652,S02549,C029,2025-12-07,15,8,Low Attendance
A000653,S19136,C028,2025-12-22,30,21,Low Attendance
A000654,S19586,C021,2025-11-11,15,3,Low Attendance
A000655,S00556,C017,2025-01-13,10,5,Low Attendance
A000656,S02264,C039,2025-12-14,10,10,Present
A000657,S09988,C002,2025-12-05,25,4,Low Attendance
A000658,S03981,C048,2025-04-27,30,4,Low Attendance
A000659,S18574,C038,2025-09-30,30,9,Low Attendance
A000660,S15336,C049,2025-12-24,25,13,Low Attendance
A000661,S15097,C038,2025-11-19,10,8,Present
A000662,S19525,C002,2025-08-30,15,4,Low Attendance
A000663,S15572,C041,2025-02-13,10,8,Present
A000664,S08610,C025,2025-03-31,20,5,Low Attendance
A000665,S08192,C010,2025-07-30,30,12,Low Attendance
A000666,S18244,C007,2025-07-18,20,20,Present
A000667,S05084,C025,2025-06-30,15,11,Low Attendance
A000668,S02593,C029,2025-04-14,20,7,Low Attendance
A000669,S05583,C036,2025-12-11,10,8,Present
A000670,S03947,C044,2025-11-18,25,11,Low Attendance
A000671,S01660,C043,2025-10-18,25,24,Present
A000672,S09105,C039,2025-04-18,10,2,Low Attendance
A000673,S12717,C034,2025-02-17,10,8,Present
A000674,S13587,C015,2025-07-11,25,15,Low Attendance
A000675,S00883,C008,2025-01-13,10,2,Low Attendance
A000676,S19923,C018,2025-05-09,25,3,Low Attendance
A000677,S19541,C002,2025-01-01,30,24,Present
A000678,S18519,C030,2025-05-23,15,12,Present
A000679,S01319,C001,2025-03-21,25,14,Low Attendance
A000680,S10141,C029,2025-06-02,20,10,Low Attendance
A000681,S19484,C016,2025-05-12,20,4,Low Attendance
A000682,S12594,C029,2025-03-16,10,10,Present
A000683,S19204,C026,2025-04-11,10,4,Low Attendance
A000684,S14986,C036,2025-10-09,15,6,Low Attendance
A000685,S14469,C046,2025-05-24,25,9,Low Attendance
A000686,S04768,C013,2025-12-17,10,8,Present
A000687,S18040,C011,2025-12-03,30,1,Low Attendance
A000688,S15439,C050,2025-06-24,15,4,Low Attendance
A000689,S11534,C047,2025-03-29,25,24,Present
A000690,S11093,C038,2025-07-26,10,9,Present
A000691,S04250,C045,2025-03-06,15,6,Low Attendance
A000692,S02699,C013,2025-06-02,10,4,Low Attendance
A000693,S09100,C043,2025-04-02,25,3,Low Attendance
A000694,S14239,C010,2025-10-31,10,2,Low Attendance
A000695,S03308,C006,2025-02-17,30,17,Low Attendance
A000696,S01127,C028,2025-02-26,25,1,Low Attendance
A000697,S17610,C034,2025-06-27,10,9,Present
A000698,S12522,C034,2025-09-13,15,11,Low Attendance
A000699,S05718,C010,2025-09-15,15,12,Present
A000700,S02759,C002,2025-10-05,25,19,Present
A000701,S11801,C028,2025-04-25,15,8,Low Attendance
A000702,S08971,C046,2025-11-05,15,15,Present
A000703,S07811,C029,2025-10-23,30,10,Low Attendance
A000704,S04504,C044,2025-10-15,20,12,Low Attendance
A000705,S06758,C025,2025-10-03,15,5,Low Attendance
A000706,S17213,C043,2025-02-27,25,13,Low Attendance
A000707,S19850,C017,2025-10-04,30,27,Present
A000708,S16872,C028,2025-02-20,15,5,Low Attendance
A000709,S14704,C028,2025-12-08,10,5,Low Attendance
A000710,S01128,C012,2025-01-01,25,17,Low Attendance
A000711,S00307,C021,2025-04-05,30,7,Low Attendance
A000712,S04869,C044,2025-06-25,15,7,Low Attendance
A000713,S14422,C040,2025-12-13,15,8,Low Attendance
A000714,S01499,C036,2025-03-30,10,8,Present
A000715,S14260,C005,2025-04-03,10,7,Low Attendance
A000716,S04963,C029,2025-06-06,30,27,Present
A000717,S07828,C043,2025-01-09,20,10,Low Attendance
A000718,S10992,C016,2025-06-02,15,13,Present
A000719,S05794,C012,2025-04-25,10,0,Low Attendance
A000720,S10885,C011,2025-09-26,15,11,Low Attendance
A000721,S06006,C038,2025-03-04,10,3,Low Attendance
A000722,S07283,C009,2025-06-11,25,11,Low Attendance
A000723,S01914,C013,2025-05-01,20,5,Low Attendance
A000724,S02544,C003,2025-10-17,15,3,Low Attendance
A000725,S18473,C032,2025-03-28,15,12,Present
A000726,S01402,C020,2025-10-08,15,1,Low Attendance
A000727,S01626,C015,2025-05-31,30,11,Low Attendance
A000728,S19158,C034,2025-06-15,30,27,Present
A000729,S08725,C041,2025-04-21,10,2,Low Attendance
A000730,S10993,C003,2025-02-08,10,5,Low Attendance
A000731,S07908,C036,2025-02-16,30,13,Low Attendance
A000732,S07888,C036,2025-07-05,10,2,Low Attendance
A000733,S12437,C012,2025-04-09,20,16,Present
A000734,S07998,C007,2025-01-17,25,24,Present
A000735,S10254,C042,2025-08-28,30,12,Low Attendance
A000736,S13358,C032,2025-06-28,15,7,Low Attendance
A000737,S10883,C003,2025-07-15,10,8,Present
A000738,S02140,C028,2025-09-09,10,2,Low Attendance
A000739,S10809,C044,2025-08-30,10,0,Low Attendance
A000740,S18293,C042,2025-01-07,25,24,Present
A000741,S15273,C004,2025-03-29,25,20,Present
A000742,S02933,C011,2025-10-11,20,5,Low Attendance
A000743,S10912,C038,2025-01-29,20,11,Low Attendance
A000744,S15941,C017,2025-08-20,25,6,Low Attendance
A000745,S05611,C016,2025-06-29,10,0,Low Attendance
A000746,S07307,C046,2025-06-09,25,3,Low Attendance
A000747,S15311,C041,2025-05-23,30,11,Low Attendance
A000748,S15434,C048,2025-07-20,20,0,Low Attendance
A000749,S11832,C011,2025-07-17,10,3,Low Attendance
A000750,S09387,C015,2025-09-23,15,0,Low Attendance
A000751,S04122,C028,2025-07-27,15,14,Present
A000752,S02258,C044,2025-03-20,10,9,Present
A000753,S05812,C024,2025-08-16,30,7,Low Attendance
A000754,S19220,C028,2025-11-28,15,14,Present
A000755,S13386,C046,2025-03-09,10,7,Low Attendance
A000756,S06729,C011,2025-03-30,10,4,Low Attendance
A000757,S00763,C034,2025-02-26,15,8,Low Attendance
A000758,S09122,C010,2025-09-20,30,17,Low Attendance
A000759,S18986,C050,2025-06-19,15,10,Low Attendance
A000760,S12502,C037,2025-05-25,25,16,Low Attendance
A000761,S11325,C009,2025-10-24,20,20,Present
A000762,S05081,C050,2025-07-24,30,20,Low Attendance
A000763,S00592,C011,2025-06-23,15,11,Low Attendance
A000764,S05140,C040,2025-01-24,25,7,Low Attendance
A000765,S13937,C036,2025-01-18,25,16,Low Attendance
A000766,S09717,C036,2025-10-24,15,7,Low Attendance
A000767,S05979,C014,2025-12-10,15,0,Low Attendance
A000768,S06335,C035,2025-09-24,15,9,Low Attendance
A000769,S00330,C050,2025-08-18,15,1,Low Attendance
A000770,S12619,C001,2025-10-19,10,5,Low Attendance
A000771,S12334,C048,2025-01-31,15,3,Low Attendance
A000772,S06210,C034,2025-02-20,25,18,Low Attendance
A000773,S19659,C003,2025-08-10,15,15,Present
A000774,S10384,C016,2025-11-28,20,15,Present
A000775,S11598,C040,2025-12-14,10,9,Present
A000776,S00910,C028,2025-10-28,30,10,Low Attendance
A000777,S11121,C035,2025-11-05,25,9,Low Attendance
A000778,S18718,C011,2025-04-14,10,10,Present
A000779,S04406,C006,2025-05-29,10,5,Low Attendance
A000780,S00939,C020,2025-11-20,25,16,Low Attendance
A000781,S07889,C012,2025-07-11,30,20,Low Attendance
A000782,S16232,C045,2025-10-31,25,5,Low Attendance
A000783,S16221,C040,2025-03-07,10,2,Low Attendance
A000784,S03669,C033,2025-11-03,25,12,Low Attendance
A000785,S04917,C043,2025-01-01,30,20,Low Attendance
A000786,S18530,C020,2025-08-13,20,9,Low Attendance
A000787,S15367,C048,2025-09-16,15,8,Low Attendance
A000788,S05679,C001,2025-04-28,30,11,Low Attendance
A000789,S17435,C007,2025-07-05,30,30,Present
A000790,S13709,C049,2025-06-08,10,8,Present
A000791,S13931,C027,2025-06-29,20,7,Low Attendance
A000792,S07475,C001,2025-06-12,25,15,Low Attendance
A000793,S01588,C017,2025-05-21,30,27,Present
A000794,S10216,C003,2025-05-11,25,12,Low Attendance
A000795,S03367,C030,2025-04-27,15,0,Low Attendance
A000796,S04774,C012,2025-10-26,20,0,Low Attendance
A000797,S12535,C032,2025-12-06,30,0,Low Attendance
A000798,S17764,C022,2025-08-31,10,10,Present
A000799,S15607,C050,2025-03-19,30,30,Present
A000800,S07314,C002,2025-01-24,20,1,Low Attendance
A000801,S10405,C041,2025-03-31,10,7,Low Attendance
A000802,S02202,C033,2025-11-19,30,1,Low Attendance
A000803,S09647,C034,2025-11-27,10,8,Present
A000804,S11289,C006,2025-06-29,25,17,Low Attendance
A000805,S11096,C022,2025-03-08,10,7,Low Attendance
A000806,S10006,C001,2025-02-20,20,6,Low Attendance
A000807,S11488,C038,2025-04-01,25,18,Low Attendance
A000808,S01267,C034,2025-06-14,30,25,Present
A000809,S09057,C046,2025-02-19,20,10,Low Attendance
A000810,S13277,C048,2025-06-01,10,7,Low Attendance
A000811,S12865,C008,2025-04-02,10,1,Low Attendance
A000812,S17190,C001,2025-07-17,30,6,Low Attendance
A000813,S14252,C026,2025-11-12,20,3,Low Attendance
A000814,S07130,C044,2025-12-17,25,4,Low Attendance
A000815,S17866,C031,2025-02-22,10,1,Low Attendance
A000816,S19169,C044,2025-10-18,10,2,Low Attendance
A000817,S03884,C014,2025-04-28,20,3,Low Attendance
A000818,S06843,C026,2025-08-11,15,1,Low Attendance
A000819,S08711,C046,2025-07-26,25,18,Low Attendance
A000820,S10081,C036,2025-01-21,30,16,Low Attendance
A000821,S02006,C028,2025-12-04,25,2,Low Attendance
A000822,S11140,C020,2025-09-07,25,22,Present
A000823,S01872,C049,2025-05-22,10,5,Low Attendance
A000824,S15891,C039,2025-09-26,10,2,Low Attendance
A000825,S09811,C016,2025-11-25,15,9,Low Attendance
A000826,S00265,C050,2025-09-14,25,19,Present
A000827,S17553,C039,2025-09-05,10,7,Low Attendance
A000828,S14107,C037,2025-07-13,30,29,Present
A000829,S07607,C011,2025-08-11,15,9,Low Attendance
A000830,S09634,C010,2025-07-22,25,8,Low Attendance
A000831,S06788,C033,2025-05-15,25,17,Low Attendance
A000832,S03302,C037,2025-05-30,30,11,Low Attendance
A000833,S01285,C033,2025-03-15,20,13,Low Attendance
A000834,S06145,C041,2025-01-09,25,24,Present
A000835,S16467,C050,2025-05-25,10,9,Present
A000836,S10723,C027,2025-09-12,20,6,Low Attendance
A000837,S06552,C032,2025-09-21,15,14,Present
A000838,S12152,C008,2025-05-02,10,0,Low Attendance
A000839,S04150,C035,2025-08-12,10,5,Low Attendance
A000840,S07917,C018,2025-12-27,30,23,Present
A000841,S14752,C031,2025-10-29,20,18,Present
A000842,S16318,C023,2025-01-04,25,18,Low Attendance
A000843,S03482,C045,2025-01-30,30,15,Low Attendance
A000844,S07222,C046,2025-05-15,20,10,Low Attendance
A000845,S15922,C009,2025-02-25,15,9,Low Attendance
A000846,S04608,C004,2025-02-19,10,3,Low Attendance
A000847,S10774,C026,2025-04-17,10,6,Low Attendance
A000848,S00234,C003,2025-04-13,15,14,Present
A000849,S19266,C046,2025-11-15,20,6,Low Attendance
A000850,S01016,C031,2025-10-22,20,18,Present
A000851,S05347,C021,2025-07-26,15,5,Low Attendance
A000852,S15547,C010,2025-07-01,20,19,Present
A000853,S10232,C007,2025-03-01,20,16,Present
A000854,S07870,C049,2025-08-16,15,8,Low Attendance
A000855,S13144,C029,2025-02-07,25,13,Low Attendance
A000856,S11560,C027,2025-06-16,20,15,Present
A000857,S11857,C006,2025-11-23,20,19,Present
A000858,S12145,C049,2025-07-04,20,14,Low Attendance
A000859,S10340,C011,2025-04-03,20,18,Present
A000860,S19745,C004,2025-09-14,25,22,Present
A000861,S09296,C017,2025-06-20,30,9,Low Attendance
A000862,S14821,C010,2025-03-23,10,0,Low Attendance
A000863,S17812,C041,2025-12-24,20,10,Low Attendance
A000864,S10817,C001,2025-10-21,10,2,Low Attendance
A000865,S13547,C045,2025-01-11,30,21,Low Attendance
A000866,S04311,C036,2025-10-16,15,3,Low Attendance
A000867,S07763,C016,2025-09-18,20,20,Present
A000868,S02863,C034,2025-11-22,25,15,Low Attendance
A000869,S15266,C040,2025-10-01,15,8,Low Attendance
A000870,S03064,C012,2025-01-23,25,21,Present
A000871,S15801,C016,2025-12-16,20,12,Low Attendance
A000872,S19050,C017,2025-08-23,15,0,Low Attendance
A000873,S10038,C001,2025-12-12,20,10,Low Attendance
A000874,S04596,C023,2025-12-26,20,8,Low Attendance
A000875,S06917,C019,2025-10-27,25,0,Low Attendance
A000876,S02152,C021,2025-11-05,30,12,Low Attendance
A000877,S06604,C032,2025-07-02,10,1,Low Attendance
A000878,S12188,C032,2025-04-27,15,12,Present
A000879,S11077,C004,2025-12-06,20,8,Low Attendance
A000880,S17572,C008,2025-09-08,20,4,Low Attendance
A000881,S13697,C004,2025-05-31,20,19,Present
A000882,S02885,C015,2025-03-11,10,4,Low Attendance
A000883,S11177,C034,2025-09-29,30,11,Low Attendance
A000884,S03729,C030,2025-01-12,30,15,Low Attendance
A000885,S01603,C031,2025-06-01,15,9,Low Attendance
A000886,S03402,C046,2025-05-01,20,9,Low Attendance
A000887,S05485,C021,2025-08-29,30,12,Low Attendance
A000888,S06047,C043,2025-10-16,30,7,Low Attendance
A000889,S19888,C046,2025-12-27,20,14,Low Attendance
A000890,S16682,C030,2025-05-09,25,15,Low Attendance
A000891,S12952,C045,2025-06-05,20,6,Low Attendance
A000892,S15687,C010,2025-04-27,30,12,Low Attendance
A000893,S13195,C003,2025-08-03,30,5,Low Attendance
A000894,S07268,C024,2025-12-21,25,16,Low Attendance
A000895,S19740,C010,2025-10-01,10,0,Low Attendance
A000896,S09164,C009,2025-05-12,15,14,Present
A000897,S19035,C003,2025-04-01,30,16,Low Attendance
A000898,S16839,C040,2025-02-07,10,4,Low Attendance
A000899,S08060,C031,2025-10-21,25,8,Low Attendance
A000900,S11459,C028,2025-08-21,30,12,Low Attendance
A000901,S08908,C038,2025-10-07,20,18,Present
A000902,S05153,C034,2025-09-29,15,8,Low Attendance
A000903,S16459,C040,2025-09-03,30,14,Low Attendance
A000904,S09123,C013,2025-01-20,30,3,Low Attendance
A000905,S15480,C050,2025-11-23,25,22,Present
A000906,S18413,C049,2025-09-17,20,14,Low Attendance
A000907,S02251,C002,2025-09-10,30,13,Low Attendance
A000908,S09157,C017,2025-10-18,25,24,Present
A000909,S03931,C038,2025-10-09,25,9,Low Attendance
A000910,S04203,C025,2025-11-18,10,2,Low Attendance
A000911,S19737,C023,2025-01-27,15,5,Low Attendance
A000912,S19126,C010,2025-08-07,30,0,Low Attendance
A000913,S07316,C046,2025-03-22,10,6,Low Attendance
A000914,S02363,C038,2025-08-06,20,0,
A000915,S02556,C011,2025-11-16,20,3,Low Attendance
A000916,S12210,C008,2025-05-08,15,14,Present
A000917,S05915,C007,2025-06-11,15,7,Low Attendance
A000918,S12476,C032,2025-09-12,20,16,Present
A000919,S16656,C043,2025-08-24,30,29,Present
A000920,S11883,C023,2025-04-28,30,27,Present
A000921,S01957,C025,2025-08-11,20,11,Low Attendance
A000922,S19586,C014,2025-03-30,25,24,Present
A000923,S16098,C032,2025-12-02,20,9,Low Attendance
A000924,S10359,C048,2025-09-12,15,9,Low Attendance
A000925,S18436,C015,2025-08-24,10,7,Low Attendance
A000926,S01393,C049,2025-01-30,10,8,Present
A000927,S01949,C031,2025-04-16,20,9,Low Attendance
A000928,S08668,C034,2025-06-28,30,1,Low Attendance
A000929,S04759,C047,2025-11-01,25,10,Low Attendance
A000930,S04005,C018,2025-12-08,30,9,Low Attendance
A000931,S07756,C034,2025-06-21,30,1,Low Attendance
A000932,S04654,C012,2025-09-20,20,12,Low Attendance
A000933,S05872,C028,2025-03-09,15,1,Low Attendance
A000934,S18241,C038,2025-02-22,20,12,Low Attendance
A000935,S02137,C018,2025-06-02,15,9,Low Attendance
A000936,S13732,C035,2025-09-13,15,13,Present
A000937,S05448,C018,2025-01-10,15,9,Low Attendance
A000938,S06971,C027,2025-02-08,30,3,Low Attendance
A000939,S10218,C038,2025-12-31,10,0,Low Attendance
A000940,S05288,C024,2025-10-02,10,0,Low Attendance
A000941,S11316,C025,2025-08-11,20,2,Low Attendance
A000942,S18534,C024,2025-04-30,20,10,Low Attendance
A000943,S08024,C026,2025-04-10,20,2,Low Attendance
A000944,S10964,C032,2025-06-20,25,22,Present
A000945,S00647,C039,2025-03-07,30,13,Low Attendance
A000946,S06527,C028,2025-07-30,15,13,Present
A000947,S05468,C018,2025-06-18,20,18,Present
A000948,S05904,C020,2025-07-21,10,6,Low Attendance
A000949,S05433,C040,2025-11-11,10,4,Low Attendance
A000950,S14568,C046,2025-10-01,25,16,Low Attendance
A000951,S12233,C046,2025-08-02,25,20,Present
A000952,S18611,C034,2025-06-21,10,10,Present
A000953,S17384,C017,2025-09-04,10,5,Low Attendance
A000954,S18542,C017,2025-02-14,30,13,Low Attendance
A000955,S17274,C006,2025-08-30,25,13,Low Attendance
A000956,S00324,C025,2025-05-09,15,6,Low Attendance
A000957,S02375,C037,2025-04-28,10,4,Low Attendance
A000958,S07226,C043,2025-04-29,25,17,Low Attendance
A000959,S03347,C043,2025-10-03,20,10,Low Attendance
A000960,S00410,C005,2025-11-07,10,3,Low Attendance
A000961,S13330,C012,2025-08-17,15,11,Low Attendance
A000962,S10908,C045,2025-02-20,20,14,Low Attendance
A000963,S15348,C021,2025-07-23,30,27,Present
A000964,S08074,C022,2025-12-26,30,5,Low Attendance
A000965,S12277,C023,2025-07-08,20,7,Low Attendance
A000966,S11395,C030,2025-06-12,20,1,Low Attendance
A000967,S08529,C007,2025-06-08,10,2,Low Attendance
A000968,S01902,C015,2025-12-29,10,7,Low Attendance
A000969,S12390,C001,2025-01-14,10,0,Low Attendance
A000970,S00662,C015,2025-10-19,15,0,Low Attendance
A000971,S00590,C007,2025-11-16,25,15,Low Attendance
A000972,S06975,C030,2025-07-06,10,2,Low Attendance
A000973,S09495,C015,2025-04-01,20,8,Low Attendance
A000974,S16457,C004,2025-12-15,10,8,Present
A000975,S06973,C031,2025-01-27,20,5,Low Attendance
A000976,S16460,C042,2025-09-21,30,14,Low Attendance
A000977,S06854,C004,2025-04-08,10,3,Low Attendance
A000978,S13928,C009,2025-04-19,30,27,Present
A000979,S18819,C037,2025-02-20,15,10,Low Attendance
A000980,S05579,C018,2025-07-29,10,1,Low Attendance
A000981,S13183,C007,2025-01-16,30,29,Present
A000982,S08570,C039,2025-11-14,15,15,Present
A000983,S12642,C019,2025-07-01,25,5,Low Attendance
A000984,S18425,C015,2025-05-22,10,0,Low Attendance
A000985,S13988,C007,2025-03-28,15,8,Low Attendance
A000986,S18448,C018,2025-09-03,30,27,Present
A000987,S16658,C039,2025-03-18,25,6,Low Attendance
A000988,S06142,C016,2025-10-03,30,3,Low Attendance
A000989,S16764,C040,2025-09-20,10,2,Low Attendance
A000990,S05454,C036,2025-05-24,15,7,Low Attendance
A000991,S09991,C007,2025-07-02,15,10,Low Attendance
A000992,S03213,C029,2025-10-14,25,20,Present
A000993,S12342,C033,2025-03-17,10,0,Low Attendance
A000994,S06771,C021,2025-03-28,15,0,Low Attendance
A000995,S17466,C045,2025-09-08,25,2,Low Attendance
A000996,S07457,C042,2025-08-28,10,10,Present
A000997,S13662,C032,2025-06-15,10,7,Low Attendance
A000998,S08121,C006,2025-05-04,30,13,Low Attendance
A000999,S11325,C042,2025-05-27,30,1,Low Attendance
A001000,S16244,C032,2025-12-24,10,7,Low Attendance
A001001,S04128,C024,2025-10-16,10,5,Low Attendance
A001002,S15374,C047,2025-11-01,10,0,Low Attendance
A001003,S02698,C014,2025-07-01,10,10,Present
A001004,S00571,C040,2025-10-07,20,19,Present
A001005,S18101,C025,2025-06-04,15,15,Present
A001006,S15805,C047,2025-01-24,25,0,Low Attendance
A001007,S14734,C016,2025-03-26,15,9,Low Attendance
A001008,S12299,C018,2025-05-30,10,9,Present
A001009,S05102,C046,2025-12-17,15,0,Low Attendance
A001010,S08026,C005,2025-08-07,30,15,Low Attendance
A001011,S06334,C027,2025-09-08,30,10,Low Attendance
A001012,S16455,C002,2025-09-15,10,4,Low Attendance
A001013,S00729,C009,2025-11-13,10,0,Low Attendance
A001014,S12235,C020,2025-01-09,30,6,Low Attendance
A001015,S15012,C005,2025-02-16,25,3,Low Attendance
A001016,S17793,C036,2025-10-05,15,7,Low Attendance
A001017,S02771,C039,2025-10-02,20,12,Low Attendance
A001018,S19229,C049,2025-09-20,30,21,Low Attendance
A001019,S00495,C021,2025-05-27,30,9,Low Attendance
A001020,S11005,C038,2025-10-05,10,2,Low Attendance
A001021,S19347,C001,2025-03-25,10,4,Low Attendance
A001022,S09531,C003,2025-10-26,25,7,Low Attendance
A001023,S09919,C045,2025-11-03,25,1,Low Attendance
A001024,S09822,C021,2025-07-08,10,6,Low Attendance
A001025,S06273,C023,2025-10-15,30,12,Low Attendance
A001026,S06029,C011,2025-09-03,25,7,Low Attendance
A001027,S03353,C027,2025-12-27,30,13,Low Attendance
A001028,S18312,C035,2025-05-23,10,2,Low Attendance
A001029,S11611,C003,2025-11-01,25,13,Low Attendance
A001030,S13687,C018,2025-10-09,15,8,Low Attendance
A001031,S13577,C034,2025-01-29,30,2,Low Attendance
A001032,S05256,C019,2025-08-17,10,6,Low Attendance
A001033,S13965,C023,2025-07-29,20,6,Low Attendance
A001034,S12795,C021,2025-03-04,10,6,Low Attendance
A001035,S00547,C010,2025-05-26,10,6,Low Attendance
A001036,S15452,C042,2025-10-23,25,10,Low Attendance
A001037,S13616,C037,2025-12-02,25,9,Low Attendance
A001038,S07191,C037,2025-11-03,20,2,Low Attendance
A001039,S02934,C037,2025-12-07,20,1,Low Attendance
A001040,S12225,C042,2025-05-31,15,6,Low Attendance
A001041,S06925,C016,2025-04-24,30,11,Low Attendance
A001042,S03337,C018,2025-10-26,15,2,Low Attendance
A001043,S16382,C042,2025-12-12,20,1,Low Attendance
A001044,S01593,C013,2025-12-17,30,7,Low Attendance
A001045,S00621,C021,2025-01-04,25,13,Low Attendance
A001046,S10856,C016,2025-12-14,25,3,Low Attendance
A001047,S12983,C007,2025-08-03,10,8,Present
A001048,S12529,C001,2025-05-09,20,11,Low Attendance
A001049,S15262,C033,2025-05-26,15,7,Low Attendance
A001050,S11511,C004,2025-09-14,15,12,Present
A001051,S07503,C005,2025-07-22,10,2,Low Attendance
A001052,S18595,C018,2025-10-06,25,0,
A001053,S19452,C019,2025-03-30,25,10,Low Attendance
A001054,S13593,C048,2025-05-16,15,10,Low Attendance
A001055,S07545,C023,2025-02-02,15,14,Present
A001056,S12123,C033,2025-04-17,15,1,Low Attendance
A001057,S02017,C012,2025-11-03,30,11,Low Attendance
A001058,S04584,C017,2025-08-05,20,12,Low Attendance
A001059,S12839,C006,2025-03-23,10,6,Low Attendance
A001060,S17529,C045,2025-07-26,30,23,Present
A001061,S03289,C005,2025-07-28,25,4,Low Attendance
A001062,S08624,C020,2025-11-16,25,7,Low Attendance
A001063,S06659,C009,2025-07-12,25,5,Low Attendance
A001064,S17401,C014,2025-01-08,30,30,Present
A001065,S16465,C047,2025-09-23,25,3,Low Attendance
A001066,S15976,C030,2025-06-12,30,27,Present
A001067,S16030,C042,2025-02-11,30,17,Low Attendance
A001068,S16577,C045,2025-10-03,20,18,Present
A001069,S15687,C024,2025-05-04,10,7,Low Attendance
A001070,S08138,C018,2025-10-26,20,10,Low Attendance
A001071,S11508,C046,2025-09-10,20,12,Low Attendance
A001072,S18544,C028,2025-02-24,15,1,Low Attendance
A001073,S19042,C036,2025-12-16,15,9,Low Attendance
A001074,S04924,C026,2025-06-05,25,11,Low Attendance
A001075,S02082,C008,2025-02-10,20,17,Present
A001076,S15434,C016,2025-04-11,20,13,Low Attendance
A001077,S07148,C017,2025-11-26,30,18,Low Attendance
A001078,S18217,C045,2025-09-01,30,28,Present
A001079,S03214,C009,2025-07-12,30,25,Present
A001080,S14424,C044,2025-03-28,20,6,Low Attendance
A001081,S14869,C047,2025-09-15,15,5,Low Attendance
A001082,S17288,C041,2025-07-17,25,3,Low Attendance
A001083,S13182,C045,2025-10-07,15,2,Low Attendance
A001084,S08995,C010,2025-01-07,20,14,Low Attendance
A001085,S01778,C045,2025-06-10,20,12,Low Attendance
A001086,S02422,C050,2025-08-19,10,10,Present
A001087,S05123,C044,2025-08-25,20,0,Low Attendance
A001088,S11555,C045,2025-07-07,15,10,Low Attendance
A001089,S15467,C017,2025-02-28,10,8,Present
A001090,S02000,C048,2025-12-06,15,0,Low Attendance
A001091,S03098,C006,2025-12-09,30,27,Present
A001092,S00342,C005,2025-11-21,25,12,Low Attendance
A001093,S13176,C032,2025-10-05,25,12,Low Attendance
A001094,S01231,C036,2025-05-04,10,6,Low Attendance
A001095,S01722,C024,2025-04-24,25,13,Low Attendance
A001096,S15114,C038,2025-09-11,25,6,Low Attendance
A001097,S08890,C018,2025-11-23,25,19,Present
A001098,S09214,C037,2025-09-20,20,11,Low Attendance
A001099,S15250,C032,2025-06-25,25,8,Low Attendance
A001100,S08692,C002,2025-07-23,15,11,Low Attendance
A001101,S12481,C018,2025-01-25,10,9,Present
A001102,S11920,C016,2025-02-14,30,10,Low Attendance
A001103,S08107,C047,2025-10-03,15,8,Low Attendance
A001104,S09098,C015,2025-03-24,10,4,Low Attendance
A001105,S14612,C045,2025-11-25,15,7,Low Attendance
A001106,S19349,C045,2025-06-14,30,22,Low Attendance
A001107,S02223,C004,2025-02-16,10,8,Present
A001108,S16585,C049,2025-06-08,15,1,Low Attendance
A001109,S11464,C021,2025-11-03,10,5,Low Attendance
A001110,S19448,C018,2025-06-20,25,19,Present
A001111,S07442,C036,2025-03-18,10,9,Present
A001112,S10348,C004,2025-07-23,30,15,Low Attendance
A001113,S08255,C025,2025-12-28,10,0,Low Attendance
A001114,S07993,C038,2025-08-28,25,22,Present
A001115,S17680,C044,2025-12-18,10,8,Present
A001116,S09183,C018,2025-02-17,15,14,Present
A001117,S01015,C013,2025-08-19,25,20,Present
A001118,S15722,C030,2025-01-02,15,14,Present
A001119,S16307,C031,2025-02-08,20,5,Low Attendance
A001120,S12038,C014,2025-06-12,10,8,Present
A001121,S07112,C017,2025-02-17,25,5,Low Attendance
A001122,S13463,C019,2025-11-23,15,0,Low Attendance
A001123,S19926,C005,2025-06-19,30,5,Low Attendance
A001124,S01723,C031,2025-12-12,25,18,Low Attendance
A001125,S04050,C005,2025-03-21,15,13,Present
A001126,S03041,C037,2025-10-08,20,4,Low Attendance
A001127,S09893,C007,2025-02-09,30,1,Low Attendance
A001128,S17704,C044,2025-12-07,30,22,Low Attendance
A001129,S02952,C034,2025-01-01,20,16,Present
A001130,S09712,C037,2025-01-28,30,27,Present
A001131,S10086,C008,2025-11-01,25,25,Present
A001132,S02342,C038,2025-08-14,20,17,Present
A001133,S10974,C049,2025-07-08,10,0,Low Attendance
A001134,S14330,C050,2025-04-22,30,18,Low Attendance
A001135,S19182,C020,2025-06-20,15,7,Low Attendance
A001136,S00728,C035,2025-08-31,25,19,Present
A001137,S11217,C012,2025-10-26,20,20,Present
A001138,S03196,C036,2025-01-13,20,4,Low Attendance
A001139,S01453,C035,2025-11-01,30,2,Low Attendance
A001140,S19769,C022,2025-05-18,25,1,Low Attendance
A001141,S11335,C001,2025-07-02,30,25,Present
A001142,S02010,C037,2025-09-21,10,2,Low Attendance
A001143,S16946,C050,2025-08-10,15,0,Low Attendance
A001144,S04874,C018,2025-08-10,30,28,Present
A001145,S07973,C005,2025-09-04,20,7,Low Attendance
A001146,S11421,C029,2025-10-04,10,2,Low Attendance
A001147,S08841,C049,2025-08-20,30,3,Low Attendance
A001148,S12755,C015,2025-11-23,25,0,Low Attendance
A001149,S02714,C022,2025-08-28,20,4,Low Attendance
A001150,S19734,C043,2025-04-23,20,1,Low Attendance
A001151,S03845,C038,2025-10-28,15,0,Low Attendance
A001152,S14822,C015,2025-05-05,10,9,Present
A001153,S02246,C014,2025-08-07,20,8,Low Attendance
A001154,S17688,C005,2025-04-23,20,10,Low Attendance
A001155,S07939,C037,2025-09-01,25,14,Low Attendance
A001156,S17524,C015,2025-08-31,20,2,Low Attendance
A001157,S18137,C019,2025-01-11,15,6,Low Attendance
A001158,S11040,C018,2025-10-06,15,13,Present
A001159,S06731,C040,2025-11-15,25,25,Present
A001160,S10592,C032,2025-09-06,30,22,Low Attendance
A001161,S19373,C039,2025-12-26,10,5,Low Attendance
A001162,S05199,C005,2025-07-11,20,4,Low Attendance
A001163,S14027,C046,2025-11-27,25,2,Low Attendance
A001164,S15619,C003,2025-02-25,15,3,Low Attendance
A001165,S07215,C018,2025-06-14,15,15,Present
A001166,S15463,C017,2025-01-02,30,17,Low Attendance
A001167,S12970,C043,2025-12-25,15,1,Low Attendance
A001168,S18536,C023,2025-11-22,10,3,Low Attendance
A001169,S15468,C035,2025-03-05,15,11,Low Attendance
A001170,S18638,C044,2025-01-12,20,18,Present
A001171,S03227,C013,2025-01-20,25,12,Low Attendance
A001172,S00045,C023,2025-08-28,25,18,Low Attendance
A001173,S15131,C001,2025-06-04,25,15,Low Attendance
A001174,S18151,C016,2025-05-24,25,12,Low Attendance
A001175,S04650,C037,2025-12-03,25,18,Low Attendance
A001176,S05668,C004,2025-12-13,25,1,Low Attendance
A001177,S02458,C025,2025-03-21,25,3,Low Attendance
A001178,S16365,C035,2025-09-13,15,4,Low Attendance
A001179,S06093,C011,2025-08-31,20,8,Low Attendance
A001180,S02404,C031,2025-04-21,25,13,Low Attendance
A001181,S09326,C018,2025-08-03,20,13,Low Attendance
A001182,S14723,C032,2025-11-24,15,8,Low Attendance
A001183,S11192,C006,2025-01-11,25,5,Low Attendance
A001184,S15376,C045,2025-02-07,15,1,Low Attendance
A001185,S00668,C001,2025-01-12,25,3,Low Attendance
A001186,S02506,C003,2025-10-17,10,9,Present
A001187,S09118,C014,2025-03-03,15,7,Low Attendance
A001188,S02172,C047,2025-08-05,30,9,Low Attendance
A001189,S19232,C028,2025-10-02,15,12,Present
A001190,S01840,C003,2025-09-11,25,11,Low Attendance
A001191,S01773,C018,2025-12-12,10,6,Low Attendance
A001192,S07953,C047,2025-02-05,15,5,Low Attendance
A001193,S11235,C046,2025-03-27,30,10,Low Attendance
A001194,S11116,C047,2025-09-01,10,9,Present
A001195,S07656,C043,2025-05-20,30,14,Low Attendance
A001196,S08938,C023,2025-12-13,15,8,Low Attendance
A001197,S17656,C002,2025-07-11,20,7,Low Attendance
A001198,S05196,C018,2025-11-17,10,9,Present
A001199,S07694,C038,2025-08-11,25,20,Present
A001200,S06416,C027,2025-09-25,20,14,Low Attendance
A001201,S18645,C008,2025-01-11,10,4,Low Attendance
A001202,S10050,C014,2025-11-04,20,4,Low Attendance
A001203,S17183,C011,2025-01-18,25,16,Low Attendance
A001204,S07188,C010,2025-01-17,25,2,Low Attendance
A001205,S07484,C029,2025-07-29,20,20,Present
A001206,S06198,C027,2025-06-19,15,4,Low Attendance
A001207,S01088,C013,2025-04-04,10,4,Low Attendance
A001208,S16708,C013,2025-03-08,30,3,Low Attendance
A001209,S03678,C026,2025-11-10,15,5,Low Attendance
A001210,S03336,C050,2025-08-26,25,5,Low Attendance
A001211,S08730,C023,2025-11-02,15,14,Present
A001212,S09779,C029,2025-08-27,10,8,Present
A001213,S07495,C001,2025-09-05,15,6,Low Attendance
A001214,S07052,C018,2025-07-30,25,20,Present
A001215,S10414,C018,2025-06-12,30,11,Low Attendance
A001216,S00072,C039,2025-06-22,15,5,Low Attendance
A001217,S17253,C014,2025-11-28,25,23,Present
A001218,S19926,C035,2025-07-08,20,8,Low Attendance
A001219,S01304,C046,2025-08-31,10,1,Low Attendance
A001220,S16284,C047,2025-06-22,30,0,Low Attendance
A001221,S01639,C028,2025-08-20,30,4,Low Attendance
A001222,S06473,C023,2025-04-16,15,4,Low Attendance
A001223,S15999,C032,2025-09-04,10,10,Present
A001224,S08689,C036,2025-05-22,15,11,Low Attendance
A001225,S12915,C043,2025-11-20,25,18,Low Attendance
A001226,S12517,C013,2025-09-20,20,13,Low Attendance
A001227,S01360,C014,2025-05-28,30,22,Low Attendance
A001228,S02876,C008,2025-10-17,15,4,Low Attendance
A001229,S01275,C006,2025-07-19,30,0,Low Attendance
A001230,S11859,C028,2025-05-14,15,3,Low Attendance
A001231,S00907,C029,2025-11-06,20,0,Low Attendance
A001232,S02875,C037,2025-10-30,15,1,Low Attendance
A001233,S09989,C030,2025-01-21,30,1,Low Attendance
A001234,S17884,C047,2025-10-26,30,7,Low Attendance
A001235,S11416,C047,2025-09-29,25,3,Low Attendance
A001236,S05338,C023,2025-07-04,25,2,Low Attendance
A001237,S03964,C044,2025-03-10,25,25,Present
A001238,S05447,C025,2025-11-06,25,23,Present
A001239,S15063,C006,2025-12-31,20,10,Low Attendance
A001240,S08625,C032,2025-01-04,20,12,Low Attendance
A001241,S00430,C015,2025-01-06,25,9,Low Attendance
A001242,S06576,C005,2025-01-28,15,9,Low Attendance
A001243,S12788,C025,2025-03-09,30,3,Low Attendance
A001244,S10372,C005,2025-10-01,10,6,Low Attendance
A001245,S06626,C034,2025-12-23,10,10,Present
A001246,S08454,C017,2025-02-01,30,18,Low Attendance
A001247,S09543,C031,2025-05-12,15,0,Low Attendance
A001248,S14671,C006,2025-08-20,20,17,Present
A001249,S14766,C048,2025-03-05,10,9,Present
A001250,S16807,C010,2025-09-16,15,6,Low Attendance
A001251,S15600,C010,2025-07-30,10,6,Low Attendance
A001252,S06266,C019,2025-09-05,25,25,Present
A001253,S07834,C046,2025-01-01,15,13,Present
A001254,S14439,C037,2025-10-17,25,12,Low Attendance
A001255,S17435,C006,2025-08-16,25,12,Low Attendance
A001256,S07821,C015,2025-11-05,10,6,Low Attendance
A001257,S13646,C013,2025-05-06,30,29,Present
A001258,S00625,C004,2025-01-18,15,4,Low Attendance
A001259,S18171,C034,2025-02-11,10,7,Low Attendance
A001260,S15143,C023,2025-06-11,15,4,Low Attendance
A001261,S12201,C022,2025-10-30,30,27,Present
A001262,S13026,C011,2025-01-29,20,8,Low Attendance
A001263,S07615,C024,2025-12-24,25,19,Present
A001264,S05581,C049,2025-11-02,25,17,Low Attendance
A001265,S15755,C020,2025-12-15,25,24,Present
A001266,S16965,C040,2025-04-10,25,13,Low Attendance
A001267,S13337,C043,2025-03-17,20,1,Low Attendance
A001268,S04063,C016,2025-06-11,10,0,Low Attendance
A001269,S14912,C044,2025-10-11,10,7,Low Attendance
A001270,S05209,C001,2025-12-31,20,19,Present
A001271,S03021,C017,2025-02-13,15,15,Present
A001272,S16852,C013,2025-10-05,10,5,Low Attendance
A001273,S00990,C010,2025-05-11,25,2,Low Attendance
A001274,S18873,C049,2025-04-30,15,6,Low Attendance
A001275,S09081,C026,2025-04-23,30,24,Present
A001276,S10820,C040,2025-05-08,25,25,Present
A001277,S06478,C049,2025-07-10,30,29,Present
A001278,S00800,C038,2025-05-09,25,14,Low Attendance
A001279,S07143,C039,2025-11-01,20,2,Low Attendance
A001280,S03877,C012,2025-07-10,10,8,Present
A001281,S16188,C021,2025-02-18,20,13,Low Attendance
A001282,S00695,C048,2025-10-13,25,10,Low Attendance
A001283,S18053,C001,2025-11-29,30,0,Low Attendance
A001284,S18023,C032,2025-02-18,30,14,Low Attendance
A001285,S17987,C022,2025-04-24,25,4,Low Attendance
A001286,S13392,C010,2025-09-13,30,4,Low Attendance
A001287,S19630,C030,2025-02-23,20,4,Low Attendance
A001288,S00992,C045,2025-05-04,10,4,Low Attendance
A001289,S04946,C014,2025-01-30,15,6,Low Attendance
A001290,S07919,C042,2025-09-17,20,3,Low Attendance
A001291,S14386,C023,2025-03-12,25,15,Low Attendance
A001292,S11989,C006,2025-01-21,15,10,Low Attendance
A001293,S09256,C030,2025-02-14,25,14,Low Attendance
A001294,S15051,C037,2025-04-07,30,18,Low Attendance
A001295,S02193,C050,2025-04-18,25,21,Present
A001296,S07805,C042,2025-07-29,15,14,Present
A001297,S03301,C040,2025-02-02,30,0,Low Attendance
A001298,S18424,C004,2025-02-01,10,8,Present
A001299,S12604,C013,2025-09-23,30,7,Low Attendance
A001300,S01342,C010,2025-07-30,20,19,Present
A001301,S17981,C044,2025-09-09,10,2,Low Attendance
A001302,S11845,C047,2025-10-05,20,7,Low Attendance
A001303,S16602,C038,2025-07-30,20,17,Present
A001304,S18586,C028,2025-04-30,15,0,Low Attendance
A001305,S13475,C040,2025-11-07,25,6,Low Attendance
A001306,S02344,C001,2025-09-10,30,7,Low Attendance
A001307,S19853,C050,2025-07-24,30,10,Low Attendance
A001308,S06132,C045,2025-06-24,15,7,Low Attendance
A001309,S19296,C039,2025-12-16,15,11,Low Attendance
A001310,S19458,C013,2025-04-19,10,5,Low Attendance
A001311,S17722,C048,2025-09-04,20,4,Low Attendance
A001312,S02025,C036,2025-09-02,30,18,Low Attendance
A001313,S00957,C014,2025-09-24,30,26,Present
A001314,S16720,C008,2025-11-18,25,15,Low Attendance
A001315,S19078,C044,2025-05-30,30,29,Present
A001316,S09698,C001,2025-07-26,10,7,Low Attendance
A001317,S10076,C018,2025-03-24,30,11,Low Attendance
A001318,S16200,C007,2025-08-27,25,20,Present
A001319,S10733,C041,2025-07-30,30,1,Low Attendance
A001320,S13489,C014,2025-11-22,10,3,Low Attendance
A001321,S05242,C027,2025-08-06,20,11,Low Attendance
A001322,S09062,C009,2025-11-04,25,14,Low Attendance
A001323,S11983,C033,2025-04-01,20,11,Low Attendance
A001324,S12153,C006,2025-11-12,10,0,Low Attendance
A001325,S12866,C019,2025-01-21,20,16,Present
A001326,S13860,C019,2025-08-20,30,4,Low Attendance
A001327,S17730,C026,2025-07-16,20,16,Present
A001328,S01729,C036,2025-04-16,25,11,Low Attendance
A001329,S13670,C006,2025-03-21,30,13,Low Attendance
A001330,S02787,C033,2025-12-26,10,7,Low Attendance
A001331,S01047,C047,2025-06-02,30,26,Present
A001332,S05903,C021,2025-09-02,15,4,Low Attendance
A001333,S00887,C019,2025-09-05,25,14,Low Attendance
A001334,S17121,C040,2025-01-15,10,1,Low Attendance
A001335,S01815,C030,2025-11-12,30,21,Low Attendance
A001336,S01194,C032,2025-01-30,25,6,Low Attendance
A001337,S19275,C044,2025-03-25,30,10,Low Attendance
A001338,S05840,C012,2025-11-25,10,9,Present
A001339,S06761,C021,2025-02-01,20,10,Low Attendance
A001340,S15370,C019,2025-07-31,25,7,Low Attendance
A001341,S10567,C033,2025-10-09,20,4,Low Attendance
A001342,S05375,C042,2025-02-26,25,23,Present
A001343,S18956,C046,2025-06-16,10,7,Low Attendance
A001344,S10648,C003,2025-11-05,30,26,Present
A001345,S02890,C048,2025-11-18,10,9,Present
A001346,S01615,C048,2025-06-17,25,18,Low Attendance
A001347,S15452,C026,2025-08-27,15,3,Low Attendance
A001348,S18383,C011,2025-12-29,15,11,Low Attendance
A001349,S12796,C008,2025-02-17,15,6,Low Attendance
A001350,S07211,C026,2025-01-13,15,14,Present
A001351,S15526,C017,2025-11-26,30,20,Low Attendance
A001352,S01584,C030,2025-08-17,20,20,Present
A001353,S16665,C029,2025-10-21,20,17,Present
A001354,S13195,C043,2025-09-18,30,29,Present
A001355,S04362,C039,2025-06-22,25,23,Present
A001356,S14904,C028,2025-05-12,25,0,Low Attendance
A001357,S14038,C037,2025-02-15,20,3,Low Attendance
A001358,S09713,C011,2025-01-30,20,9,Low Attendance
A001359,S08225,C050,2025-10-29,10,5,Low Attendance
A001360,S03324,C035,2025-10-10,20,2,Low Attendance
A001361,S07991,C023,2025-06-22,25,9,Low Attendance
A001362,S19022,C015,2025-09-11,30,11,Low Attendance
A001363,S03826,C022,2025-08-28,20,0,Low Attendance
A001364,S00458,C034,2025-10-12,20,12,Low Attendance
A001365,S01674,C025,2025-08-07,20,19,Present
A001366,S11446,C011,2025-08-15,15,11,Low Attendance
A001367,S06008,C016,2025-04-08,20,16,Present
A001368,S19423,C025,2025-02-20,10,0,Low Attendance
A001369,S18144,C026,2025-12-06,30,21,Low Attendance
A001370,S17384,C037,2025-08-06,15,1,Low Attendance
A001371,S09791,C007,2025-01-16,30,13,Low Attendance
A001372,S01022,C043,2025-01-19,25,17,Low Attendance
A001373,S03278,C040,2025-11-03,15,3,Low Attendance
A001374,S05306,C046,2025-12-12,20,12,Low Attendance
A001375,S11489,C029,2025-10-05,15,15,Present
A001376,S05722,C022,2025-08-26,15,15,Present
A001377,S03012,C031,2025-02-24,30,23,Present
A001378,S12986,C031,2025-04-28,10,2,Low Attendance
A001379,S10155,C006,2025-08-31,10,2,Low Attendance
A001380,S14738,C031,2025-07-30,25,1,Low Attendance
A001381,S01281,C042,2025-07-20,15,3,Low Attendance
A001382,S02515,C043,2025-12-29,25,22,Present
A001383,S05677,C001,2025-03-11,10,5,Low Attendance
A001384,S03612,C003,2025-11-06,30,3,Low Attendance
A001385,S02889,C036,2025-11-17,20,17,Present
A001386,S01828,C042,2025-07-03,25,21,Present
A001387,S11568,C015,2025-02-04,25,6,Low Attendance
A001388,S07921,C044,2025-02-16,10,7,Low Attendance
A001389,S02296,C042,2025-11-28,30,20,Low Attendance
A001390,S17209,C050,2025-11-01,15,10,Low Attendance
A001391,S03757,C001,2025-12-01,15,7,Low Attendance
A001392,S06039,C017,2025-10-13,20,10,Low Attendance
A001393,S10536,C008,2025-04-24,15,1,Low Attendance
A001394,S16236,C027,2025-05-26,20,11,Low Attendance
A001395,S04022,C042,2025-02-10,20,2,Low Attendance
A001396,S10273,C006,2025-05-02,25,2,Low Attendance
A001397,S11398,C010,2025-06-16,10,8,Present
A001398,S09257,C025,2025-02-12,15,6,Low Attendance
A001399,S04457,C045,2025-02-08,20,2,Low Attendance
A001400,S00530,C025,2025-11-18,25,22,Present
A001401,S04442,C040,2025-02-28,25,23,Present
A001402,S00362,C045,2025-11-23,10,2,Low Attendance
A001403,S19838,C021,2025-11-27,25,23,Present
A001404,S10250,C021,2025-05-31,30,27,Present
A001405,S09647,C003,2025-07-23,30,27,Present
A001406,S19207,C017,2025-06-05,20,1,Low Attendance
A001407,S13867,C019,2025-12-12,10,2,Low Attendance
A001408,S03990,C015,2025-04-15,15,15,Present
A001409,S17872,C024,2025-09-15,25,9,Low Attendance
A001410,S02775,C025,2025-01-31,15,2,Low Attendance
A001411,S10193,C033,2025-12-20,30,10,Low Attendance
A001412,S11754,C001,2025-09-07,10,2,Low Attendance
A001413,S00087,C014,2025-01-06,15,6,Low Attendance
A001414,S17322,C040,2025-08-21,25,25,Present
A001415,S03153,C017,2025-09-16,30,29,Present
A001416,S15093,C014,2025-07-20,15,6,Low Attendance
A001417,S03618,C021,2025-06-03,20,1,Low Attendance
A001418,S16549,C026,2025-07-22,10,10,Present
A001419,S10460,C031,2025-09-05,10,10,Present
A001420,S18863,C040,2025-03-07,10,0,Low Attendance
A001421,S05933,C011,2025-10-04,25,15,Low Attendance
A001422,S02526,C035,2025-01-26,10,2,Low Attendance
A001423,S05630,C012,2025-04-27,10,0,Low Attendance
A001424,S08803,C029,2025-04-18,20,3,Low Attendance
A001425,S15341,C043,2025-07-29,15,2,Low Attendance
A001426,S11048,C023,2025-01-07,20,0,Low Attendance
A001427,S13389,C035,2025-03-16,25,0,Low Attendance
A001428,S18836,C047,2025-03-07,20,15,Present
A001429,S13081,C018,2025-05-14,10,3,Low Attendance
A001430,S09945,C021,2025-03-04,10,7,Low Attendance
A001431,S04916,C002,2025-04-25,20,19,Present
A001432,S08657,C039,2025-05-26,20,10,Low Attendance
A001433,S12741,C012,2025-09-08,20,4,Low Attendance
A001434,S13927,C022,2025-01-03,25,25,Present
A001435,S17763,C040,2025-05-31,15,15,Present
A001436,S18284,C004,2025-03-04,10,7,Low Attendance
A001437,S14981,C013,2025-04-21,10,1,Low Attendance
A001438,S02280,C004,2025-11-02,25,12,Low Attendance
A001439,S08445,C036,2025-11-17,10,2,Low Attendance
A001440,S17096,C001,2025-10-20,15,5,Low Attendance
A001441,S18988,C001,2025-11-10,20,4,Low Attendance
A001442,S10957,C001,2025-07-20,20,6,Low Attendance
A001443,S00020,C011,2025-10-23,25,11,Low Attendance
A001444,S07042,C026,2025-09-11,20,9,Low Attendance
A001445,S19744,C043,2025-11-13,15,5,Low Attendance
A001446,S09562,C039,2025-12-15,30,16,Low Attendance
A001447,S18904,C013,2025-06-28,10,4,Low Attendance
A001448,S14546,C030,2025-07-27,10,4,Low Attendance
A001449,S12631,C039,2025-02-02,10,7,Low Attendance
A001450,S19778,C024,2025-11-28,15,14,Present
A001451,S07309,C002,2025-06-04,20,1,Low Attendance
A001452,S04154,C021,2025-09-15,20,0,Low Attendance
A001453,S13226,C040,2025-11-22,25,3,Low Attendance
A001454,S11780,C037,2025-05-25,25,18,Low Attendance
A001455,S10924,C006,2025-06-05,20,5,Low Attendance
A001456,S00105,C029,2025-06-07,10,4,Low Attendance
A001457,S08377,C012,2025-03-12,25,3,Low Attendance
A001458,S19895,C001,2025-01-18,20,10,Low Attendance
A001459,S10297,C011,2025-09-09,30,27,Present
A001460,S13085,C039,2025-10-08,25,24,Present
A001461,S01914,C015,2025-04-19,25,25,Present
A001462,S01032,C020,2025-11-26,10,2,Low Attendance
A001463,S01353,C017,2025-02-28,25,23,
A001464,S09844,C045,2025-05-10,30,10,Low Attendance
A001465,S14389,C050,2025-10-13,20,2,Low Attendance
A001466,S02363,C012,2025-10-01,25,24,Present
A001467,S17798,C024,2025-10-08,10,9,Present
A001468,S00963,C038,2025-11-18,30,10,Low Attendance
A001469,S03848,C016,2025-08-21,25,10,Low Attendance
A001470,S18680,C030,2025-02-01,10,2,Low Attendance
A001471,S10136,C033,2025-05-20,10,6,Low Attendance
A001472,S04866,C021,2025-04-18,10,9,Present
A001473,S06790,C049,2025-10-19,25,6,Low Attendance
A001474,S15433,C013,2025-11-24,20,16,Present
A001475,S11732,C030,2025-10-07,10,8,Present
A001476,S06437,C032,2025-11-05,30,18,Low Attendance
A001477,S01116,C031,2025-08-17,15,14,Present
A001478,S11140,C038,2025-07-15,20,3,Low Attendance
A001479,S16306,C049,2025-04-06,10,5,Low Attendance
A001480,S13454,C035,2025-01-26,15,3,Low Attendance
A001481,S05796,C040,2025-04-25,30,22,Low Attendance
A001482,S16751,C050,2025-06-19,25,10,Low Attendance
A001483,S15345,C007,2025-08-04,25,24,Present
A001484,S16426,C045,2025-09-30,10,5,Low Attendance
A001485,S13535,C013,2025-09-22,15,11,Low Attendance
A001486,S03209,C028,2025-05-09,10,1,Low Attendance
A001487,S00629,C043,2025-01-09,10,1,Low Attendance
A001488,S04936,C041,2025-03-27,15,14,Present
A001489,S06752,C030,2025-11-01,20,11,Low Attendance
A001490,S11038,C024,2025-10-29,20,19,Present
A001491,S12363,C030,2025-03-29,20,3,Low Attendance
A001492,S02889,C018,2025-10-27,10,8,Present
A001493,S04690,C002,2025-01-23,25,12,Low Attendance
A001494,S05974,C021,2025-03-25,25,3,Low Attendance
A001495,S01510,C026,2025-09-17,10,8,Present
A001496,S15107,C013,2025-03-22,30,17,Low Attendance
A001497,S05140,C047,2025-08-04,15,2,Low Attendance
A001498,S10576,C011,2025-10-17,25,5,Low Attendance
A001499,S01800,C019,2025-01-29,10,5,Low Attendance
A001500,S08975,C013,2025-06-12,15,4,Low Attendance
A001501,S16907,C005,2025-06-10,30,0,Low Attendance
A001502,S12412,C007,2025-09-06,30,14,Low Attendance
A001503,S08827,C048,2025-06-11,20,20,Present
A001504,S09426,C008,2025-08-24,30,22,Low Attendance
A001505,S14167,C041,2025-01-03,20,20,Present
A001506,S11234,C045,2025-08-29,15,9,Low Attendance
A001507,S01296,C007,2025-07-03,30,11,Low Attendance
A001508,S13183,C033,2025-07-26,20,3,Low Attendance
A001509,S16552,C022,2025-09-21,10,7,Low Attendance
A001510,S05435,C012,2025-09-24,10,2,Low Attendance
A001511,S03365,C002,2025-10-05,10,8,Present
A001512,S13847,C009,2025-04-20,15,14,Present
A001513,S00713,C048,2025-12-23,30,29,Present
A001514,S06694,C050,2025-06-16,10,9,Present
A001515,S19860,C032,2025-07-10,30,26,Present
A001516,S12993,C018,2025-08-08,30,30,Present
A001517,S12666,C032,2025-10-25,25,21,Present
A001518,S18152,C046,2025-11-16,15,5,Low Attendance
A001519,S06007,C037,2025-07-28,30,17,Low Attendance
A001520,S16766,C029,2025-04-26,30,29,Present
A001521,S17099,C035,2025-06-03,10,6,Low Attendance
A001522,S15572,C008,2025-07-15,10,9,Present
A001523,S09429,C027,2025-12-14,25,18,Low Attendance
A001524,S00184,C044,2025-02-19,25,6,Low Attendance
A001525,S17408,C020,2025-12-29,15,11,Low Attendance
A001526,S09268,C042,2025-04-05,25,9,Low Attendance
A001527,S12245,C041,2025-03-31,25,9,Low Attendance
A001528,S04066,C020,2025-05-07,15,10,Low Attendance
A001529,S09637,C030,2025-09-28,15,4,Low Attendance
A001530,S12116,C022,2025-08-04,30,25,Present
A001531,S18454,C024,2025-11-22,25,18,Low Attendance
A001532,S16985,C046,2025-01-22,10,7,Low Attendance
A001533,S01813,C043,2025-08-22,20,4,Low Attendance
A001534,S12411,C048,2025-08-23,10,1,Low Attendance
A001535,S03278,C049,2025-04-07,30,7,Low Attendance
A001536,S14683,C041,2025-09-02,30,30,Present
A001537,S03995,C030,2025-03-15,30,6,Low Attendance
A001538,S07842,C032,2025-12-15,10,9,Present
A001539,S19072,C043,2025-08-27,10,5,Low Attendance
A001540,S01381,C044,2025-11-23,25,5,Low Attendance
A001541,S06576,C009,2025-01-15,10,4,Low Attendance
A001542,S17082,C045,2025-01-16,30,23,Present
A001543,S19506,C050,2025-07-31,10,3,Low Attendance
A001544,S08590,C028,2025-08-04,20,4,Low Attendance
A001545,S11312,C028,2025-06-13,30,14,Low Attendance
A001546,S02009,C031,2025-06-22,15,6,Low Attendance
A001547,S02804,C032,2025-09-25,30,30,Present
A001548,S16476,C031,2025-05-17,20,15,Present
A001549,S10711,C020,2025-02-08,10,4,Low Attendance
A001550,S15525,C027,2025-11-04,25,21,Present
A001551,S07283,C003,2025-11-12,30,27,Present
A001552,S04181,C014,2025-02-09,15,3,Low Attendance
A001553,S11341,C030,2025-01-07,20,13,Low Attendance
A001554,S03563,C003,2025-10-09,20,4,Low Attendance
A001555,S19914,C050,2025-04-19,10,4,Low Attendance
A001556,S05565,C031,2025-02-07,30,6,Low Attendance
A001557,S17372,C050,2025-07-11,20,3,Low Attendance
A001558,S08310,C039,2025-09-14,25,4,Low Attendance
A001559,S16861,C047,2025-09-07,15,3,Low Attendance
A001560,S14644,C012,2025-02-18,30,18,Low Attendance
A001561,S18271,C048,2025-07-21,20,15,Present
A001562,S07952,C032,2025-08-04,25,9,Low Attendance
A001563,S00281,C038,2025-03-21,15,1,Low Attendance
A001564,S01332,C013,2025-06-09,20,4,Low Attendance
A001565,S19831,C012,2025-10-03,10,4,Low Attendance
A001566,S09428,C032,2025-02-10,10,4,Low Attendance
A001567,S13473,C038,2025-07-10,10,1,Low Attendance
A001568,S10476,C043,2025-03-28,20,15,Present
A001569,S04145,C046,2025-03-31,10,0,Low Attendance
A001570,S09647,C004,2025-05-05,20,19,Present
A001571,S14722,C013,2025-08-22,15,2,Low Attendance
A001572,S12893,C030,2025-01-06,30,18,Low Attendance
A001573,S07242,C015,2025-12-30,20,3,Low Attendance
A001574,S19346,C047,2025-04-17,25,12,Low Attendance
A001575,S08010,C002,2025-12-01,20,7,Low Attendance
A001576,S09590,C023,2025-06-24,20,6,Low Attendance
A001577,S10465,C035,2025-06-24,15,14,Present
A001578,S12322,C034,2025-05-11,20,11,Low Attendance
A001579,S01154,C038,2025-12-17,10,8,Present
A001580,S18244,C048,2025-05-04,10,4,Low Attendance
A001581,S08240,C010,2025-12-03,20,19,Present
A001582,S12247,C050,2025-06-17,25,7,Low Attendance
A001583,S19486,C010,2025-01-13,30,29,Present
A001584,S17015,C001,2025-01-26,30,1,Low Attendance
A001585,S07408,C013,2025-05-02,25,3,Low Attendance
A001586,S14785,C022,2025-12-14,15,5,Low Attendance
A001587,S14817,C036,2025-11-27,30,10,Low Attendance
A001588,S17201,C021,2025-03-09,20,20,Present
A001589,S08849,C038,2025-07-18,15,1,Low Attendance
A001590,S00283,C024,2025-04-21,10,8,Present
A001591,S15972,C047,2025-04-11,30,10,Low Attendance
A001592,S14193,C029,2025-06-19,25,21,Present
A001593,S17447,C046,2025-12-18,10,5,Low Attendance
A001594,S06942,C026,2025-01-21,30,7,Low Attendance
A001595,S12609,C011,2025-01-29,30,23,Present
A001596,S05846,C041,2025-06-10,10,4,Low Attendance
A001597,S13736,C013,2025-11-09,25,14,Low Attendance
A001598,S12226,C008,2025-05-23,20,11,Low Attendance
A001599,S09567,C030,2025-11-06,20,9,Low Attendance
A001600,S06821,C029,2025-08-13,30,17,Low Attendance
A001601,S09714,C036,2025-08-02,10,10,Present
A001602,S10065,C003,2025-11-25,10,5,Low Attendance
A001603,S18940,C042,2025-02-08,25,17,Low Attendance
A001604,S09461,C049,2025-02-26,25,24,Present
A001605,S03242,C044,2025-04-08,30,25,Present
A001606,S02096,C015,2025-02-03,20,7,Low Attendance
A001607,S03884,C018,2025-03-28,30,26,Present
A001608,S13201,C021,2025-10-21,30,9,Low Attendance
A001609,S16891,C018,2025-08-02,15,12,Present
A001610,S11428,C021,2025-12-11,10,4,Low Attendance
A001611,S00278,C019,2025-03-21,20,6,Low Attendance
A001612,S00289,C018,2025-05-06,15,6,Low Attendance
A001613,S16954,C022,2025-08-03,25,16,Low Attendance
A001614,S04450,C027,2025-10-24,10,2,Low Attendance
A001615,S09650,C046,2025-04-05,30,21,Low Attendance
A001616,S17910,C020,2025-04-01,15,6,Low Attendance
A001617,S10108,C049,2025-09-01,25,21,Present
A001618,S12478,C038,2025-09-17,15,0,Low Attendance
A001619,S05214,C002,2025-08-06,25,16,Low Attendance
A001620,S13446,C027,2025-09-12,30,15,Low Attendance
A001621,S04457,C036,2025-03-24,20,0,Low Attendance
A001622,S00618,C031,2025-03-12,25,16,Low Attendance
A001623,S06375,C035,2025-09-03,15,1,Low Attendance
A001624,S08210,C046,2025-08-09,10,5,Low Attendance
A001625,S00649,C021,2025-01-04,25,19,Present
A001626,S18751,C005,2025-05-25,25,0,Low Attendance
A001627,S01773,C022,2025-03-03,15,14,Present
A001628,S06821,C040,2025-07-11,30,22,Low Attendance
A001629,S06200,C016,2025-04-20,25,0,Low Attendance
A001630,S12316,C003,2025-11-10,10,9,Present
A001631,S00647,C015,2025-09-18,30,28,Present
A001632,S08788,C039,2025-08-01,25,23,Present
A001633,S02554,C050,2025-07-31,20,11,Low Attendance
A001634,S10670,C027,2025-10-26,25,7,Low Attendance
A001635,S07317,C038,2025-04-27,20,14,Low Attendance
A001636,S18826,C010,2025-08-11,30,1,Low Attendance
A001637,S17131,C010,2025-10-18,15,13,Present
A001638,S15402,C045,2025-12-09,10,0,Low Attendance
A001639,S16395,C005,2025-12-31,15,12,Present
A001640,S13624,C032,2025-03-04,25,24,Present
A001641,S04912,C006,2025-05-10,30,29,Present
A001642,S11508,C044,2025-09-28,30,17,Low Attendance
A001643,S03201,C010,2025-12-24,20,2,Low Attendance
A001644,S10497,C012,2025-08-07,30,25,Present
A001645,S18385,C012,2025-06-13,30,0,Low Attendance
A001646,S00255,C033,2025-04-12,25,8,Low Attendance
A001647,S10400,C040,2025-03-26,15,8,Low Attendance
A001648,S16417,C022,2025-08-13,30,9,Low Attendance
A001649,S12909,C047,2025-01-21,25,3,Low Attendance
A001650,S11454,C035,2025-09-05,25,3,Low Attendance
A001651,S02581,C004,2025-10-14,30,10,Low Attendance
A001652,S11785,C041,2025-05-04,30,11,Low Attendance
A001653,S06475,C019,2025-12-30,10,8,Present
A001654,S16130,C050,2025-01-18,10,5,Low Attendance
A001655,S09234,C013,2025-07-12,15,6,Low Attendance
A001656,S01747,C003,2025-12-31,15,3,Low Attendance
A001657,S04411,C009,2025-07-21,30,2,Low Attendance
A001658,S10132,C001,2025-11-26,15,4,Low Attendance
A001659,S11228,C012,2025-04-27,20,13,Low Attendance
A001660,S06074,C027,2025-10-09,25,22,Present
A001661,S16281,C021,2025-07-11,20,18,Present
A001662,S07474,C026,2025-05-05,30,14,Low Attendance
A001663,S19117,C004,2025-02-01,10,2,Low Attendance
A001664,S12298,C034,2025-04-12,10,6,Low Attendance
A001665,S01864,C035,2025-08-04,20,17,Present
A001666,S03096,C027,2025-03-26,30,19,Low Attendance
A001667,S10350,C009,2025-04-17,25,4,Low Attendance
A001668,S10190,C034,2025-08-12,10,4,Low Attendance
A001669,S03070,C042,2025-10-24,10,4,Low Attendance
A001670,S03617,C007,2025-12-11,10,1,Low Attendance
A001671,S18649,C045,2025-09-03,30,5,Low Attendance
A001672,S18597,C017,2025-11-01,30,17,Low Attendance
A001673,S10213,C044,2025-11-04,30,6,Low Attendance
A001674,S09718,C028,2025-04-05,25,7,Low Attendance
A001675,S07435,C032,2025-09-10,20,16,Present
A001676,S01393,C032,2025-10-12,25,14,Low Attendance
A001677,S17169,C047,2025-10-12,25,16,Low Attendance
A001678,S12344,C049,2025-06-13,15,12,Present
A001679,S18627,C032,2025-08-23,15,13,Present
A001680,S14383,C031,2025-07-01,25,8,Low Attendance
A001681,S00559,C012,2025-05-19,25,16,Low Attendance
A001682,S08752,C025,2025-03-05,10,2,Low Attendance
A001683,S04131,C017,2025-01-17,30,10,Low Attendance
A001684,S09342,C003,2025-04-27,15,4,Low Attendance
A001685,S16917,C004,2025-12-30,10,5,
A001686,S12382,C008,2025-06-01,15,8,Low Attendance
A001687,S03494,C026,2025-02-18,30,1,Low Attendance
A001688,S15673,C004,2025-11-11,15,2,Low Attendance
A001689,S14890,C042,2025-09-13,30,24,Present
A001690,S19899,C026,2025-07-13,20,5,Low Attendance
A001691,S08476,C007,2025-12-31,10,9,Present
A001692,S14964,C044,2025-10-15,15,10,Low Attendance
A001693,S07553,C004,2025-09-17,15,13,Present
A001694,S13073,C044,2025-01-30,20,7,Low Attendance
A001695,S18256,C004,2025-05-08,30,7,Low Attendance
A001696,S07569,C041,2025-02-07,30,27,Present
A001697,S14200,C009,2025-07-01,10,10,Present
A001698,S10009,C001,2025-02-16,25,8,Low Attendance
A001699,S07609,C025,2025-05-17,25,3,Low Attendance
A001700,S05771,C017,2025-11-30,25,4,Low Attendance
A001701,S19743,C012,2025-12-15,15,9,Low Attendance
A001702,S03560,C008,2025-11-06,30,12,Low Attendance
A001703,S16605,C007,2025-06-28,20,9,Low Attendance
A001704,S04663,C046,2025-04-19,25,3,Low Attendance
A001705,S13101,C017,2025-08-30,20,9,Low Attendance
A001706,S10535,C015,2025-03-12,20,7,Low Attendance
A001707,S13148,C001,2025-07-03,20,18,Present
A001708,S02037,C013,2025-12-24,10,7,Low Attendance
A001709,S14263,C012,2025-03-16,10,5,Low Attendance
A001710,S16377,C003,2025-02-27,25,3,Low Attendance
A001711,S00973,C025,2025-11-07,15,11,Low Attendance
A001712,S19384,C037,2025-09-10,15,10,Low Attendance
A001713,S05182,C001,2025-06-13,20,11,Low Attendance
A001714,S18965,C014,2025-07-05,25,1,Low Attendance
A001715,S11606,C018,2025-06-03,10,0,Low Attendance
A001716,S13000,C010,2025-09-06,30,23,Present
A001717,S04226,C015,2025-06-09,25,7,Low Attendance
A001718,S19757,C020,2025-10-15,20,2,Low Attendance
A001719,S13973,C046,2025-05-02,15,8,Low Attendance
A001720,S13561,C013,2025-08-27,10,10,Present
A001721,S09335,C049,2025-12-20,20,7,Low Attendance
A001722,S08241,C041,2025-02-24,25,5,Low Attendance
A001723,S16677,C031,2025-05-27,15,3,Low Attendance
A001724,S15543,C022,2025-10-08,15,3,Low Attendance
A001725,S18054,C008,2025-06-22,30,20,Low Attendance
A001726,S18896,C006,2025-01-13,10,2,Low Attendance
A001727,S16731,C020,2025-12-25,15,5,Low Attendance
A001728,S02371,C028,2025-03-29,15,7,Low Attendance
A001729,S17430,C003,2025-11-06,15,6,Low Attendance
A001730,S08247,C011,2025-02-04,20,20,Present
A001731,S03654,C015,2025-05-25,20,15,Present
A001732,S17179,C011,2025-03-18,10,9,Present
A001733,S12381,C013,2025-01-03,15,13,Present
A001734,S06120,C018,2025-12-24,25,15,Low Attendance
A001735,S01852,C036,2025-01-25,25,4,Low Attendance
A001736,S08162,C047,2025-04-25,30,25,Present
A001737,S16209,C041,2025-08-19,20,20,Present
A001738,S12491,C025,2025-01-24,15,4,Low Attendance
A001739,S14735,C002,2025-03-19,10,10,Present
A001740,S05825,C039,2025-03-17,15,10,Low Attendance
A001741,S03757,C043,2025-08-14,10,3,Low Attendance
A001742,S15909,C026,2025-06-22,25,8,Low Attendance
A001743,S16509,C002,2025-09-29,25,17,Low Attendance
A001744,S02202,C011,2025-06-06,15,3,Low Attendance
A001745,S16379,C040,2025-08-15,25,12,Low Attendance
A001746,S02620,C031,2025-09-03,30,24,Present
A001747,S08552,C024,2025-08-06,25,12,Low Attendance
A001748,S16183,C038,2025-08-09,20,20,Present
A001749,S00472,C041,2025-07-25,10,7,Low Attendance
A001750,S09501,C020,2025-11-02,20,13,Low Attendance
A001751,S00707,C023,2025-09-30,30,13,Low Attendance
A001752,S01038,C031,2025-03-13,15,2,Low Attendance
A001753,S08169,C016,2025-01-12,25,16,Low Attendance
A001754,S19296,C007,2025-10-27,15,0,Low Attendance
A001755,S12941,C023,2025-03-24,30,13,Low Attendance
A001756,S04831,C005,2025-02-08,10,7,Low Attendance
A001757,S09407,C002,2025-06-18,20,0,Low Attendance
A001758,S11759,C037,2025-02-21,30,8,Low Attendance
A001759,S06589,C019,2025-03-24,30,14,Low Attendance
A001760,S10535,C017,2025-09-04,15,14,Present
A001761,S12734,C015,2025-05-19,20,1,Low Attendance
A001762,S09025,C040,2025-12-30,10,9,Present
A001763,S04119,C038,2025-11-29,10,8,Present
A001764,S16248,C043,2025-06-23,10,2,Low Attendance
A001765,S19648,C019,2025-02-03,15,15,Present
A001766,S04471,C006,2025-10-16,25,7,Low Attendance
A001767,S05965,C011,2025-08-31,10,10,Present
A001768,S10638,C043,2025-03-03,25,4,Low Attendance
A001769,S18045,C025,2025-12-06,30,25,Present
A001770,S13275,C002,2025-08-25,30,0,Low Attendance
A001771,S12577,C048,2025-01-25,15,11,Low Attendance
A001772,S07027,C003,2025-06-24,30,4,Low Attendance
A001773,S19531,C009,2025-08-31,20,9,Low Attendance
A001774,S11787,C005,2025-10-21,20,5,Low Attendance
A001775,S01748,C017,2025-09-10,20,10,Low Attendance
A001776,S19793,C003,2025-01-18,30,20,Low Attendance
A001777,S13778,C016,2025-01-19,15,14,Present
A001778,S03502,C045,2025-03-14,15,2,Low Attendance
A001779,S06188,C004,2025-01-06,30,17,Low Attendance
A001780,S06702,C027,2025-06-28,25,7,Low Attendance
A001781,S05706,C042,2025-10-21,30,6,Low Attendance
A001782,S11577,C007,2025-03-11,15,9,Low Attendance
A001783,S00366,C035,2025-06-14,10,2,Low Attendance
A001784,S12094,C043,2025-07-15,20,5,Low Attendance
A001785,S02653,C035,2025-07-09,15,12,Present
A001786,S17081,C030,2025-12-28,10,2,Low Attendance
A001787,S03947,C013,2025-07-19,10,0,Low Attendance
A001788,S06170,C021,2025-01-11,15,7,Low Attendance
A001789,S18705,C013,2025-12-11,10,10,Present
A001790,S19178,C007,2025-08-14,20,16,Present
A001791,S05409,C040,2025-10-15,30,24,Present
A001792,S06346,C004,2025-05-17,25,8,Low Attendance
A001793,S09850,C040,2025-09-14,15,9,Low Attendance
A001794,S19104,C045,2025-03-12,20,20,Present
A001795,S19122,C012,2025-02-24,20,13,Low Attendance
A001796,S11114,C017,2025-07-13,10,10,Present
A001797,S11293,C034,2025-09-19,30,11,Low Attendance
A001798,S09546,C002,2025-07-23,10,6,Low Attendance
A001799,S17900,C002,2025-02-06,15,6,Low Attendance
A001800,S13726,C048,2025-11-18,20,9,Low Attendance
A001801,S18078,C017,2025-06-08,25,21,
A001802,S16567,C018,2025-04-13,15,11,Low Attendance
A001803,S11462,C043,2025-11-29,15,10,Low Attendance
A001804,S00706,C026,2025-07-06,20,4,Low Attendance
A001805,S02626,C040,2025-12-15,25,21,Present
A001806,S02268,C031,2025-03-06,15,1,Low Attendance
A001807,S02800,C023,2025-04-06,10,3,Low Attendance
A001808,S19635,C015,2025-05-06,30,30,Present
A001809,S03259,C003,2025-05-31,30,24,Present
A001810,S19640,C026,2025-06-11,10,3,Low Attendance
A001811,S11040,C001,2025-12-11,30,8,Low Attendance
A001812,S12890,C019,2025-12-20,30,27,Present
A001813,S08780,C017,2025-04-12,10,9,Present
A001814,S09613,C043,2025-02-11,15,11,Low Attendance
A001815,S16135,C036,2025-06-03,15,7,Low Attendance
A001816,S16262,C014,2025-06-17,25,21,Present
A001817,S13014,C045,2025-09-13,25,20,Present
A001818,S08763,C016,2025-08-21,20,6,Low Attendance
A001819,S07647,C039,2025-12-14,20,12,Low Attendance
A001820,S09396,C010,2025-02-02,20,16,Present
A001821,S07112,C049,2025-10-06,25,2,Low Attendance
A001822,S17186,C024,2025-04-10,30,2,Low Attendance
A001823,S00004,C008,2025-02-23,20,10,Low Attendance
A001824,S05890,C045,2025-10-08,15,8,Low Attendance
A001825,S06775,C044,2025-12-02,20,20,Present
A001826,S12969,C006,2025-03-12,20,6,Low Attendance
A001827,S05866,C033,2025-05-04,30,9,Low Attendance
A001828,S18927,C009,2025-06-07,20,0,Low Attendance
A001829,S10443,C046,2025-07-13,15,2,Low Attendance
A001830,S08834,C003,2025-09-30,15,3,Low Attendance
A001831,S16155,C049,2025-07-06,25,3,Low Attendance
A001832,S10724,C039,2025-09-20,20,6,Low Attendance
A001833,S14333,C020,2025-04-29,20,2,Low Attendance
A001834,S00361,C043,2025-09-04,10,4,Low Attendance
A001835,S10975,C044,2025-12-29,30,14,Low Attendance
A001836,S18811,C037,2025-07-23,20,11,Low Attendance
A001837,S19319,C029,2025-12-26,20,7,Low Attendance
A001838,S16333,C042,2025-09-19,10,1,Low Attendance
A001839,S02916,C019,2025-10-05,15,1,Low Attendance
A001840,S13823,C033,2025-11-29,30,18,Low Attendance
A001841,S11450,C048,2025-09-07,20,19,Present
A001842,S13464,C022,2025-02-15,15,5,Low Attendance
A001843,S18123,C029,2025-02-06,15,10,Low Attendance
A001844,S17068,C004,2025-06-28,10,1,Low Attendance
A001845,S07461,C044,2025-11-22,10,9,Present
A001846,S12569,C027,2025-10-03,20,7,Low Attendance
A001847,S17511,C024,2025-12-27,10,5,Low Attendance
A001848,S16571,C017,2025-05-19,20,12,Low Attendance
A001849,S06482,C043,2025-10-14,30,4,Low Attendance
A001850,S13393,C017,2025-07-10,20,12,Low Attendance
A001851,S02069,C002,2025-12-15,15,2,Low Attendance
A001852,S15370,C042,2025-12-24,25,0,Low Attendance
A001853,S17283,C002,2025-12-27,10,9,Present
A001854,S17690,C050,2025-07-02,30,17,Low Attendance
A001855,S13092,C026,2025-10-09,30,18,Low Attendance
A001856,S06543,C036,2025-11-17,10,8,Present
A001857,S15725,C049,2025-04-18,25,17,Low Attendance
A001858,S02623,C015,2025-05-16,20,15,Present
A001859,S02050,C015,2025-05-19,30,12,Low Attendance
A001860,S09360,C049,2025-09-23,15,4,Low Attendance
A001861,S14197,C037,2025-09-12,20,10,Low Attendance
A001862,S03405,C001,2025-12-22,25,16,Low Attendance
A001863,S12530,C050,2025-08-23,20,15,Present
A001864,S02373,C016,2025-01-16,10,7,Low Attendance
A001865,S07991,C027,2025-03-20,20,0,Low Attendance
A001866,S02857,C012,2025-11-30,15,0,Low Attendance
A001867,S11923,C012,2025-12-02,10,9,Present
A001868,S05495,C036,2025-12-26,30,20,Low Attendance
A001869,S17096,C050,2025-05-04,10,0,Low Attendance
A001870,S13194,C046,2025-07-27,10,6,Low Attendance
A001871,S19444,C011,2025-10-12,20,16,Present
A001872,S07368,C031,2025-01-06,15,4,Low Attendance
A001873,S07501,C015,2025-04-21,10,1,Low Attendance
A001874,S15585,C027,2025-08-14,25,13,Low Attendance
A001875,S09651,C007,2025-08-26,15,1,Low Attendance
A001876,S12289,C036,2025-09-09,30,4,Low Attendance
A001877,S10740,C007,2025-05-17,20,15,Present
A001878,S16719,C017,2025-05-04,15,4,Low Attendance
A001879,S19829,C027,2025-03-06,20,19,Present
A001880,S06591,C018,2025-12-12,10,7,Low Attendance
A001881,S01618,C047,2025-11-15,30,29,Present
A001882,S10355,C010,2025-10-27,25,5,Low Attendance
A001883,S01065,C026,2025-06-08,10,6,Low Attendance
A001884,S06183,C025,2025-07-24,15,1,Low Attendance
A001885,S11424,C042,2025-01-23,15,9,
A001886,S01563,C026,2025-10-23,10,0,Low Attendance
A001887,S15822,C002,2025-04-07,10,2,Low Attendance
A001888,S18101,C033,2025-05-24,10,6,Low Attendance
A001889,S11289,C043,2025-06-24,20,4,Low Attendance
A001890,S03221,C007,2025-10-08,25,3,Low Attendance
A001891,S04776,C046,2025-01-20,10,7,Low Attendance
A001892,S08551,C009,2025-01-29,20,8,Low Attendance
A001893,S16325,C006,2025-05-29,10,8,Present
A001894,S06105,C042,2025-02-11,30,21,Low Attendance
A001895,S04988,C020,2025-04-14,15,2,Low Attendance
A001896,S05537,C018,2025-05-25,20,20,Present
A001897,S01589,C018,2025-09-12,15,10,Low Attendance
A001898,S15136,C045,2025-06-12,15,12,Present
A001899,S13211,C040,2025-01-31,20,0,Low Attendance
A001900,S06565,C040,2025-03-03,25,4,Low Attendance
A001901,S05532,C005,2025-06-14,10,6,Low Attendance
A001902,S13743,C001,2025-04-05,15,6,Low Attendance
A001903,S19486,C048,2025-01-04,20,4,Low Attendance
A001904,S18753,C016,2025-08-29,10,10,Present
A001905,S15686,C049,2025-07-27,15,12,Present
A001906,S16443,C015,2025-08-02,10,6,Low Attendance
A001907,S17659,C041,2025-04-17,25,9,Low Attendance
A001908,S19298,C020,2025-09-07,10,9,Present
A001909,S11084,C032,2025-11-19,25,18,Low Attendance
A001910,S04769,C031,2025-06-28,30,25,Present
A001911,S01406,C012,2025-03-12,15,10,Low Attendance
A001912,S10005,C015,2025-12-12,20,7,Low Attendance
A001913,S05475,C013,2025-05-24,15,3,Low Attendance
A001914,S00592,C039,2025-09-27,15,7,Low Attendance
A001915,S14441,C017,2025-12-22,10,6,Low Attendance
A001916,S18403,C021,2025-03-21,25,18,Low Attendance
A001917,S05314,C039,2025-03-03,30,11,Low Attendance
A001918,S17750,C027,2025-10-08,30,19,Low Attendance
A001919,S00518,C020,2025-11-07,30,18,Low Attendance
A001920,S03808,C012,2025-08-21,30,2,Low Attendance
A001921,S13592,C026,2025-07-12,15,2,Low Attendance
A001922,S00491,C032,2025-05-25,25,0,Low Attendance
A001923,S17486,C040,2025-12-22,30,25,Present
A001924,S07017,C029,2025-01-24,30,5,Low Attendance
A001925,S17213,C013,2025-10-03,30,2,Low Attendance
A001926,S18684,C012,2025-10-13,15,1,Low Attendance
A001927,S05710,C040,2025-11-04,15,0,Low Attendance
A001928,S15500,C038,2025-08-14,10,0,Low Attendance
A001929,S13725,C032,2025-01-24,30,7,Low Attendance
A001930,S13973,C037,2025-09-04,20,15,Present
A001931,S04558,C022,2025-12-23,10,7,Low Attendance
A001932,S02181,C034,2025-11-28,30,10,Low Attendance
A001933,S02116,C034,2025-11-18,15,8,Low Attendance
A001934,S16760,C015,2025-12-30,15,7,Low Attendance
A001935,S18867,C005,2025-07-05,25,5,Low Attendance
A001936,S07087,C007,2025-01-16,30,2,Low Attendance
A001937,S09217,C012,2025-04-02,25,12,Low Attendance
A001938,S09256,C001,2025-11-20,20,2,Low Attendance
A001939,S05938,C019,2025-12-21,25,25,Present
A001940,S01577,C019,2025-02-10,15,0,Low Attendance
A001941,S13485,C049,2025-07-18,30,16,Low Attendance
A001942,S00181,C045,2025-08-26,10,7,Low Attendance
A001943,S04455,C047,2025-01-05,25,3,Low Attendance
A001944,S18077,C015,2025-07-31,15,3,Low Attendance
A001945,S07034,C028,2025-03-17,10,3,Low Attendance
A001946,S16362,C041,2025-01-20,30,4,Low Attendance
A001947,S02658,C019,2025-01-05,25,11,Low Attendance
A001948,S10025,C049,2025-04-21,20,6,Low Attendance
A001949,S07484,C031,2025-12-11,15,6,Low Attendance
A001950,S09825,C021,2025-03-17,30,2,Low Attendance
A001951,S06448,C016,2025-11-12,15,0,Low Attendance
A001952,S17720,C008,2025-06-07,25,25,Present
A001953,S09757,C034,2025-01-21,25,7,Low Attendance
A001954,S10321,C040,2025-12-27,25,1,Low Attendance
A001955,S03780,C032,2025-12-30,20,16,Present
A001956,S15425,C013,2025-12-04,15,6,Low Attendance
A001957,S18368,C044,2025-08-26,15,14,Present
A001958,S11051,C044,2025-11-19,15,5,Low Attendance
A001959,S13004,C029,2025-07-12,10,0,Low Attendance
A001960,S00568,C036,2025-08-16,10,3,Low Attendance
A001961,S17463,C039,2025-08-06,25,15,Low Attendance
A001962,S10324,C036,2025-06-13,20,20,Present
A001963,S00658,C016,2025-07-18,10,7,Low Attendance
A001964,S16752,C005,2025-07-06,25,2,Low Attendance
A001965,S13244,C009,2025-01-26,25,18,Low Attendance
A001966,S07266,C002,2025-12-11,30,10,Low Attendance
A001967,S04373,C046,2025-05-21,30,11,Low Attendance
A001968,S00797,C005,2025-10-13,25,8,Low Attendance
A001969,S00397,C018,2025-04-13,30,21,Low Attendance
A001970,S16355,C042,2025-01-21,15,14,Present
A001971,S13881,C036,2025-07-31,25,14,Low Attendance
A001972,S08813,C007,2025-10-24,25,9,Low Attendance
A001973,S04394,C002,2025-01-05,25,5,Low Attendance
A001974,S14525,C007,2025-08-08,30,30,Present
A001975,S03660,C004,2025-06-04,30,28,Present
A001976,S03855,C022,2025-06-23,30,20,Low Attendance
A001977,S02788,C044,2025-04-13,25,15,Low Attendance
A001978,S11394,C032,2025-11-27,10,0,Low Attendance
A001979,S04893,C005,2025-09-13,25,1,Low Attendance
A001980,S02286,C044,2025-05-14,15,1,Low Attendance
A001981,S17676,C043,2025-04-19,15,12,Present
A001982,S10192,C043,2025-08-13,30,17,Low Attendance
A001983,S18799,C009,2025-03-17,15,6,Low Attendance
A001984,S17039,C020,2025-04-05,10,7,Low Attendance
A001985,S05888,C012,2025-03-29,20,13,Low Attendance
A001986,S03787,C002,2025-01-13,10,8,Present
A001987,S15967,C006,2025-03-15,20,5,Low Attendance
A001988,S01406,C003,2025-10-04,15,0,Low Attendance
A001989,S13719,C033,2025-05-23,25,11,Low Attendance
A001990,S18171,C015,2025-09-16,25,4,Low Attendance
A001991,S18612,C040,2025-08-13,25,15,Low Attendance
A001992,S13413,C031,2025-08-23,25,20,Present
A001993,S09721,C016,2025-10-08,20,13,Low Attendance
A001994,S14574,C034,2025-07-20,15,0,Low Attendance
A001995,S04611,C022,2025-04-23,30,10,Low Attendance
A001996,S16424,C013,2025-05-10,20,15,Present
A001997,S05719,C024,2025-03-27,30,9,Low Attendance
A001998,S00618,C032,2025-09-11,30,7,Low Attendance
A001999,S17315,C007,2025-06-15,30,18,Low Attendance
A002000,S01085,C020,2025-03-12,30,26,Present
A002001,S13702,C043,2025-03-18,25,1,Low Attendance
A002002,S03400,C040,2025-12-24,10,7,Low Attendance
A002003,S03442,C047,2025-06-28,25,6,Low Attendance
A002004,S14951,C039,2025-03-31,10,3,Low Attendance
A002005,S18885,C014,2025-06-05,25,16,Low Attendance
A002006,S13860,C022,2025-01-02,15,9,Low Attendance
A002007,S06628,C040,2025-02-01,10,8,Present
A002008,S11754,C008,2025-04-24,25,15,Low Attendance
A002009,S08853,C045,2025-11-25,25,22,Present
A002010,S02202,C027,2025-01-26,25,19,Present
A002011,S09364,C025,2025-11-26,10,5,Low Attendance
A002012,S04769,C030,2025-06-18,20,5,Low Attendance
A002013,S08257,C039,2025-11-07,20,3,Low Attendance
A002014,S08888,C027,2025-09-19,30,30,Present
A002015,S07360,C049,2025-09-06,10,3,Low Attendance
A002016,S14067,C014,2025-10-24,25,22,Present
A002017,S14614,C035,2025-05-22,10,7,Low Attendance
A002018,S14996,C003,2025-06-22,20,15,Present
A002019,S03780,C021,2025-05-08,10,10,Present
A002020,S10345,C019,2025-10-27,10,9,Present
A002021,S15368,C040,2025-02-08,15,6,Low Attendance
A002022,S04495,C033,2025-09-16,15,4,Low Attendance
A002023,S10620,C048,2025-11-08,15,13,Present
A002024,S19737,C048,2025-10-29,20,20,Present
A002025,S13116,C004,2025-03-24,10,5,Low Attendance
A002026,S19100,C005,2025-06-30,15,10,Low Attendance
A002027,S07350,C038,2025-11-05,25,5,Low Attendance
A002028,S05961,C017,2025-03-17,30,24,Present
A002029,S13210,C042,2025-12-21,15,7,Low Attendance
A002030,S03103,C032,2025-11-24,25,3,Low Attendance
A002031,S15698,C013,2025-07-21,30,7,Low Attendance
A002032,S12866,C014,2025-10-14,25,20,Present
A002033,S05330,C016,2025-06-11,20,10,Low Attendance
A002034,S13397,C028,2025-01-08,10,0,Low Attendance
A002035,S10026,C034,2025-04-12,10,7,Low Attendance
A002036,S12753,C006,2025-10-07,15,8,Low Attendance
A002037,S14782,C001,2025-05-01,10,1,Low Attendance
A002038,S02195,C033,2025-04-23,20,5,Low Attendance
A002039,S00924,C032,2025-06-24,30,20,Low Attendance
A002040,S18116,C050,2025-01-13,25,15,Low Attendance
A002041,S12850,C014,2025-10-06,25,13,Low Attendance
A002042,S08629,C041,2025-03-29,30,29,Present
A002043,S12576,C005,2025-05-21,30,19,Low Attendance
A002044,S11615,C027,2025-02-01,15,11,Low Attendance
A002045,S02849,C037,2025-10-11,25,2,Low Attendance
A002046,S00295,C006,2025-01-24,30,25,Present
A002047,S17489,C010,2025-10-27,30,4,Low Attendance
A002048,S15038,C044,2025-06-14,15,8,Low Attendance
A002049,S03611,C014,2025-09-27,10,0,Low Attendance
A002050,S05999,C039,2025-09-04,10,4,Low Attendance
A002051,S02766,C041,2025-04-15,25,5,Low Attendance
A002052,S12716,C018,2025-11-16,30,7,Low Attendance
A002053,S15787,C015,2025-01-14,15,14,Present
A002054,S14603,C033,2025-01-28,25,24,Present
A002055,S18675,C013,2025-10-19,20,9,Low Attendance
A002056,S16203,C042,2025-05-26,10,8,Present
A002057,S01858,C048,2025-06-03,10,0,Low Attendance
A002058,S13203,C050,2025-08-20,20,17,Present
A002059,S09817,C040,2025-06-22,15,10,Low Attendance
A002060,S08414,C039,2025-04-18,20,7,Low Attendance
A002061,S15460,C015,2025-01-28,15,13,Present
A002062,S05642,C028,2025-11-17,25,18,Low Attendance
A002063,S07319,C026,2025-10-14,20,0,Low Attendance
A002064,S12330,C006,2025-10-26,15,4,Low Attendance
A002065,S11848,C033,2025-11-15,20,8,Low Attendance
A002066,S18540,C041,2025-08-05,25,18,Low Attendance
A002067,S03896,C049,2025-02-16,10,10,Present
A002068,S17408,C023,2025-05-29,10,3,Low Attendance
A002069,S05856,C045,2025-01-15,30,25,Present
A002070,S02467,C016,2025-12-09,10,8,Present
A002071,S14658,C043,2025-07-09,10,9,Present
A002072,S12718,C021,2025-02-08,25,16,Low Attendance
A002073,S18242,C002,2025-07-04,15,4,Low Attendance
A002074,S00338,C023,2025-06-20,20,15,Present
A002075,S04001,C029,2025-12-01,15,10,Low Attendance
A002076,S15914,C019,2025-10-07,30,4,Low Attendance
A002077,S12730,C010,2025-10-24,20,10,Low Attendance
A002078,S05076,C019,2025-12-25,20,11,Low Attendance
A002079,S00332,C034,2025-11-06,25,2,Low Attendance
A002080,S16884,C006,2025-02-08,25,21,Present
A002081,S18319,C002,2025-07-04,15,15,Present
A002082,S10006,C046,2025-10-09,15,5,Low Attendance
A002083,S05044,C034,2025-12-27,25,15,Low Attendance
A002084,S18808,C006,2025-12-01,10,9,Present
A002085,S18827,C043,2025-09-28,25,7,Low Attendance
A002086,S09516,C039,2025-06-12,10,8,Present
A002087,S06307,C044,2025-01-30,15,12,Present
A002088,S16433,C004,2025-04-20,20,1,Low Attendance
A002089,S18945,C004,2025-12-28,15,8,Low Attendance
A002090,S01533,C044,2025-01-05,30,21,Low Attendance
A002091,S04227,C029,2025-02-23,25,3,Low Attendance
A002092,S09719,C024,2025-09-14,25,2,Low Attendance
A002093,S13825,C025,2025-05-30,15,0,Low Attendance
A002094,S16948,C017,2025-07-27,20,9,Low Attendance
A002095,S02908,C019,2025-03-10,10,4,Low Attendance
A002096,S12215,C038,2025-05-17,15,9,Low Attendance
A002097,S07778,C028,2025-07-13,30,9,Low Attendance
A002098,S04290,C013,2025-08-02,25,5,Low Attendance
A002099,S05414,C042,2025-11-03,25,4,Low Attendance
A002100,S04181,C049,2025-05-10,20,5,Low Attendance
A002101,S00326,C023,2025-05-10,10,2,Low Attendance
A002102,S00257,C012,2025-04-27,25,19,Present
A002103,S00832,C022,2025-12-08,15,9,Low Attendance
A002104,S07321,C004,2025-03-10,30,4,Low Attendance
A002105,S06217,C023,2025-07-16,30,14,Low Attendance
A002106,S16960,C041,2025-10-24,15,1,Low Attendance
A002107,S01847,C034,2025-06-09,30,9,Low Attendance
A002108,S01600,C048,2025-01-16,15,2,Low Attendance
A002109,S06792,C045,2025-03-18,15,13,Present
A002110,S05304,C033,2025-06-13,20,17,Present
A002111,S00337,C037,2025-06-29,10,2,Low Attendance
A002112,S01063,C016,2025-09-21,30,15,Low Attendance
A002113,S04570,C013,2025-05-24,30,14,Low Attendance
A002114,S06361,C006,2025-10-05,15,11,Low Attendance
A002115,S19318,C033,2025-09-04,30,28,Present
A002116,S18725,C019,2025-11-09,30,10,Low Attendance
A002117,S12167,C050,2025-09-04,10,9,Present
A002118,S04199,C018,2025-12-03,30,20,Low Attendance
A002119,S01740,C030,2025-07-18,30,14,Low Attendance
A002120,S17340,C002,2025-11-30,20,3,Low Attendance
A002121,S17412,C043,2025-09-13,15,0,Low Attendance
A002122,S03871,C044,2025-02-04,15,7,Low Attendance
A002123,S05273,C049,2025-01-14,20,20,Present
A002124,S02455,C023,2025-01-15,20,6,Low Attendance
A002125,S02332,C004,2025-08-14,25,19,Present
A002126,S14702,C024,2025-09-11,15,12,Present
A002127,S07831,C007,2025-06-05,25,1,Low Attendance
A002128,S17242,C048,2025-12-25,30,19,Low Attendance
A002129,S05810,C025,2025-03-23,30,16,Low Attendance
A002130,S18871,C050,2025-06-28,25,13,Low Attendance
A002131,S04465,C019,2025-05-19,10,7,Low Attendance
A002132,S19689,C034,2025-10-02,20,14,Low Attendance
A002133,S03895,C031,2025-10-09,20,13,Low Attendance
A002134,S05334,C021,2025-05-11,30,22,Low Attendance
A002135,S06182,C008,2025-07-21,20,18,Present
A002136,S03251,C023,2025-05-19,15,10,Low Attendance
A002137,S18716,C012,2025-03-23,15,2,Low Attendance
A002138,S09246,C016,2025-12-12,10,5,Low Attendance
A002139,S13823,C008,2025-12-25,25,8,Low Attendance
A002140,S05794,C045,2025-10-24,15,8,Low Attendance
A002141,S13086,C006,2025-04-24,10,8,Present
A002142,S10714,C038,2025-12-22,25,15,Low Attendance
A002143,S08529,C013,2025-09-09,15,4,Low Attendance
A002144,S14154,C031,2025-06-27,15,6,Low Attendance
A002145,S01088,C032,2025-12-28,20,5,
A002146,S19442,C016,2025-11-19,20,6,Low Attendance
A002147,S02270,C011,2025-11-16,10,6,Low Attendance
A002148,S11914,C025,2025-12-12,25,1,Low Attendance
A002149,S11803,C028,2025-02-01,10,5,Low Attendance
A002150,S04470,C028,2025-09-20,15,12,Present
A002151,S10457,C035,2025-12-30,20,14,Low Attendance
A002152,S12301,C042,2025-04-10,10,0,Low Attendance
A002153,S01291,C042,2025-06-08,10,3,Low Attendance
A002154,S04070,C019,2025-04-22,25,19,Present
A002155,S17972,C029,2025-05-27,30,5,Low Attendance
A002156,S02599,C049,2025-09-24,30,21,Low Attendance
A002157,S14793,C004,2025-07-28,20,2,Low Attendance
A002158,S09128,C003,2025-03-16,20,0,Low Attendance
A002159,S17122,C038,2025-04-09,25,11,Low Attendance
A002160,S11596,C003,2025-08-28,15,12,Present
A002161,S15933,C012,2025-09-19,15,13,Present
A002162,S17332,C039,2025-06-07,20,19,Present
A002163,S02811,C018,2025-09-06,10,6,Low Attendance
A002164,S15809,C002,2025-09-30,25,22,Present
A002165,S04503,C017,2025-02-11,10,0,Low Attendance
A002166,S01603,C034,2025-06-17,25,15,Low Attendance
A002167,S07064,C004,2025-05-02,30,19,Low Attendance
A002168,S12043,C013,2025-06-10,15,5,Low Attendance
A002169,S05063,C010,2025-05-16,10,2,Low Attendance
A002170,S08689,C006,2025-12-26,10,3,Low Attendance
A002171,S07753,C021,2025-10-19,25,9,Low Attendance
A002172,S14755,C014,2025-10-31,25,24,Present
A002173,S14640,C036,2025-07-14,30,19,Low Attendance
A002174,S03059,C007,2025-02-14,30,24,Present
A002175,S16069,C032,2025-07-23,15,14,Present
A002176,S16761,C033,2025-09-17,20,20,Present
A002177,S09244,C026,2025-01-27,10,5,Low Attendance
A002178,S15767,C048,2025-08-28,20,7,Low Attendance
A002179,S05969,C047,2025-07-04,30,1,Low Attendance
A002180,S19655,C008,2025-09-20,25,16,Low Attendance
A002181,S13921,C015,2025-10-29,10,10,Present
A002182,S09431,C031,2025-01-22,30,5,Low Attendance
A002183,S17319,C038,2025-04-20,20,1,Low Attendance
A002184,S01964,C018,2025-06-18,15,11,Low Attendance
A002185,S09657,C002,2025-07-29,30,8,Low Attendance
A002186,S17342,C006,2025-04-10,30,7,Low Attendance
A002187,S10233,C021,2025-01-18,15,12,Present
A002188,S17276,C029,2025-01-09,20,11,Low Attendance
A002189,S12144,C008,2025-07-04,10,5,Low Attendance
A002190,S03500,C014,2025-01-20,15,11,Low Attendance
A002191,S04303,C013,2025-10-31,15,13,Present
A002192,S07472,C005,2025-02-03,15,13,Present
A002193,S04682,C034,2025-07-28,15,3,Low Attendance
A002194,S00769,C005,2025-07-25,30,2,Low Attendance
A002195,S07333,C014,2025-04-25,10,9,Present
A002196,S11915,C016,2025-12-14,10,10,Present
A002197,S08141,C019,2025-09-13,20,18,Present
A002198,S03126,C009,2025-12-16,20,12,Low Attendance
A002199,S17230,C038,2025-02-25,10,8,Present
A002200,S00107,C031,2025-07-24,10,8,Present
A002201,S02429,C038,2025-12-18,25,0,Low Attendance
A002202,S08887,C046,2025-05-13,30,0,Low Attendance
A002203,S18537,C027,2025-11-06,25,8,Low Attendance
A002204,S15070,C031,2025-08-17,20,17,Present
A002205,S16710,C024,2025-07-03,20,1,Low Attendance
A002206,S18816,C030,2025-07-17,15,8,Low Attendance
A002207,S07288,C018,2025-09-23,10,0,Low Attendance
A002208,S11020,C030,2025-05-06,30,5,Low Attendance
A002209,S04004,C015,2025-04-13,20,11,Low Attendance
A002210,S10754,C022,2025-06-15,30,5,Low Attendance
A002211,S02750,C023,2025-07-30,15,12,Present
A002212,S19948,C041,2025-10-22,25,18,Low Attendance
A002213,S07349,C034,2025-08-16,30,24,Present
A002214,S08296,C032,2025-04-26,25,0,Low Attendance
A002215,S12684,C021,2025-08-04,20,12,Low Attendance
A002216,S15921,C007,2025-01-27,30,26,Present
A002217,S16142,C033,2025-04-29,30,4,Low Attendance
A002218,S04641,C008,2025-10-24,20,3,Low Attendance
A002219,S08303,C006,2025-06-16,25,11,Low Attendance
A002220,S14451,C033,2025-04-27,15,4,Low Attendance
A002221,S06312,C042,2025-12-23,30,6,Low Attendance
A002222,S07073,C010,2025-02-02,15,4,Low Attendance
A002223,S08970,C004,2025-01-04,25,9,Low Attendance
A002224,S12759,C030,2025-01-21,20,12,Low Attendance
A002225,S04426,C037,2025-02-16,20,19,Present
A002226,S03812,C025,2025-10-20,20,14,Low Attendance
A002227,S08462,C024,2025-11-15,30,21,Low Attendance
A002228,S10891,C023,2025-07-12,15,6,Low Attendance
A002229,S12375,C031,2025-05-12,15,0,Low Attendance
A002230,S13494,C004,2025-04-01,20,19,Present
A002231,S15100,C041,2025-07-03,15,10,Low Attendance
A002232,S10490,C004,2025-01-20,25,12,Low Attendance
A002233,S00535,C020,2025-06-22,15,8,Low Attendance
A002234,S15766,C006,2025-04-13,25,3,Low Attendance
A002235,S18096,C043,2025-08-05,10,0,Low Attendance
A002236,S09368,C015,2025-09-24,10,4,Low Attendance
A002237,S04908,C031,2025-11-27,10,0,Low Attendance
A002238,S09008,C022,2025-10-17,20,13,Low Attendance
A002239,S12925,C047,2025-06-22,15,5,Low Attendance
A002240,S04949,C047,2025-02-16,10,2,Low Attendance
A002241,S13688,C038,2025-12-08,10,10,Present
A002242,S05312,C046,2025-09-18,10,6,Low Attendance
A002243,S16198,C030,2025-05-31,10,3,Low Attendance
A002244,S12534,C007,2025-10-17,10,10,Present
A002245,S18550,C028,2025-01-06,30,29,Present
A002246,S12907,C046,2025-03-06,15,10,Low Attendance
A002247,S09808,C043,2025-08-01,25,11,Low Attendance
A002248,S17986,C018,2025-10-31,30,30,Present
A002249,S16207,C008,2025-08-08,25,8,Low Attendance
A002250,S08624,C016,2025-01-30,10,7,Low Attendance
A002251,S05755,C019,2025-08-30,20,16,Present
A002252,S12139,C008,2025-11-18,25,18,Low Attendance
A002253,S02739,C014,2025-09-05,20,11,Low Attendance
A002254,S01066,C027,2025-05-12,10,0,Low Attendance
A002255,S13230,C036,2025-02-10,10,1,Low Attendance
A002256,S11518,C003,2025-09-17,15,1,Low Attendance
A002257,S17083,C018,2025-10-25,25,18,Low Attendance
A002258,S14611,C046,2025-05-08,30,25,Present
A002259,S01799,C004,2025-09-24,10,1,Low Attendance
A002260,S06137,C040,2025-11-02,30,16,Low Attendance
A002261,S05573,C047,2025-11-30,10,10,Present
A002262,S01511,C011,2025-08-23,10,3,Low Attendance
A002263,S16604,C031,2025-02-14,30,8,Low Attendance
A002264,S14651,C007,2025-02-26,30,25,Present
A002265,S04138,C022,2025-12-04,10,1,Low Attendance
A002266,S16182,C017,2025-12-14,20,4,Low Attendance
A002267,S08883,C023,2025-06-24,25,13,Low Attendance
A002268,S05533,C036,2025-02-03,10,7,Low Attendance
A002269,S02208,C045,2025-07-18,20,4,Low Attendance
A002270,S05134,C050,2025-02-08,25,10,Low Attendance
A002271,S03765,C016,2025-04-11,25,12,Low Attendance
A002272,S07930,C024,2025-09-16,20,6,Low Attendance
A002273,S19062,C016,2025-11-29,20,17,Present
A002274,S11178,C010,2025-10-17,25,12,Low Attendance
A002275,S15163,C015,2025-03-01,10,1,Low Attendance
A002276,S07494,C035,2025-05-20,20,12,Low Attendance
A002277,S05645,C027,2025-11-05,20,18,Present
A002278,S02587,C006,2025-09-29,15,5,Low Attendance
A002279,S03382,C004,2025-09-02,15,15,Present
A002280,S03727,C040,2025-05-22,30,11,Low Attendance
A002281,S10555,C012,2025-04-20,30,20,Low Attendance
A002282,S19604,C025,2025-05-31,30,26,Present
A002283,S02925,C049,2025-08-17,30,2,Low Attendance
A002284,S15111,C047,2025-11-09,25,8,Low Attendance
A002285,S07223,C042,2025-08-30,15,6,Low Attendance
A002286,S19834,C009,2025-06-26,15,2,Low Attendance
A002287,S00831,C014,2025-01-13,20,2,Low Attendance
A002288,S14190,C038,2025-03-13,20,12,
A002289,S15418,C015,2025-04-14,25,1,Low Attendance
A002290,S12662,C006,2025-03-29,15,0,Low Attendance
A002291,S11976,C034,2025-10-16,10,2,
A002292,S05882,C037,2025-04-02,30,26,Present
A002293,S10301,C049,2025-10-03,10,0,Low Attendance
A002294,S16755,C035,2025-02-16,15,1,Low Attendance
A002295,S01090,C042,2025-11-17,10,1,Low Attendance
A002296,S16852,C044,2025-10-31,10,4,Low Attendance
A002297,S13980,C030,2025-03-09,25,23,Present
A002298,S13195,C019,2025-06-16,20,20,Present
A002299,S10552,C020,2025-03-04,15,11,Low Attendance
A002300,S17182,C002,2025-11-26,15,1,Low Attendance
A002301,S17208,C018,2025-10-01,30,23,Present
A002302,S00809,C020,2025-04-04,15,10,Low Attendance
A002303,S17952,C023,2025-11-12,25,1,Low Attendance
A002304,S06668,C015,2025-03-14,10,6,Low Attendance
A002305,S17180,C018,2025-05-15,30,27,Present
A002306,S07263,C028,2025-05-12,20,2,Low Attendance
A002307,S15120,C017,2025-11-03,10,5,Low Attendance
A002308,S01725,C030,2025-03-03,25,4,Low Attendance
A002309,S08166,C032,2025-09-07,10,5,Low Attendance
A002310,S09238,C036,2025-04-28,25,2,Low Attendance
A002311,S03631,C048,2025-06-21,30,11,Low Attendance
A002312,S02542,C016,2025-06-08,30,16,Low Attendance
A002313,S02082,C022,2025-01-08,25,11,Low Attendance
A002314,S06014,C025,2025-12-27,20,5,Low Attendance
A002315,S00309,C034,2025-10-18,10,10,Present
A002316,S05342,C050,2025-12-04,20,7,Low Attendance
A002317,S05557,C041,2025-04-28,25,18,Low Attendance
A002318,S16385,C012,2025-02-17,25,8,Low Attendance
A002319,S14628,C018,2025-04-12,30,18,Low Attendance
A002320,S05697,C024,2025-11-26,20,20,Present
A002321,S08788,C022,2025-12-28,15,5,Low Attendance
A002322,S18513,C022,2025-07-10,10,8,Present
A002323,S07151,C021,2025-05-04,10,4,Low Attendance
A002324,S19374,C026,2025-02-06,10,3,Low Attendance
A002325,S01225,C049,2025-09-02,20,16,Present
A002326,S13140,C047,2025-04-18,30,4,Low Attendance
A002327,S00514,C006,2025-05-11,10,1,Low Attendance
A002328,S05853,C007,2025-08-09,20,13,Low Attendance
A002329,S17682,C001,2025-05-25,15,9,Low Attendance
A002330,S06215,C031,2025-10-26,25,25,Present
A002331,S03243,C026,2025-01-04,20,4,Low Attendance
A002332,S06847,C011,2025-04-22,10,1,Low Attendance
A002333,S19066,C020,2025-06-26,25,15,Low Attendance
A002334,S05451,C050,2025-03-06,30,25,Present
A002335,S04071,C003,2025-10-29,10,6,Low Attendance
A002336,S14341,C027,2025-04-04,15,5,Low Attendance
A002337,S18131,C028,2025-07-14,25,1,Low Attendance
A002338,S10693,C012,2025-10-07,10,0,Low Attendance
A002339,S17571,C025,2025-07-27,15,9,Low Attendance
A002340,S05129,C030,2025-07-23,30,1,Low Attendance
A002341,S19580,C036,2025-10-28,20,19,Present
A002342,S13826,C039,2025-06-18,15,3,Low Attendance
A002343,S19146,C027,2025-04-18,25,17,Low Attendance
A002344,S05769,C003,2025-11-16,10,7,Low Attendance
A002345,S10564,C019,2025-11-03,10,8,Present
A002346,S05091,C020,2025-08-13,25,22,Present
A002347,S07736,C046,2025-03-22,25,14,Low Attendance
A002348,S18522,C018,2025-08-19,30,8,Low Attendance
A002349,S15962,C011,2025-06-03,25,16,Low Attendance
A002350,S16754,C039,2025-07-08,25,8,Low Attendance
A002351,S11540,C001,2025-12-07,20,10,Low Attendance
A002352,S06972,C046,2025-05-16,10,0,Low Attendance
A002353,S05006,C008,2025-10-31,20,10,Low Attendance
A002354,S13597,C047,2025-04-01,25,23,Present
A002355,S13824,C023,2025-10-12,30,13,Low Attendance
A002356,S15790,C012,2025-11-18,10,1,Low Attendance
A002357,S01513,C016,2025-07-28,10,8,Present
A002358,S18160,C005,2025-04-12,30,4,Low Attendance
A002359,S04856,C017,2025-01-23,10,6,Low Attendance
A002360,S03626,C039,2025-06-10,15,10,Low Attendance
A002361,S13190,C043,2025-11-18,20,17,Present
A002362,S09689,C001,2025-05-11,10,3,Low Attendance
A002363,S07673,C013,2025-05-07,30,17,Low Attendance
A002364,S15774,C041,2025-02-15,15,0,Low Attendance
A002365,S18871,C039,2025-06-07,30,7,Low Attendance
A002366,S07066,C010,2025-11-18,10,9,Present
A002367,S13077,C037,2025-11-15,10,0,Low Attendance
A002368,S10021,C006,2025-06-28,15,11,Low Attendance
A002369,S05388,C038,2025-01-13,20,15,Present
A002370,S14319,C037,2025-07-01,10,9,Present
A002371,S16966,C028,2025-04-02,10,4,Low Attendance
A002372,S07088,C006,2025-01-31,10,7,Low Attendance
A002373,S10746,C038,2025-03-15,30,8,Low Attendance
A002374,S16421,C019,2025-05-28,30,20,Low Attendance
A002375,S15519,C031,2025-07-15,20,15,Present
A002376,S05621,C047,2025-01-21,15,9,Low Attendance
A002377,S08498,C042,2025-09-10,25,19,Present
A002378,S08099,C014,2025-03-22,30,26,Present
A002379,S10689,C005,2025-02-12,25,2,Low Attendance
A002380,S02136,C024,2025-06-18,10,4,Low Attendance
A002381,S14510,C025,2025-08-22,20,1,Low Attendance
A002382,S00745,C045,2025-09-07,15,2,Low Attendance
A002383,S15208,C001,2025-01-22,20,11,Low Attendance
A002384,S03393,C008,2025-10-25,30,6,Low Attendance
A002385,S16393,C012,2025-03-15,25,23,Present
A002386,S01790,C010,2025-08-19,30,9,Low Attendance
A002387,S12803,C033,2025-01-27,30,21,Low Attendance
A002388,S14064,C016,2025-10-12,30,20,Low Attendance
A002389,S14908,C028,2025-06-18,10,5,Low Attendance
A002390,S18339,C007,2025-03-22,15,10,Low Attendance
A002391,S07895,C036,2025-07-06,10,3,Low Attendance
A002392,S09806,C040,2025-04-09,10,7,Low Attendance
A002393,S10666,C050,2025-05-18,30,13,Low Attendance
A002394,S08013,C050,2025-05-18,20,1,Low Attendance
A002395,S10281,C042,2025-05-21,15,4,Low Attendance
A002396,S04289,C033,2025-07-02,15,15,Present
A002397,S06353,C030,2025-09-27,15,0,Low Attendance
A002398,S06740,C032,2025-01-06,25,16,Low Attendance
A002399,S11209,C011,2025-07-03,25,3,Low Attendance
A002400,S17170,C021,2025-07-21,25,17,Low Attendance
A002401,S00584,C010,2025-07-22,30,17,Low Attendance
A002402,S16183,C026,2025-11-18,30,28,Present
A002403,S09978,C032,2025-08-14,30,28,Present
A002404,S12098,C045,2025-03-29,30,10,Low Attendance
A002405,S01166,C030,2025-02-04,20,16,Present
A002406,S10957,C030,2025-08-14,30,23,Present
A002407,S08869,C039,2025-12-01,10,6,Low Attendance
A002408,S01115,C032,2025-03-11,25,3,Low Attendance
A002409,S02057,C049,2025-02-25,10,0,Low Attendance
A002410,S18002,C050,2025-12-08,15,11,Low Attendance
A002411,S09117,C042,2025-05-07,25,22,Present
A002412,S08444,C021,2025-05-01,25,0,Low Attendance
A002413,S03043,C019,2025-04-07,25,19,Present
A002414,S02533,C011,2025-08-07,30,6,Low Attendance
A002415,S01205,C041,2025-12-07,30,4,Low Attendance
A002416,S11651,C025,2025-09-12,30,9,Low Attendance
A002417,S03699,C043,2025-08-03,25,19,Present
A002418,S16098,C009,2025-09-18,20,12,Low Attendance
A002419,S04825,C020,2025-05-17,25,18,Low Attendance
A002420,S17809,C026,2025-09-02,20,3,Low Attendance
A002421,S07034,C032,2025-11-05,20,7,Low Attendance
A002422,S09233,C006,2025-06-18,25,15,Low Attendance
A002423,S09099,C019,2025-02-02,15,8,Low Attendance
A002424,S03155,C040,2025-01-21,25,0,Low Attendance
A002425,S03458,C037,2025-09-30,25,5,Low Attendance
A002426,S16946,C013,2025-11-08,10,3,Low Attendance
A002427,S13920,C035,2025-04-17,15,9,Low Attendance
A002428,S06815,C039,2025-03-27,25,19,Present
A002429,S15770,C007,2025-04-30,15,1,Low Attendance
A002430,S02008,C005,2025-01-12,15,8,Low Attendance
A002431,S17153,C031,2025-01-29,30,17,Low Attendance
A002432,S18749,C042,2025-05-28,30,16,Low Attendance
A002433,S18426,C002,2025-03-12,15,5,Low Attendance
A002434,S05188,C003,2025-08-18,15,0,Low Attendance
A002435,S01093,C041,2025-05-06,30,15,Low Attendance
A002436,S12015,C033,2025-02-21,20,0,Low Attendance
A002437,S08993,C032,2025-03-07,10,7,Low Attendance
A002438,S02279,C024,2025-03-01,10,9,Present
A002439,S16381,C005,2025-09-05,10,7,Low Attendance
A002440,S09514,C044,2025-10-13,15,13,Present
A002441,S01027,C042,2025-04-14,25,25,Present
A002442,S06957,C049,2025-06-10,30,0,Low Attendance
A002443,S11435,C004,2025-04-26,30,0,Low Attendance
A002444,S13808,C001,2025-06-22,25,11,Low Attendance
A002445,S11610,C027,2025-10-25,30,14,Low Attendance
A002446,S14927,C010,2025-08-28,15,10,Low Attendance
A002447,S07483,C034,2025-02-19,15,0,Low Attendance
A002448,S12650,C022,2025-02-27,20,12,Low Attendance
A002449,S14738,C046,2025-02-21,25,25,Present
A002450,S19338,C023,2025-10-06,10,9,Present
A002451,S15788,C024,2025-01-25,30,2,Low Attendance
A002452,S09113,C035,2025-05-01,10,2,Low Attendance
A002453,S08175,C004,2025-09-10,15,12,Present
A002454,S17663,C015,2025-03-17,10,7,Low Attendance
A002455,S12217,C026,2025-06-25,30,26,Present
A002456,S10156,C037,2025-09-15,15,8,Low Attendance
A002457,S12108,C028,2025-12-02,10,10,Present
A002458,S04790,C039,2025-05-03,20,8,Low Attendance
A002459,S13083,C036,2025-01-19,15,6,Low Attendance
A002460,S14834,C038,2025-12-13,25,4,Low Attendance
A002461,S16686,C001,2025-04-17,25,25,Present
A002462,S09186,C046,2025-07-25,30,1,Low Attendance
A002463,S07207,C038,2025-12-07,30,19,
A002464,S02809,C048,2025-09-08,20,18,Present
A002465,S16181,C020,2025-07-13,20,17,Present
A002466,S18193,C039,2025-06-05,15,3,Low Attendance
A002467,S04867,C047,2025-10-29,30,20,Low Attendance
A002468,S03517,C026,2025-06-22,15,5,Low Attendance
A002469,S15208,C044,2025-06-06,20,13,Low Attendance
A002470,S16755,C048,2025-03-13,20,19,Present
A002471,S13421,C019,2025-04-02,30,9,Low Attendance
A002472,S02981,C013,2025-11-16,30,20,Low Attendance
A002473,S06524,C045,2025-04-07,25,19,Present
A002474,S09964,C013,2025-04-09,20,0,Low Attendance
A002475,S13684,C042,2025-09-05,20,8,Low Attendance
A002476,S09132,C017,2025-08-05,30,23,Present
A002477,S11680,C009,2025-07-16,30,7,Low Attendance
A002478,S02137,C010,2025-12-20,15,15,Present
A002479,S08511,C019,2025-08-18,25,20,Present
A002480,S00001,C042,2025-09-07,25,6,Low Attendance
A002481,S04561,C044,2025-02-08,15,8,Low Attendance
A002482,S18439,C044,2025-01-27,10,10,Present
A002483,S01475,C008,2025-08-12,30,6,Low Attendance
A002484,S09765,C022,2025-08-06,10,3,Low Attendance
A002485,S06360,C002,2025-07-03,15,11,Low Attendance
A002486,S05226,C010,2025-04-19,20,13,Low Attendance
A002487,S02328,C017,2025-03-31,10,6,Low Attendance
A002488,S19933,C023,2025-06-17,25,25,Present
A002489,S08150,C028,2025-11-10,25,6,Low Attendance
A002490,S15468,C001,2025-12-07,25,20,Present
A002491,S11377,C031,2025-01-06,10,4,Low Attendance
A002492,S15717,C043,2025-07-19,20,2,Low Attendance
A002493,S18351,C011,2025-05-01,15,11,Low Attendance
A002494,S14540,C040,2025-05-05,25,1,Low Attendance
A002495,S10118,C032,2025-07-31,15,8,Low Attendance
A002496,S03205,C042,2025-03-02,15,2,Low Attendance
A002497,S17695,C020,2025-02-23,25,17,Low Attendance
A002498,S16167,C047,2025-02-22,25,9,Low Attendance
A002499,S09435,C007,2025-04-02,30,13,Low Attendance
A002500,S17664,C015,2025-08-15,15,5,Low Attendance
A002501,S13736,C011,2025-11-04,15,8,
A002502,S09593,C003,2025-06-25,25,9,Low Attendance
A002503,S12240,C021,2025-04-07,25,15,Low Attendance
A002504,S06205,C013,2025-07-17,25,11,Low Attendance
A002505,S06133,C010,2025-07-16,25,12,Low Attendance
A002506,S07298,C037,2025-07-24,30,28,Present
A002507,S16546,C007,2025-08-06,30,21,Low Attendance
A002508,S09402,C021,2025-10-14,20,10,Low Attendance
A002509,S03343,C032,2025-12-31,20,19,Present
A002510,S00515,C015,2025-05-10,10,7,Low Attendance
A002511,S11432,C035,2025-05-15,20,1,Low Attendance
A002512,S08161,C001,2025-02-01,15,13,Present
A002513,S07286,C048,2025-06-06,25,9,Low Attendance
A002514,S08643,C033,2025-11-13,20,18,Present
A002515,S10516,C049,2025-07-05,10,5,Low Attendance
A002516,S08821,C037,2025-08-18,15,7,Low Attendance
A002517,S16877,C020,2025-02-23,15,14,Present
A002518,S19282,C011,2025-06-15,25,14,Low Attendance
A002519,S14836,C027,2025-06-11,15,12,Present
A002520,S08953,C004,2025-08-05,30,14,Low Attendance
A002521,S10774,C034,2025-11-20,15,13,Present
A002522,S08169,C025,2025-02-25,10,8,Present
A002523,S04328,C040,2025-02-14,30,0,Low Attendance
A002524,S05683,C029,2025-01-25,30,6,Low Attendance
A002525,S03600,C044,2025-07-01,15,10,Low Attendance
A002526,S02289,C021,2025-03-19,25,14,Low Attendance
A002527,S18596,C016,2025-09-26,30,17,Low Attendance
A002528,S10129,C043,2025-05-12,30,18,Low Attendance
A002529,S18822,C032,2025-05-21,30,9,Low Attendance
A002530,S09915,C013,2025-12-15,15,12,Present
A002531,S01949,C025,2025-11-16,25,19,Present
A002532,S18527,C026,2025-03-10,10,6,Low Attendance
A002533,S16032,C048,2025-07-21,10,3,Low Attendance
A002534,S03758,C041,2025-07-07,30,20,Low Attendance
A002535,S19058,C001,2025-04-01,10,2,Low Attendance
A002536,S13280,C025,2025-12-02,15,14,Present
A002537,S13102,C037,2025-06-22,20,3,Low Attendance
A002538,S09295,C033,2025-05-28,30,26,Present
A002539,S11515,C011,2025-12-01,20,13,Low Attendance
A002540,S16131,C003,2025-05-07,25,21,Present
A002541,S12915,C039,2025-01-10,20,2,Low Attendance
A002542,S03990,C002,2025-01-29,25,3,Low Attendance
A002543,S14690,C028,2025-02-13,15,5,
A002544,S16734,C047,2025-06-10,10,5,Low Attendance
A002545,S06127,C030,2025-07-05,30,9,Low Attendance
A002546,S07679,C029,2025-07-18,20,1,Low Attendance
A002547,S08945,C047,2025-04-09,20,18,Present
A002548,S09841,C049,2025-08-22,20,5,Low Attendance
A002549,S15173,C048,2025-08-27,30,1,Low Attendance
A002550,S16271,C009,2025-02-22,20,9,Low Attendance
A002551,S16130,C029,2025-06-13,15,13,Present
A002552,S15875,C020,2025-12-27,20,3,Low Attendance
A002553,S04794,C003,2025-03-29,25,11,Low Attendance
A002554,S04893,C018,2025-12-19,25,24,Present
A002555,S09353,C005,2025-02-01,20,16,Present
A002556,S15981,C025,2025-03-28,20,1,Low Attendance
A002557,S14361,C029,2025-08-20,15,0,Low Attendance
A002558,S18677,C046,2025-04-11,30,17,Low Attendance
A002559,S04817,C016,2025-06-27,20,7,Low Attendance
A002560,S13710,C031,2025-10-07,10,4,Low Attendance
A002561,S00558,C040,2025-10-07,15,7,Low Attendance
A002562,S04813,C049,2025-03-13,15,8,Low Attendance
A002563,S00571,C042,2025-09-10,10,0,Low Attendance
A002564,S05669,C036,2025-06-28,15,8,Low Attendance
A002565,S08224,C048,2025-12-08,30,5,Low Attendance
A002566,S13051,C026,2025-12-20,25,22,Present
A002567,S09993,C025,2025-04-15,20,2,Low Attendance
A002568,S16606,C035,2025-07-01,20,2,Low Attendance
A002569,S05972,C015,2025-12-04,20,9,Low Attendance
A002570,S18341,C006,2025-10-13,25,2,Low Attendance
A002571,S05645,C017,2025-01-29,20,19,Present
A002572,S04911,C017,2025-04-18,30,6,Low Attendance
A002573,S16836,C001,2025-06-26,20,3,Low Attendance
A002574,S18563,C032,2025-11-28,20,10,Low Attendance
A002575,S00692,C030,2025-09-20,30,23,Present
A002576,S14611,C049,2025-03-20,15,7,Low Attendance
A002577,S04708,C035,2025-05-22,30,14,Low Attendance
A002578,S02581,C029,2025-06-26,20,13,Low Attendance
A002579,S06895,C011,2025-12-22,20,18,Present
A002580,S02462,C025,2025-10-14,10,4,Low Attendance
A002581,S12933,C012,2025-04-22,20,6,Low Attendance
A002582,S13409,C022,2025-09-10,30,7,Low Attendance
A002583,S16557,C002,2025-11-30,15,10,Low Attendance
A002584,S16748,C029,2025-03-03,25,13,Low Attendance
A002585,S02303,C049,2025-07-19,10,6,Low Attendance
A002586,S02691,C008,2025-11-27,20,14,Low Attendance
A002587,S06126,C008,2025-12-01,10,6,Low Attendance
A002588,S14016,C042,2025-01-22,25,17,Low Attendance
A002589,S02806,C026,2025-09-06,15,13,Present
A002590,S00779,C041,2025-12-20,30,15,Low Attendance
A002591,S09193,C032,2025-04-24,20,17,Present
A002592,S00648,C022,2025-12-24,30,20,Low Attendance
A002593,S19329,C041,2025-01-02,20,18,Present
A002594,S15058,C038,2025-07-25,25,3,Low Attendance
A002595,S19496,C030,2025-01-07,30,4,Low Attendance
A002596,S19310,C047,2025-08-26,25,11,Low Attendance
A002597,S07398,C011,2025-12-28,15,13,Present
A002598,S18309,C024,2025-07-31,25,20,Present
A002599,S16797,C016,2025-07-26,10,10,Present
A002600,S14368,C050,2025-02-03,20,6,Low Attendance
A002601,S14837,C014,2025-07-21,25,21,Present
A002602,S08438,C037,2025-07-09,10,2,Low Attendance
A002603,S10423,C049,2025-05-25,30,9,Low Attendance
A002604,S01790,C035,2025-11-02,15,13,Present
A002605,S07206,C019,2025-11-17,25,17,Low Attendance
A002606,S05167,C040,2025-06-29,20,2,Low Attendance
A002607,S07477,C014,2025-10-29,30,27,Present
A002608,S05578,C046,2025-04-23,10,9,Present
A002609,S03120,C003,2025-07-08,10,7,Low Attendance
A002610,S12540,C046,2025-01-11,25,19,Present
A002611,S11198,C029,2025-09-04,15,8,Low Attendance
A002612,S16106,C037,2025-01-25,30,18,Low Attendance
A002613,S09979,C017,2025-12-17,30,20,Low Attendance
A002614,S13395,C013,2025-04-27,30,17,Low Attendance
A002615,S08168,C032,2025-09-27,20,19,Present
A002616,S00442,C041,2025-11-01,10,4,Low Attendance
A002617,S03638,C025,2025-01-17,25,20,Present
A002618,S04629,C024,2025-07-22,15,4,Low Attendance
A002619,S07853,C032,2025-01-20,30,9,Low Attendance
A002620,S05214,C015,2025-11-15,25,5,Low Attendance
A002621,S17396,C032,2025-06-22,20,8,Low Attendance
A002622,S05945,C021,2025-07-18,15,9,Low Attendance
A002623,S18439,C011,2025-01-23,10,4,Low Attendance
A002624,S08757,C009,2025-02-09,10,0,Low Attendance
A002625,S05163,C003,2025-01-03,30,1,Low Attendance
A002626,S07587,C019,2025-11-18,25,5,Low Attendance
A002627,S13935,C019,2025-02-22,20,8,Low Attendance
A002628,S19797,C041,2025-10-04,25,11,Low Attendance
A002629,S10880,C007,2025-03-22,15,9,Low Attendance
A002630,S09067,C048,2025-04-03,25,9,Low Attendance
A002631,S04932,C014,2025-03-24,10,1,Low Attendance
A002632,S05529,C032,2025-08-17,30,1,Low Attendance
A002633,S10110,C036,2025-06-22,20,1,Low Attendance
A002634,S03004,C035,2025-11-02,20,10,Low Attendance
A002635,S18194,C049,2025-10-26,15,9,Low Attendance
A002636,S07276,C031,2025-03-24,30,4,Low Attendance
A002637,S09795,C034,2025-05-21,30,14,Low Attendance
A002638,S15772,C045,2025-10-12,30,3,Low Attendance
A002639,S12783,C037,2025-02-18,30,6,Low Attendance
A002640,S12745,C048,2025-06-06,10,2,Low Attendance
A002641,S11513,C045,2025-01-17,25,8,Low Attendance
A002642,S08188,C033,2025-06-01,25,8,Low Attendance
A002643,S04630,C028,2025-01-31,20,18,Present
A002644,S03641,C015,2025-11-21,15,7,Low Attendance
A002645,S02900,C044,2025-10-25,30,1,Low Attendance
A002646,S15931,C011,2025-08-30,15,6,Low Attendance
A002647,S15239,C039,2025-12-22,25,18,Low Attendance
A002648,S09564,C007,2025-03-30,20,2,Low Attendance
A002649,S05330,C002,2025-12-12,20,6,Low Attendance
A002650,S09650,C008,2025-07-17,30,8,Low Attendance
A002651,S11472,C027,2025-05-09,30,6,Low Attendance
A002652,S10958,C009,2025-02-01,30,25,Present
A002653,S08185,C050,2025-07-06,25,7,Low Attendance
A002654,S07714,C016,2025-02-23,25,14,Low Attendance
A002655,S12819,C009,2025-02-09,30,10,Low Attendance
A002656,S19554,C010,2025-09-17,10,5,Low Attendance
A002657,S11925,C006,2025-09-02,30,20,Low Attendance
A002658,S05309,C048,2025-03-17,30,18,Low Attendance
A002659,S19590,C014,2025-07-21,25,11,Low Attendance
A002660,S15511,C004,2025-09-23,15,12,Present
A002661,S00757,C042,2025-12-10,15,6,Low Attendance
A002662,S19957,C046,2025-10-15,15,5,Low Attendance
A002663,S01061,C047,2025-12-17,15,8,Low Attendance
A002664,S19976,C006,2025-06-30,25,24,Present
A002665,S19051,C033,2025-02-08,10,6,Low Attendance
A002666,S17777,C039,2025-10-30,20,18,Present
A002667,S14258,C049,2025-03-12,15,9,Low Attendance
A002668,S00090,C007,2025-05-15,20,7,Low Attendance
A002669,S14296,C001,2025-01-24,30,25,Present
A002670,S13780,C029,2025-04-12,25,10,Low Attendance
A002671,S06959,C031,2025-08-08,30,26,Present
A002672,S02484,C022,2025-09-20,25,13,Low Attendance
A002673,S15395,C029,2025-10-27,15,12,Present
A002674,S13300,C032,2025-05-12,20,16,Present
A002675,S06480,C008,2025-03-30,25,3,Low Attendance
A002676,S13778,C033,2025-04-20,30,5,Low Attendance
A002677,S15343,C034,2025-07-11,10,1,Low Attendance
A002678,S11943,C043,2025-09-14,15,3,Low Attendance
A002679,S00821,C043,2025-08-06,30,28,Present
A002680,S16277,C037,2025-08-04,20,15,Present
A002681,S16765,C007,2025-02-28,15,2,Low Attendance
A002682,S06005,C011,2025-05-02,20,11,Low Attendance
A002683,S19998,C021,2025-03-23,15,14,Present
A002684,S19552,C012,2025-07-30,25,8,Low Attendance
A002685,S09192,C003,2025-02-15,30,3,Low Attendance
A002686,S11987,C003,2025-01-04,25,20,Present
A002687,S17220,C015,2025-04-03,20,4,Low Attendance
A002688,S17304,C014,2025-02-06,20,14,Low Attendance
A002689,S05162,C033,2025-05-09,25,20,Present
A002690,S09377,C009,2025-09-19,25,19,Present
A002691,S11404,C004,2025-08-30,10,0,Low Attendance
A002692,S05346,C002,2025-09-12,25,13,Low Attendance
A002693,S18708,C003,2025-12-03,30,8,Low Attendance
A002694,S05271,C002,2025-04-01,20,20,Present
A002695,S02040,C022,2025-06-23,20,6,Low Attendance
A002696,S17681,C020,2025-10-16,10,7,Low Attendance
A002697,S19712,C045,2025-01-18,25,19,Present
A002698,S15727,C020,2025-03-13,15,2,Low Attendance
A002699,S01307,C042,2025-06-14,10,6,Low Attendance
A002700,S07493,C027,2025-04-06,30,29,Present
A002701,S07844,C037,2025-09-22,10,5,Low Attendance
A002702,S13420,C007,2025-06-09,30,25,Present
A002703,S12950,C033,2025-10-21,15,14,Present
A002704,S00602,C009,2025-01-21,30,29,Present
A002705,S14287,C013,2025-03-07,25,9,Low Attendance
A002706,S05472,C036,2025-08-31,15,5,Low Attendance
A002707,S01879,C028,2025-03-13,30,12,Low Attendance
A002708,S03568,C017,2025-08-30,15,14,Present
A002709,S09476,C034,2025-05-22,20,18,Present
A002710,S05868,C018,2025-05-26,25,21,Present
A002711,S07861,C004,2025-07-26,20,13,Low Attendance
A002712,S05084,C024,2025-10-26,30,4,Low Attendance
A002713,S16326,C021,2025-04-25,25,25,Present
A002714,S01625,C034,2025-02-08,15,9,Low Attendance
A002715,S05876,C013,2025-05-23,10,3,Low Attendance
A002716,S08749,C023,2025-06-22,10,2,Low Attendance
A002717,S14747,C031,2025-09-21,25,0,Low Attendance
A002718,S07712,C012,2025-06-16,30,16,Low Attendance
A002719,S19236,C038,2025-08-10,25,18,Low Attendance
A002720,S06587,C036,2025-10-24,20,3,Low Attendance
A002721,S18205,C007,2025-04-14,10,2,Low Attendance
A002722,S08278,C019,2025-04-25,30,22,Low Attendance
A002723,S09576,C038,2025-10-22,15,8,Low Attendance
A002724,S15103,C043,2025-11-16,15,4,Low Attendance
A002725,S19154,C018,2025-06-04,30,27,Present
A002726,S16449,C050,2025-11-26,10,5,Low Attendance
A002727,S05224,C005,2025-02-12,10,2,Low Attendance
A002728,S08708,C003,2025-11-14,15,12,Present
A002729,S12239,C033,2025-05-17,30,25,Present
A002730,S11137,C001,2025-12-18,20,17,Present
A002731,S15618,C001,2025-11-22,15,10,Low Attendance
A002732,S00550,C046,2025-10-17,30,11,Low Attendance
A002733,S06445,C024,2025-10-03,10,1,Low Attendance
A002734,S17292,C014,2025-06-11,15,2,Low Attendance
A002735,S02912,C048,2025-03-27,25,10,Low Attendance
A002736,S10734,C045,2025-07-14,25,14,Low Attendance
A002737,S09998,C045,2025-05-15,15,9,Low Attendance
A002738,S02898,C010,2025-01-04,30,13,Low Attendance
A002739,S03396,C027,2025-06-25,10,1,Low Attendance
A002740,S06776,C046,2025-01-24,25,11,Low Attendance
A002741,S19814,C029,2025-10-07,30,6,Low Attendance
A002742,S11918,C035,2025-11-11,15,7,Low Attendance
A002743,S00461,C011,2025-01-22,15,5,Low Attendance
A002744,S12384,C023,2025-04-10,30,5,Low Attendance
A002745,S00930,C012,2025-10-15,10,2,Low Attendance
A002746,S00308,C045,2025-10-16,15,15,Present
A002747,S10791,C033,2025-10-22,15,0,Low Attendance
A002748,S07075,C048,2025-02-05,10,10,Present
A002749,S17369,C045,2025-09-03,30,10,Low Attendance
A002750,S04198,C001,2025-12-08,15,11,Low Attendance
A002751,S06279,C018,2025-10-23,30,12,Low Attendance
A002752,S10366,C005,2025-12-31,30,26,Present
A002753,S05758,C014,2025-02-19,15,10,Low Attendance
A002754,S19814,C037,2025-07-10,30,6,Low Attendance
A002755,S03906,C013,2025-11-19,30,29,Present
A002756,S01038,C036,2025-10-23,10,8,Present
A002757,S05517,C035,2025-10-30,10,7,Low Attendance
A002758,S17871,C040,2025-01-26,10,8,Present
A002759,S11735,C002,2025-03-02,20,14,Low Attendance
A002760,S18541,C020,2025-05-29,25,11,Low Attendance
A002761,S09723,C028,2025-06-26,10,1,Low Attendance
A002762,S02838,C022,2025-02-02,25,11,Low Attendance
A002763,S01656,C022,2025-12-18,25,15,Low Attendance
A002764,S06508,C049,2025-07-13,10,6,Low Attendance
A002765,S13353,C037,2025-12-02,30,27,Present
A002766,S01708,C023,2025-01-12,20,2,Low Attendance
A002767,S13575,C017,2025-05-31,30,13,Low Attendance
A002768,S02972,C011,2025-11-30,10,1,Low Attendance
A002769,S16406,C022,2025-09-24,25,16,Low Attendance
A002770,S04549,C018,2025-03-13,25,6,Low Attendance
A002771,S03272,C028,2025-07-18,20,4,Low Attendance
A002772,S19985,C038,2025-06-07,30,0,Low Attendance
A002773,S07705,C004,2025-11-27,15,8,Low Attendance
A002774,S05375,C011,2025-07-20,10,10,Present
A002775,S15470,C037,2025-11-26,25,13,Low Attendance
A002776,S15453,C029,2025-10-27,25,12,Low Attendance
A002777,S05636,C042,2025-07-28,30,21,Low Attendance
A002778,S06871,C046,2025-10-10,30,9,Low Attendance
A002779,S09809,C046,2025-02-17,10,9,Present
A002780,S15665,C004,2025-05-27,10,3,Low Attendance
A002781,S09753,C009,2025-03-03,15,1,Low Attendance
A002782,S02286,C023,2025-06-22,30,22,Low Attendance
A002783,S11263,C008,2025-03-18,20,6,Low Attendance
A002784,S09949,C040,2025-12-10,20,11,Low Attendance
A002785,S02717,C038,2025-11-04,25,10,Low Attendance
A002786,S17644,C050,2025-09-22,20,11,Low Attendance
A002787,S05211,C018,2025-05-04,15,13,Present
A002788,S11928,C008,2025-01-14,15,5,Low Attendance
A002789,S19699,C047,2025-08-29,20,6,Low Attendance
A002790,S01295,C034,2025-07-21,20,17,Present
A002791,S14945,C038,2025-10-22,10,1,Low Attendance
A002792,S09234,C042,2025-07-21,25,25,Present
A002793,S19353,C046,2025-06-11,10,10,Present
A002794,S16406,C006,2025-08-04,15,6,Low Attendance
A002795,S12222,C047,2025-05-02,25,5,Low Attendance
A002796,S11109,C013,2025-11-21,15,10,Low Attendance
A002797,S08208,C009,2025-01-10,20,6,Low Attendance
A002798,S15790,C044,2025-09-17,10,3,Low Attendance
A002799,S02782,C042,2025-07-04,20,0,Low Attendance
A002800,S09043,C021,2025-09-17,25,0,Low Attendance
A002801,S04032,C034,2025-12-21,15,11,Low Attendance
A002802,S05462,C036,2025-06-12,20,19,Present
A002803,S11447,C046,2025-02-03,25,18,Low Attendance
A002804,S15266,C047,2025-10-17,25,1,Low Attendance
A002805,S03888,C032,2025-04-23,20,8,Low Attendance
A002806,S09101,C048,2025-06-21,25,7,Low Attendance
A002807,S13050,C034,2025-06-21,25,0,Low Attendance
A002808,S10996,C010,2025-02-07,15,0,Low Attendance
A002809,S01319,C016,2025-01-12,25,6,Low Attendance
A002810,S06839,C027,2025-05-29,10,6,Low Attendance
A002811,S03747,C029,2025-09-23,25,17,Low Attendance
A002812,S04691,C002,2025-07-21,20,19,Present
A002813,S17612,C004,2025-02-08,30,17,Low Attendance
A002814,S04505,C022,2025-03-18,15,6,Low Attendance
A002815,S11518,C010,2025-09-23,20,2,Low Attendance
A002816,S17291,C005,2025-07-29,30,6,Low Attendance
A002817,S12725,C047,2025-01-05,15,7,Low Attendance
A002818,S14678,C008,2025-06-14,20,20,Present
A002819,S10318,C047,2025-07-25,25,20,Present
A002820,S04957,C040,2025-10-10,25,24,Present
A002821,S08191,C001,2025-02-28,15,3,Low Attendance
A002822,S18185,C009,2025-05-23,10,1,Low Attendance
A002823,S14158,C035,2025-08-14,10,0,Low Attendance
A002824,S00869,C050,2025-08-09,15,11,Low Attendance
A002825,S13608,C009,2025-07-31,20,11,Low Attendance
A002826,S03162,C047,2025-01-14,30,1,Low Attendance
A002827,S08553,C019,2025-03-17,15,3,Low Attendance
A002828,S14088,C013,2025-11-16,15,10,Low Attendance
A002829,S17221,C045,2025-04-20,30,23,Present
A002830,S03696,C033,2025-12-25,20,14,Low Attendance
A002831,S18708,C036,2025-09-14,25,1,Low Attendance
A002832,S07128,C018,2025-10-12,30,17,Low Attendance
A002833,S16572,C031,2025-04-05,10,10,Present
A002834,S11936,C019,2025-06-17,15,2,Low Attendance
A002835,S09705,C032,2025-05-25,10,4,Low Attendance
A002836,S06825,C005,2025-04-22,20,15,Present
A002837,S09316,C043,2025-05-08,10,6,Low Attendance
A002838,S09513,C015,2025-04-07,10,5,Low Attendance
A002839,S13903,C003,2025-04-29,20,16,Present
A002840,S12955,C038,2025-07-07,10,2,Low Attendance
A002841,S13708,C032,2025-07-04,10,6,Low Attendance
A002842,S10305,C001,2025-09-11,20,4,Low Attendance
A002843,S00641,C029,2025-05-17,30,6,Low Attendance
A002844,S10061,C007,2025-04-07,20,16,Present
A002845,S01577,C048,2025-07-27,30,4,Low Attendance
A002846,S00068,C034,2025-11-25,20,9,Low Attendance
A002847,S17676,C007,2025-05-15,25,25,Present
A002848,S13380,C030,2025-01-28,10,7,Low Attendance
A002849,S07320,C003,2025-03-11,15,12,Present
A002850,S07427,C005,2025-04-05,25,25,Present
A002851,S04130,C020,2025-09-15,25,19,Present
A002852,S11578,C021,2025-06-22,10,9,Present
A002853,S00909,C005,2025-03-13,30,6,Low Attendance
A002854,S08124,C048,2025-10-06,20,5,Low Attendance
A002855,S14766,C038,2025-06-02,10,9,Present
A002856,S04856,C007,2025-02-24,20,9,Low Attendance
A002857,S00901,C017,2025-06-03,30,11,Low Attendance
A002858,S18317,C021,2025-03-30,25,10,Low Attendance
A002859,S14707,C037,2025-12-05,30,16,Low Attendance
A002860,S14386,C022,2025-10-02,25,15,Low Attendance
A002861,S13952,C028,2025-11-23,25,14,Low Attendance
A002862,S05294,C022,2025-01-21,10,5,Low Attendance
A002863,S01372,C047,2025-08-19,20,19,Present
A002864,S16251,C005,2025-08-21,25,11,Low Attendance
A002865,S05229,C003,2025-03-31,20,0,Low Attendance
A002866,S15321,C025,2025-12-30,25,7,Low Attendance
A002867,S01857,C018,2025-10-27,25,13,Low Attendance
A002868,S16507,C017,2025-05-13,10,1,Low Attendance
A002869,S02526,C019,2025-11-09,10,4,Low Attendance
A002870,S12238,C010,2025-01-03,20,16,Present
A002871,S05861,C018,2025-08-16,20,17,Present
A002872,S00867,C042,2025-04-30,10,1,Low Attendance
A002873,S09701,C002,2025-08-11,25,3,Low Attendance
A002874,S09008,C003,2025-07-17,10,6,Low Attendance
A002875,S14863,C011,2025-11-29,15,14,Present
A002876,S19424,C020,2025-06-28,15,15,Present
A002877,S03879,C045,2025-04-21,15,1,Low Attendance
A002878,S08630,C044,2025-11-08,20,14,Low Attendance
A002879,S12506,C017,2025-05-09,30,13,Low Attendance
A002880,S13766,C001,2025-05-10,25,25,Present
A002881,S01504,C012,2025-07-21,15,9,Low Attendance
A002882,S14760,C034,2025-02-14,30,16,Low Attendance
A002883,S02751,C044,2025-01-18,10,7,Low Attendance
A002884,S17533,C035,2025-05-08,10,7,Low Attendance
A002885,S15934,C050,2025-06-19,25,14,Low Attendance
A002886,S06620,C001,2025-03-02,30,21,Low Attendance
A002887,S11082,C019,2025-05-05,15,5,Low Attendance
A002888,S14138,C045,2025-04-09,15,1,Low Attendance
A002889,S17670,C027,2025-08-20,25,0,Low Attendance
A002890,S18181,C043,2025-12-22,25,12,Low Attendance
A002891,S11898,C023,2025-02-05,10,4,Low Attendance
A002892,S03287,C015,2025-12-10,20,13,Low Attendance
A002893,S02841,C023,2025-07-25,25,10,Low Attendance
A002894,S14050,C009,2025-06-22,15,13,Present
A002895,S09980,C042,2025-02-02,20,17,Present
A002896,S09566,C010,2025-11-24,10,8,Present
A002897,S14437,C037,2025-11-09,25,18,Low Attendance
A002898,S08469,C033,2025-04-07,10,10,Present
A002899,S13699,C040,2025-11-27,25,22,Present
A002900,S07741,C040,2025-02-10,15,13,Present
A002901,S14155,C022,2025-05-20,20,7,Low Attendance
A002902,S03345,C023,2025-06-04,30,19,Low Attendance
A002903,S06510,C041,2025-03-06,30,7,Low Attendance
A002904,S01241,C042,2025-04-07,15,9,Low Attendance
A002905,S02846,C040,2025-01-15,10,7,Low Attendance
A002906,S16606,C031,2025-01-14,20,9,Low Attendance
A002907,S03413,C019,2025-06-03,20,9,Low Attendance
A002908,S03180,C015,2025-05-08,25,8,Low Attendance
A002909,S08015,C038,2025-05-14,25,19,Present
A002910,S04033,C013,2025-08-13,10,3,Low Attendance
A002911,S07880,C027,2025-08-21,30,3,Low Attendance
A002912,S14019,C003,2025-07-09,15,0,Low Attendance
A002913,S13019,C034,2025-10-26,20,6,Low Attendance
A002914,S11030,C028,2025-01-02,15,11,Low Attendance
A002915,S00096,C011,2025-05-02,25,9,Low Attendance
A002916,S05906,C022,2025-05-06,30,8,Low Attendance
A002917,S06414,C024,2025-08-13,10,0,Low Attendance
A002918,S01045,C004,2025-09-08,25,14,Low Attendance
A002919,S18465,C043,2025-03-17,30,30,Present
A002920,S10942,C039,2025-12-01,30,13,Low Attendance
A002921,S19145,C021,2025-08-23,30,15,Low Attendance
A002922,S04990,C041,2025-03-22,15,14,Present
A002923,S13117,C011,2025-03-14,25,3,Low Attendance
A002924,S04638,C046,2025-02-26,30,19,Low Attendance
A002925,S17579,C010,2025-02-05,10,3,Low Attendance
A002926,S00862,C029,2025-12-24,15,6,Low Attendance
A002927,S16858,C025,2025-05-24,10,7,Low Attendance
A002928,S03060,C041,2025-08-22,15,8,Low Attendance
A002929,S07031,C040,2025-05-07,30,11,Low Attendance
A002930,S08150,C037,2025-07-18,15,10,Low Attendance
A002931,S00546,C007,2025-09-23,20,0,Low Attendance
A002932,S05547,C017,2025-10-11,15,2,Low Attendance
A002933,S00523,C009,2025-09-16,25,6,Low Attendance
A002934,S02556,C040,2025-01-17,30,29,Present
A002935,S08814,C033,2025-07-24,20,3,Low Attendance
A002936,S19276,C049,2025-01-20,30,26,Present
A002937,S08716,C022,2025-11-17,10,3,Low Attendance
A002938,S01254,C047,2025-11-22,30,19,Low Attendance
A002939,S08925,C048,2025-06-12,15,3,Low Attendance
A002940,S16606,C020,2025-08-05,25,22,Present
A002941,S14309,C003,2025-01-12,10,6,Low Attendance
A002942,S00826,C010,2025-11-14,15,8,Low Attendance
A002943,S15795,C046,2025-04-09,30,25,Present
A002944,S15534,C018,2025-08-25,15,4,Low Attendance
A002945,S04413,C003,2025-06-30,20,8,Low Attendance
A002946,S04805,C030,2025-04-10,15,2,Low Attendance
A002947,S15194,C016,2025-12-08,15,15,Present
A002948,S04884,C008,2025-09-04,10,0,Low Attendance
A002949,S10913,C050,2025-11-12,20,20,Present
A002950,S15251,C009,2025-12-04,15,8,Low Attendance
A002951,S17083,C040,2025-09-10,15,11,Low Attendance
A002952,S18178,C016,2025-04-28,20,16,Present
A002953,S03178,C006,2025-04-02,20,20,Present
A002954,S16282,C015,2025-10-25,25,1,Low Attendance
A002955,S00286,C008,2025-08-24,15,1,Low Attendance
A002956,S13880,C041,2025-03-26,20,7,Low Attendance
A002957,S01918,C012,2025-01-17,25,0,Low Attendance
A002958,S11674,C038,2025-04-05,30,22,Low Attendance
A002959,S06408,C018,2025-03-20,15,1,Low Attendance
A002960,S03762,C019,2025-01-01,20,20,Present
A002961,S00948,C007,2025-10-27,25,16,Low Attendance
A002962,S13755,C008,2025-12-13,15,8,Low Attendance
A002963,S08390,C015,2025-02-19,15,14,Present
A002964,S16275,C007,2025-04-07,25,3,Low Attendance
A002965,S19046,C022,2025-10-28,20,9,Low Attendance
A002966,S13525,C019,2025-04-12,25,15,Low Attendance
A002967,S13463,C028,2025-04-08,15,7,Low Attendance
A002968,S16166,C030,2025-09-11,15,12,Present
A002969,S00341,C015,2025-07-28,15,2,Low Attendance
A002970,S16502,C039,2025-09-30,20,0,Low Attendance
A002971,S17854,C009,2025-02-08,25,16,Low Attendance
A002972,S01820,C010,2025-10-23,30,22,Low Attendance
A002973,S17851,C022,2025-12-30,15,9,Low Attendance
A002974,S10778,C024,2025-05-28,15,4,Low Attendance
A002975,S18327,C020,2025-09-01,30,16,Low Attendance
A002976,S05547,C024,2025-08-15,20,10,Low Attendance
A002977,S02257,C031,2025-06-18,30,23,Present
A002978,S18731,C012,2025-12-20,25,2,Low Attendance
A002979,S11896,C016,2025-07-02,20,10,Low Attendance
A002980,S04176,C004,2025-06-28,25,10,Low Attendance
A002981,S13910,C031,2025-12-28,15,11,Low Attendance
A002982,S10189,C042,2025-11-28,30,22,Low Attendance
A002983,S15430,C029,2025-10-01,10,4,Low Attendance
A002984,S18715,C040,2025-05-23,15,15,Present
A002985,S06042,C050,2025-02-23,15,12,Present
A002986,S07386,C023,2025-09-19,25,7,Low Attendance
A002987,S19051,C038,2025-02-09,15,8,Low Attendance
A002988,S00635,C026,2025-06-02,20,19,Present
A002989,S19029,C035,2025-07-25,10,9,Present
A002990,S03176,C021,2025-02-14,25,6,Low Attendance
A002991,S05225,C014,2025-12-08,30,2,Low Attendance
A002992,S16676,C043,2025-06-12,25,6,Low Attendance
A002993,S03102,C042,2025-05-24,10,6,Low Attendance
A002994,S08126,C031,2025-06-11,15,8,Low Attendance
A002995,S04143,C020,2025-12-07,10,4,Low Attendance
A002996,S15711,C035,2025-04-01,10,5,Low Attendance
A002997,S13267,C006,2025-09-12,30,21,Low Attendance
A002998,S12013,C023,2025-03-20,10,2,Low Attendance
A002999,S01517,C007,2025-01-10,15,11,Low Attendance
A003000,S11507,C037,2025-01-02,10,9,Present
A003001,S04989,C001,2025-07-06,15,3,Low Attendance
A003002,S04970,C005,2025-10-11,10,9,Present
A003003,S09387,C005,2025-08-07,15,9,Low Attendance
A003004,S05910,C029,2025-08-04,15,3,Low Attendance
A003005,S19895,C002,2025-12-23,20,8,Low Attendance
A003006,S15624,C007,2025-02-14,15,9,Low Attendance
A003007,S10386,C015,2025-03-08,25,1,Low Attendance
A003008,S08607,C030,2025-04-11,15,13,Present
A003009,S03129,C005,2025-10-16,15,1,Low Attendance
A003010,S10267,C032,2025-11-21,20,1,Low Attendance
A003011,S13825,C019,2025-06-12,15,12,Present
A003012,S06287,C007,2025-09-19,20,5,Low Attendance
A003013,S15091,C018,2025-09-29,20,19,Present
A003014,S17215,C020,2025-02-27,25,23,Present
A003015,S02047,C026,2025-02-21,15,8,Low Attendance
A003016,S04482,C026,2025-11-20,30,14,Low Attendance
A003017,S08930,C049,2025-07-26,25,0,Low Attendance
A003018,S01443,C023,2025-08-31,25,7,Low Attendance
A003019,S11083,C048,2025-05-30,15,10,Low Attendance
A003020,S11617,C032,2025-03-14,15,13,Present
A003021,S15257,C019,2025-08-22,10,5,Low Attendance
A003022,S17773,C017,2025-03-03,15,6,Low Attendance
A003023,S15841,C043,2025-12-30,25,5,Low Attendance
A003024,S01124,C050,2025-09-20,15,14,Present
A003025,S15366,C023,2025-01-03,30,20,Low Attendance
A003026,S05522,C005,2025-02-22,15,11,Low Attendance
A003027,S15970,C001,2025-01-15,10,8,Present
A003028,S02526,C006,2025-01-16,25,11,Low Attendance
A003029,S04455,C033,2025-05-06,25,2,Low Attendance
A003030,S12545,C012,2025-01-09,25,20,Present
A003031,S13432,C017,2025-09-13,30,20,Low Attendance
A003032,S14559,C029,2025-07-12,20,7,Low Attendance
A003033,S07889,C015,2025-04-05,25,8,Low Attendance
A003034,S18324,C037,2025-08-13,15,8,Low Attendance
A003035,S08059,C045,2025-10-16,20,17,Present
A003036,S02791,C021,2025-06-23,15,1,Low Attendance
A003037,S00298,C014,2025-12-05,20,13,Low Attendance
A003038,S02075,C040,2025-03-31,30,12,Low Attendance
A003039,S12851,C035,2025-09-14,10,8,Present
A003040,S09978,C014,2025-03-07,30,9,Low Attendance
A003041,S16404,C032,2025-10-20,10,0,Low Attendance
A003042,S15795,C014,2025-09-14,20,5,Low Attendance
A003043,S13878,C012,2025-02-26,30,19,Low Attendance
A003044,S14793,C034,2025-07-08,20,12,Low Attendance
A003045,S00820,C033,2025-03-28,15,14,Present
A003046,S17386,C013,2025-01-19,30,11,Low Attendance
A003047,S09888,C027,2025-02-17,10,10,Present
A003048,S04220,C019,2025-10-07,20,10,
A003049,S14492,C027,2025-07-19,30,21,Low Attendance
A003050,S04273,C013,2025-10-02,30,18,Low Attendance
A003051,S09187,C014,2025-12-27,30,28,Present
A003052,S02304,C001,2025-07-10,30,25,Present
A003053,S11468,C016,2025-04-20,10,5,Low Attendance
A003054,S16115,C041,2025-04-03,15,2,Low Attendance
A003055,S15431,C015,2025-10-24,30,19,Low Attendance
A003056,S05405,C032,2025-02-21,25,18,Low Attendance
A003057,S15896,C024,2025-08-02,30,20,Low Attendance
A003058,S10486,C007,2025-10-28,25,9,Low Attendance
A003059,S16393,C018,2025-11-04,15,15,Present
A003060,S15424,C019,2025-11-19,10,5,Low Attendance
A003061,S07674,C005,2025-08-22,20,10,Low Attendance
A003062,S12158,C022,2025-11-04,20,12,Low Attendance
A003063,S18604,C021,2025-04-27,20,10,Low Attendance
A003064,S04323,C018,2025-10-15,20,18,Present
A003065,S05517,C004,2025-05-20,20,0,Low Attendance
A003066,S11615,C027,2025-07-01,15,5,Low Attendance
A003067,S02462,C003,2025-12-12,10,5,Low Attendance
A003068,S19937,C041,2025-09-21,25,12,Low Attendance
A003069,S11623,C045,2025-10-08,20,6,Low Attendance
A003070,S16931,C036,2025-04-14,20,3,Low Attendance
A003071,S02330,C039,2025-04-21,15,12,Present
A003072,S04440,C005,2025-02-26,15,8,Low Attendance
A003073,S07135,C011,2025-07-17,20,13,Low Attendance
A003074,S11787,C034,2025-08-14,25,15,Low Attendance
A003075,S03532,C047,2025-11-13,30,19,Low Attendance
A003076,S12888,C017,2025-06-14,25,22,Present
A003077,S05180,C022,2025-11-11,25,17,Low Attendance
A003078,S05651,C014,2025-09-27,15,13,Present
A003079,S05859,C017,2025-10-28,30,19,Low Attendance
A003080,S19861,C036,2025-12-23,25,4,Low Attendance
A003081,S04437,C024,2025-06-06,30,30,Present
A003082,S02648,C044,2025-02-28,30,28,Present
A003083,S15117,C048,2025-07-10,25,14,Low Attendance
A003084,S05262,C001,2025-06-27,30,8,Low Attendance
A003085,S17221,C009,2025-08-01,20,11,Low Attendance
A003086,S08690,C027,2025-05-03,25,19,Present
A003087,S06382,C039,2025-05-16,25,2,Low Attendance
A003088,S07419,C046,2025-08-08,20,16,Present
A003089,S07052,C009,2025-09-29,10,1,Low Attendance
A003090,S05768,C031,2025-07-13,10,2,Low Attendance
A003091,S13494,C048,2025-02-05,10,4,Low Attendance
A003092,S07121,C008,2025-11-22,20,0,Low Attendance
A003093,S10332,C050,2025-12-17,15,5,Low Attendance
A003094,S10276,C034,2025-09-17,25,0,Low Attendance
A003095,S15300,C032,2025-05-19,30,10,Low Attendance
A003096,S10613,C050,2025-11-10,30,12,Low Attendance
A003097,S13495,C036,2025-04-02,25,5,Low Attendance
A003098,S15978,C006,2025-06-23,25,12,Low Attendance
A003099,S05851,C021,2025-02-05,20,16,Present
A003100,S15238,C022,2025-02-13,25,14,Low Attendance
A003101,S06322,C001,2025-06-05,10,8,Present
A003102,S03653,C031,2025-02-24,10,6,Low Attendance
A003103,S13088,C005,2025-10-12,15,6,Low Attendance
A003104,S14787,C045,2025-08-15,20,1,
A003105,S05381,C036,2025-12-08,10,0,Low Attendance
A003106,S10524,C022,2025-12-06,10,7,Low Attendance
A003107,S07212,C022,2025-04-15,15,3,Low Attendance
A003108,S04457,C042,2025-09-08,30,13,Low Attendance
A003109,S19918,C017,2025-03-25,15,12,Present
A003110,S09532,C023,2025-07-30,30,1,Low Attendance
A003111,S14757,C038,2025-11-19,15,6,Low Attendance
A003112,S13787,C030,2025-05-29,20,10,Low Attendance
A003113,S01415,C035,2025-08-25,25,14,Low Attendance
A003114,S13732,C045,2025-11-03,15,1,Low Attendance
A003115,S03532,C020,2025-05-27,20,7,Low Attendance
A003116,S02037,C042,2025-12-04,20,4,Low Attendance
A003117,S04559,C025,2025-06-07,25,7,Low Attendance
A003118,S16807,C022,2025-11-23,10,8,Present
A003119,S17266,C004,2025-03-21,25,7,Low Attendance
A003120,S16879,C032,2025-08-30,10,1,Low Attendance
A003121,S18014,C020,2025-09-19,15,3,Low Attendance
A003122,S01341,C010,2025-01-14,10,4,Low Attendance
A003123,S08141,C040,2025-02-09,15,3,Low Attendance
A003124,S08142,C012,2025-09-02,15,6,Low Attendance
A003125,S19847,C025,2025-10-10,10,9,Present
A003126,S14033,C019,2025-04-25,30,19,Low Attendance
A003127,S00291,C031,2025-03-14,15,2,Low Attendance
A003128,S03030,C013,2025-12-24,20,2,Low Attendance
A003129,S09281,C047,2025-04-07,25,9,Low Attendance
A003130,S00455,C042,2025-03-07,30,21,Low Attendance
A003131,S12646,C010,2025-05-22,25,10,Low Attendance
A003132,S12278,C013,2025-01-22,20,11,Low Attendance
A003133,S17236,C022,2025-05-09,20,5,Low Attendance
A003134,S07967,C022,2025-10-01,25,11,Low Attendance
A003135,S13325,C012,2025-03-24,10,1,Low Attendance
A003136,S00665,C042,2025-05-23,15,5,Low Attendance
A003137,S09845,C027,2025-01-29,20,5,Low Attendance
A003138,S17702,C026,2025-01-04,10,1,Low Attendance
A003139,S08479,C023,2025-07-02,15,10,Low Attendance
A003140,S02069,C023,2025-07-22,30,23,Present
A003141,S19296,C027,2025-04-17,15,7,Low Attendance
A003142,S18086,C002,2025-02-06,25,18,Low Attendance
A003143,S19611,C013,2025-06-07,25,19,Present
A003144,S03499,C020,2025-09-06,10,9,Present
A003145,S16667,C002,2025-05-06,30,7,Low Attendance
A003146,S10771,C022,2025-04-02,10,7,Low Attendance
A003147,S11531,C049,2025-10-13,15,8,Low Attendance
A003148,S14659,C046,2025-06-19,25,14,Low Attendance
A003149,S06043,C013,2025-07-02,30,5,Low Attendance
A003150,S10668,C003,2025-10-20,25,23,Present
A003151,S17666,C034,2025-03-29,10,2,Low Attendance
A003152,S10900,C047,2025-01-14,15,15,Present
A003153,S03916,C002,2025-06-20,10,0,Low Attendance
A003154,S11560,C038,2025-07-22,10,6,Low Attendance
A003155,S01717,C024,2025-07-05,30,4,Low Attendance
A003156,S02386,C008,2025-02-22,30,26,Present
A003157,S08258,C002,2025-06-30,30,16,Low Attendance
A003158,S05130,C025,2025-09-22,15,2,Low Attendance
A003159,S17685,C039,2025-12-20,30,21,Low Attendance
A003160,S09773,C023,2025-08-17,30,14,Low Attendance
A003161,S17159,C026,2025-05-18,10,9,Present
A003162,S02433,C038,2025-05-23,20,10,Low Attendance
A003163,S06680,C020,2025-11-25,30,23,Present
A003164,S09839,C040,2025-12-05,15,2,Low Attendance
A003165,S02152,C006,2025-10-10,15,10,Low Attendance
A003166,S04273,C032,2025-08-14,30,13,Low Attendance
A003167,S11708,C048,2025-08-23,15,15,Present
A003168,S08659,C032,2025-12-06,25,17,Low Attendance
A003169,S09180,C037,2025-09-10,20,5,Low Attendance
A003170,S02085,C037,2025-04-30,20,8,Low Attendance
A003171,S10944,C017,2025-01-25,10,10,Present
A003172,S19801,C044,2025-11-29,10,3,Low Attendance
A003173,S11428,C020,2025-04-26,20,6,Low Attendance
A003174,S00141,C038,2025-02-03,10,5,Low Attendance
A003175,S07127,C024,2025-11-18,10,7,Low Attendance
A003176,S07911,C011,2025-07-28,10,0,Low Attendance
A003177,S09090,C020,2025-05-03,15,11,Low Attendance
A003178,S18141,C021,2025-11-20,10,9,Present
A003179,S08018,C044,2025-12-16,15,14,Present
A003180,S18923,C003,2025-04-14,25,13,Low Attendance
A003181,S03596,C024,2025-10-22,20,15,Present
A003182,S05971,C004,2025-05-18,20,9,Low Attendance
A003183,S00190,C038,2025-07-01,30,10,Low Attendance
A003184,S03558,C047,2025-12-21,25,9,Low Attendance
A003185,S19251,C006,2025-06-06,25,9,Low Attendance
A003186,S15171,C044,2025-05-07,30,2,Low Attendance
A003187,S02289,C015,2025-11-27,25,19,Present
A003188,S09516,C023,2025-05-24,10,10,Present
A003189,S19512,C033,2025-04-01,10,3,Low Attendance
A003190,S08877,C024,2025-05-19,25,7,Low Attendance
A003191,S04701,C002,2025-04-01,15,15,Present
A003192,S18485,C046,2025-09-21,10,0,Low Attendance
A003193,S19053,C030,2025-02-18,30,12,Low Attendance
A003194,S11963,C046,2025-01-03,30,18,Low Attendance
A003195,S02318,C043,2025-10-10,30,18,Low Attendance
A003196,S08028,C039,2025-05-02,30,9,Low Attendance
A003197,S17076,C042,2025-08-20,15,7,Low Attendance
A003198,S16152,C027,2025-06-08,30,1,Low Attendance
A003199,S14970,C029,2025-05-16,15,2,Low Attendance
A003200,S02204,C034,2025-12-21,30,25,Present
A003201,S11459,C043,2025-09-29,10,8,Present
A003202,S14934,C024,2025-01-13,25,3,Low Attendance
A003203,S19345,C008,2025-12-16,25,24,Present
A003204,S14335,C038,2025-05-25,15,3,Low Attendance
A003205,S09913,C001,2025-06-02,25,14,Low Attendance
A003206,S01010,C032,2025-08-16,10,6,Low Attendance
A003207,S05641,C002,2025-12-01,10,5,Low Attendance
A003208,S06153,C049,2025-08-19,15,9,Low Attendance
A003209,S00233,C004,2025-04-21,10,8,Present
A003210,S17731,C011,2025-08-15,15,0,Low Attendance
A003211,S14253,C004,2025-03-26,10,10,Present
A003212,S18157,C020,2025-06-25,10,7,Low Attendance
A003213,S11450,C046,2025-03-05,30,15,Low Attendance
A003214,S06483,C040,2025-03-21,20,16,Present
A003215,S02261,C012,2025-02-02,15,0,Low Attendance
A003216,S10768,C005,2025-06-01,10,8,Present
A003217,S09187,C031,2025-10-22,30,26,Present
A003218,S17290,C027,2025-07-03,25,0,Low Attendance
A003219,S11706,C023,2025-04-09,10,6,Low Attendance
A003220,S00799,C030,2025-07-18,15,6,Low Attendance
A003221,S12688,C023,2025-08-11,25,9,Low Attendance
A003222,S16133,C015,2025-01-21,10,0,Low Attendance
A003223,S09701,C007,2025-10-24,10,1,Low Attendance
A003224,S02239,C028,2025-05-23,10,3,Low Attendance
A003225,S02821,C034,2025-09-20,30,21,Low Attendance
A003226,S16583,C015,2025-08-01,15,4,Low Attendance
A003227,S10792,C017,2025-09-09,25,1,Low Attendance
A003228,S10542,C028,2025-01-12,30,6,Low Attendance
A003229,S14667,C028,2025-03-31,10,8,Present
A003230,S18021,C038,2025-10-14,30,5,Low Attendance
A003231,S15018,C003,2025-12-23,10,0,Low Attendance
A003232,S02972,C028,2025-10-02,15,5,Low Attendance
A003233,S11704,C023,2025-06-26,15,10,Low Attendance
A003234,S07737,C004,2025-02-19,20,16,Present
A003235,S18063,C050,2025-10-02,15,12,Present
A003236,S10148,C003,2025-06-05,30,9,Low Attendance
A003237,S08718,C030,2025-04-02,15,2,Low Attendance
A003238,S06102,C012,2025-03-31,10,0,Low Attendance
A003239,S14285,C033,2025-11-16,20,3,Low Attendance
A003240,S03207,C024,2025-12-12,30,27,Present
A003241,S06594,C046,2025-01-15,10,3,Low Attendance
A003242,S08777,C028,2025-11-03,25,14,Low Attendance
A003243,S17879,C006,2025-12-12,10,5,Low Attendance
A003244,S11413,C041,2025-08-03,30,6,Low Attendance
A003245,S18835,C031,2025-12-08,10,3,Low Attendance
A003246,S00473,C016,2025-03-19,10,4,Low Attendance
A003247,S08073,C013,2025-02-12,30,30,Present
A003248,S09580,C040,2025-07-11,20,4,Low Attendance
A003249,S04996,C042,2025-08-24,20,19,Present
A003250,S17680,C015,2025-10-07,15,0,Low Attendance
A003251,S18695,C021,2025-09-03,25,3,Low Attendance
A003252,S09312,C004,2025-10-19,25,25,Present
A003253,S18239,C034,2025-01-25,20,14,Low Attendance
A003254,S07965,C040,2025-06-27,15,3,Low Attendance
A003255,S19929,C007,2025-08-31,25,19,Present
A003256,S16096,C031,2025-08-17,15,12,Present
A003257,S08478,C043,2025-11-17,10,7,Low Attendance
A003258,S16166,C008,2025-02-22,25,6,Low Attendance
A003259,S00664,C001,2025-03-29,30,20,Low Attendance
A003260,S15262,C010,2025-12-02,15,0,Low Attendance
A003261,S16395,C027,2025-02-02,20,14,Low Attendance
A003262,S16975,C011,2025-06-08,30,7,Low Attendance
A003263,S12279,C031,2025-12-25,20,6,Low Attendance
A003264,S01089,C032,2025-06-02,20,20,Present
A003265,S04613,C031,2025-08-07,25,11,Low Attendance
A003266,S17382,C045,2025-08-18,15,5,Low Attendance
A003267,S08400,C044,2025-01-30,20,8,Low Attendance
A003268,S03244,C041,2025-02-11,25,24,Present
A003269,S12524,C050,2025-05-07,20,7,Low Attendance
A003270,S05217,C029,2025-07-04,20,9,Low Attendance
A003271,S18485,C029,2025-12-14,15,1,Low Attendance
A003272,S13813,C017,2025-10-22,15,1,Low Attendance
A003273,S17322,C025,2025-06-09,10,0,Low Attendance
A003274,S02904,C026,2025-11-13,20,19,Present
A003275,S05175,C045,2025-07-04,20,18,Present
A003276,S10376,C026,2025-08-08,25,6,Low Attendance
A003277,S07779,C045,2025-12-07,25,6,Low Attendance
A003278,S12357,C028,2025-02-02,25,23,Present
A003279,S03050,C003,2025-02-04,25,6,Low Attendance
A003280,S06743,C011,2025-10-24,30,5,Low Attendance
A003281,S19620,C038,2025-04-21,20,2,Low Attendance
A003282,S19341,C044,2025-05-03,30,20,Low Attendance
A003283,S03304,C040,2025-07-20,15,8,Low Attendance
A003284,S04816,C001,2025-04-22,30,12,Low Attendance
A003285,S01633,C022,2025-02-10,20,17,Present
A003286,S10547,C047,2025-04-08,20,14,Low Attendance
A003287,S05049,C014,2025-10-26,25,18,Low Attendance
A003288,S08566,C033,2025-05-29,10,9,Present
A003289,S00119,C049,2025-02-27,20,3,Low Attendance
A003290,S14389,C028,2025-04-08,25,23,Present
A003291,S11137,C002,2025-05-20,30,8,Low Attendance
A003292,S04177,C024,2025-05-28,25,24,Present
A003293,S13028,C038,2025-07-22,15,3,Low Attendance
A003294,S07080,C049,2025-08-19,20,13,Low Attendance
A003295,S12091,C020,2025-12-06,30,25,Present
A003296,S03506,C024,2025-12-09,15,6,Low Attendance
A003297,S00158,C046,2025-08-31,15,12,Present
A003298,S08825,C001,2025-07-02,10,0,Low Attendance
A003299,S00406,C035,2025-02-26,30,4,Low Attendance
A003300,S13175,C050,2025-05-27,20,13,Low Attendance
A003301,S00200,C001,2025-09-28,15,15,Present
A003302,S08099,C003,2025-09-20,20,11,Low Attendance
A003303,S05271,C010,2025-02-01,25,18,Low Attendance
A003304,S14618,C002,2025-03-13,30,11,Low Attendance
A003305,S18961,C007,2025-12-09,20,4,Low Attendance
A003306,S10990,C019,2025-10-16,20,10,Low Attendance
A003307,S08027,C009,2025-12-14,15,6,Low Attendance
A003308,S11041,C014,2025-05-25,15,7,Low Attendance
A003309,S06312,C013,2025-02-09,30,4,Low Attendance
A003310,S05755,C021,2025-12-15,25,23,Present
A003311,S09662,C026,2025-11-28,20,5,Low Attendance
A003312,S11504,C010,2025-05-03,10,10,Present
A003313,S09166,C018,2025-07-27,25,13,
A003314,S18019,C006,2025-02-21,10,6,Low Attendance
A003315,S18634,C014,2025-04-18,10,3,Low Attendance
A003316,S08090,C018,2025-10-28,10,1,Low Attendance
A003317,S03230,C028,2025-04-28,10,5,Low Attendance
A003318,S05888,C024,2025-01-05,30,1,Low Attendance
A003319,S01778,C031,2025-10-20,15,14,Present
A003320,S13127,C049,2025-02-26,30,22,Low Attendance
A003321,S17598,C019,2025-03-09,25,17,Low Attendance
A003322,S17574,C014,2025-06-05,20,4,Low Attendance
A003323,S05520,C044,2025-04-25,30,7,Low Attendance
A003324,S19117,C046,2025-08-11,10,0,Low Attendance
A003325,S01637,C037,2025-12-26,20,12,Low Attendance
A003326,S09830,C018,2025-01-15,25,9,Low Attendance
A003327,S13691,C030,2025-05-06,25,15,Low Attendance
A003328,S19239,C026,2025-03-19,15,12,Present
A003329,S11525,C033,2025-01-23,25,6,Low Attendance
A003330,S18063,C016,2025-07-02,10,2,Low Attendance
A003331,S04319,C002,2025-01-09,15,6,Low Attendance
A003332,S08491,C003,2025-07-04,10,9,Present
A003333,S11841,C039,2025-06-19,20,7,Low Attendance
A003334,S16862,C023,2025-10-10,20,11,Low Attendance
A003335,S10283,C040,2025-08-29,15,9,Low Attendance
A003336,S09063,C024,2025-08-14,20,20,Present
A003337,S10612,C032,2025-11-04,20,2,Low Attendance
A003338,S03501,C022,2025-04-22,10,5,Low Attendance
A003339,S15505,C019,2025-03-28,30,28,Present
A003340,S03387,C049,2025-07-08,30,29,Present
A003341,S01029,C040,2025-07-19,25,11,Low Attendance
A003342,S11270,C045,2025-04-29,20,16,Present
A003343,S07706,C013,2025-12-19,15,14,Present
A003344,S17959,C002,2025-05-08,25,25,Present
A003345,S05648,C047,2025-11-26,30,19,Low Attendance
A003346,S04357,C037,2025-09-15,15,3,Low Attendance
A003347,S11635,C015,2025-01-13,30,10,Low Attendance
A003348,S16680,C024,2025-11-01,15,2,Low Attendance
A003349,S13394,C030,2025-05-13,25,18,Low Attendance
A003350,S08535,C023,2025-03-07,15,10,Low Attendance
A003351,S06424,C007,2025-03-22,25,19,Present
A003352,S04043,C045,2025-07-15,20,5,Low Attendance
A003353,S16664,C021,2025-11-30,10,10,Present
A003354,S14234,C031,2025-04-28,10,10,Present
A003355,S08446,C033,2025-06-22,25,4,Low Attendance
A003356,S12192,C008,2025-12-14,30,9,Low Attendance
A003357,S08180,C008,2025-01-18,10,5,
A003358,S05513,C032,2025-10-17,30,6,Low Attendance
A003359,S04314,C001,2025-07-15,25,21,Present
A003360,S13278,C030,2025-02-03,10,3,Low Attendance
A003361,S05773,C038,2025-08-18,20,17,Present
A003362,S04840,C025,2025-05-07,10,10,Present
A003363,S03778,C003,2025-02-26,15,3,Low Attendance
A003364,S03104,C031,2025-09-20,15,5,Low Attendance
A003365,S14209,C049,2025-05-04,15,12,Present
A003366,S05051,C034,2025-09-14,30,19,Low Attendance
A003367,S03215,C039,2025-07-02,20,0,Low Attendance
A003368,S00911,C015,2025-12-28,25,22,Present
A003369,S04794,C024,2025-08-18,10,5,Low Attendance
A003370,S06536,C004,2025-08-25,20,15,Present
A003371,S17252,C038,2025-03-29,10,3,Low Attendance
A003372,S19270,C033,2025-06-08,20,0,Low Attendance
A003373,S06955,C003,2025-08-19,20,17,Present
A003374,S19534,C042,2025-08-16,15,12,Present
A003375,S19035,C040,2025-07-15,25,25,Present
A003376,S00757,C039,2025-08-25,20,11,Low Attendance
A003377,S00376,C003,2025-07-07,10,2,Low Attendance
A003378,S05755,C048,2025-02-10,25,5,Low Attendance
A003379,S08601,C006,2025-06-28,25,4,Low Attendance
A003380,S03954,C042,2025-06-18,20,18,Present
A003381,S09325,C038,2025-08-27,15,10,Low Attendance
A003382,S15383,C050,2025-09-30,25,20,Present
A003383,S07028,C016,2025-07-05,20,20,Present
A003384,S10470,C005,2025-04-29,30,2,Low Attendance
A003385,S08657,C003,2025-11-16,20,8,Low Attendance
A003386,S15120,C049,2025-08-16,20,6,Low Attendance
A003387,S08585,C042,2025-04-28,15,4,Low Attendance
A003388,S10552,C038,2025-10-29,10,10,Present
A003389,S16902,C040,2025-06-05,10,2,Low Attendance
A003390,S01563,C044,2025-12-21,15,1,Low Attendance
A003391,S07847,C030,2025-04-13,10,8,Present
A003392,S04380,C007,2025-10-27,10,10,Present
A003393,S06522,C046,2025-02-25,20,7,
A003394,S06107,C048,2025-01-03,25,21,Present
A003395,S05423,C003,2025-03-10,10,6,Low Attendance
A003396,S15026,C036,2025-11-21,10,5,Low Attendance
A003397,S01590,C015,2025-10-30,20,4,Low Attendance
A003398,S04605,C021,2025-01-30,30,18,Low Attendance
A003399,S01344,C003,2025-03-24,20,17,Present
A003400,S07069,C048,2025-10-16,15,3,Low Attendance
A003401,S10994,C005,2025-08-25,20,8,Low Attendance
A003402,S11859,C002,2025-12-31,15,8,Low Attendance
A003403,S17510,C014,2025-11-10,20,20,Present
A003404,S07755,C029,2025-05-10,10,0,Low Attendance
A003405,S03456,C039,2025-08-18,10,6,Low Attendance
A003406,S12971,C032,2025-08-30,30,12,Low Attendance
A003407,S17112,C007,2025-01-25,15,14,Present
A003408,S02814,C023,2025-12-27,15,11,Low Attendance
A003409,S13416,C035,2025-08-14,15,8,Low Attendance
A003410,S14304,C012,2025-05-29,20,0,Low Attendance
A003411,S14767,C007,2025-06-14,10,1,Low Attendance
A003412,S11612,C007,2025-01-26,10,5,Low Attendance
A003413,S13482,C005,2025-03-27,15,5,Low Attendance
A003414,S15731,C015,2025-06-14,25,8,Low Attendance
A003415,S17320,C029,2025-08-28,15,5,Low Attendance
A003416,S05781,C025,2025-06-08,30,29,Present
A003417,S05210,C023,2025-07-11,25,5,Low Attendance
A003418,S09270,C007,2025-04-01,20,2,Low Attendance
A003419,S09162,C020,2025-05-06,20,5,Low Attendance
A003420,S02550,C050,2025-10-03,20,15,Present
A003421,S14571,C029,2025-10-02,20,6,Low Attendance
A003422,S12229,C012,2025-11-14,15,13,Present
A003423,S14454,C023,2025-05-21,10,3,Low Attendance
A003424,S10466,C006,2025-11-13,30,1,Low Attendance
A003425,S01112,C014,2025-11-30,25,14,Low Attendance
A003426,S00927,C028,2025-03-30,30,23,Present
A003427,S05665,C049,2025-10-28,10,9,Present
A003428,S14207,C006,2025-12-15,25,11,Low Attendance
A003429,S01393,C041,2025-10-03,10,5,Low Attendance
A003430,S14242,C027,2025-11-11,15,5,Low Attendance
A003431,S05271,C025,2025-11-20,10,2,Low Attendance
A003432,S18144,C011,2025-10-20,15,1,Low Attendance
A003433,S12184,C015,2025-05-08,10,4,Low Attendance
A003434,S01262,C001,2025-10-24,25,22,Present
A003435,S01905,C027,2025-11-27,15,1,Low Attendance
A003436,S16401,C037,2025-05-23,15,6,Low Attendance
A003437,S15195,C017,2025-02-14,15,12,Present
A003438,S05320,C036,2025-03-01,20,1,Low Attendance
A003439,S06238,C003,2025-06-25,25,2,Low Attendance
A003440,S16983,C005,2025-08-24,20,4,Low Attendance
A003441,S15937,C008,2025-06-24,20,12,Low Attendance
A003442,S03415,C020,2025-06-10,15,12,Present
A003443,S03739,C007,2025-08-06,25,4,Low Attendance
A003444,S19954,C028,2025-05-22,15,1,Low Attendance
A003445,S05909,C036,2025-02-16,15,12,Present
A003446,S18930,C041,2025-05-26,30,0,Low Attendance
A003447,S10269,C035,2025-09-02,20,19,Present
A003448,S03866,C003,2025-08-10,10,8,Present
A003449,S19825,C042,2025-12-11,30,9,Low Attendance
A003450,S04078,C022,2025-12-25,30,14,Low Attendance
A003451,S05723,C008,2025-05-02,30,4,Low Attendance
A003452,S16843,C028,2025-08-05,20,1,Low Attendance
A003453,S14841,C025,2025-10-29,10,8,Present
A003454,S15620,C044,2025-06-14,20,8,Low Attendance
A003455,S19690,C009,2025-10-19,30,15,Low Attendance
A003456,S12445,C038,2025-12-28,10,5,Low Attendance
A003457,S15764,C040,2025-09-14,10,0,Low Attendance
A003458,S15525,C003,2025-10-08,25,1,Low Attendance
A003459,S08818,C028,2025-07-06,10,4,Low Attendance
A003460,S18825,C039,2025-09-06,10,9,Present
A003461,S04066,C032,2025-02-27,30,4,Low Attendance
A003462,S19196,C039,2025-12-01,30,21,Low Attendance
A003463,S01597,C010,2025-02-21,20,11,Low Attendance
A003464,S14517,C042,2025-04-27,20,20,Present
A003465,S01382,C004,2025-07-11,10,7,Low Attendance
A003466,S07443,C019,2025-11-09,15,15,Present
A003467,S07004,C028,2025-03-29,20,13,Low Attendance
A003468,S12947,C046,2025-09-07,25,11,Low Attendance
A003469,S16123,C018,2025-07-25,25,15,Low Attendance
A003470,S16658,C034,2025-01-07,15,7,Low Attendance
A003471,S16723,C017,2025-02-26,15,15,Present
A003472,S17701,C023,2025-04-23,10,8,Present
A003473,S11890,C007,2025-10-05,30,6,Low Attendance
A003474,S12531,C018,2025-06-10,20,19,Present
A003475,S10202,C043,2025-03-06,15,10,Low Attendance
A003476,S11211,C031,2025-12-28,20,1,Low Attendance
A003477,S15202,C015,2025-03-06,15,11,Low Attendance
A003478,S17981,C021,2025-12-08,10,3,Low Attendance
A003479,S17278,C004,2025-11-23,30,18,Low Attendance
A003480,S04388,C004,2025-05-26,30,24,Present
A003481,S08255,C004,2025-07-24,20,13,Low Attendance
A003482,S15741,C022,2025-02-12,20,9,Low Attendance
A003483,S18615,C045,2025-10-12,30,26,Present
A003484,S05502,C013,2025-03-31,20,7,Low Attendance
A003485,S11864,C019,2025-11-22,25,6,Low Attendance
A003486,S16678,C022,2025-09-07,10,4,Low Attendance
A003487,S02436,C009,2025-01-03,15,1,Low Attendance
A003488,S13014,C010,2025-10-15,20,0,Low Attendance
A003489,S00152,C003,2025-08-29,15,7,Low Attendance
A003490,S19768,C004,2025-01-15,20,15,Present
A003491,S13485,C011,2025-11-11,25,22,Present
A003492,S18460,C048,2025-04-03,10,2,Low Attendance
A003493,S09455,C025,2025-03-05,15,14,Present
A003494,S10757,C029,2025-06-30,25,18,Low Attendance
A003495,S13564,C036,2025-01-09,25,25,Present
A003496,S04913,C046,2025-06-30,25,6,Low Attendance
A003497,S03833,C041,2025-11-01,30,4,Low Attendance
A003498,S16914,C028,2025-10-20,20,19,Present
A003499,S06942,C017,2025-09-30,10,6,Low Attendance
A003500,S12313,C024,2025-02-22,10,5,Low Attendance
A003501,S18764,C003,2025-06-30,15,11,Low Attendance
A003502,S10080,C036,2025-12-07,20,4,Low Attendance
A003503,S00198,C047,2025-12-26,10,9,Present
A003504,S16309,C011,2025-11-04,10,2,Low Attendance
A003505,S07315,C037,2025-12-25,25,20,Present
A003506,S07582,C004,2025-11-23,10,8,Present
A003507,S08201,C041,2025-01-17,30,2,Low Attendance
A003508,S08483,C002,2025-10-11,10,6,Low Attendance
A003509,S07301,C003,2025-01-29,25,7,Low Attendance
A003510,S14139,C018,2025-03-04,20,13,Low Attendance
A003511,S18584,C031,2025-02-25,25,8,Low Attendance
A003512,S08086,C037,2025-01-24,30,13,Low Attendance
A003513,S11734,C014,2025-12-25,30,26,Present
A003514,S02096,C045,2025-04-21,20,12,Low Attendance
A003515,S10156,C015,2025-08-11,10,5,Low Attendance
A003516,S18786,C017,2025-09-22,10,4,Low Attendance
A003517,S12140,C021,2025-06-12,15,12,Present
A003518,S07667,C038,2025-11-21,30,19,Low Attendance
A003519,S08989,C045,2025-09-23,20,12,Low Attendance
A003520,S18371,C046,2025-05-23,25,1,Low Attendance
A003521,S18846,C019,2025-03-09,15,0,Low Attendance
A003522,S17471,C020,2025-06-19,30,19,Low Attendance
A003523,S17257,C039,2025-01-28,25,20,Present
A003524,S09891,C037,2025-01-28,25,22,Present
A003525,S07489,C045,2025-05-20,10,10,Present
A003526,S13063,C008,2025-08-13,10,9,Present
A003527,S00562,C018,2025-06-18,30,29,Present
A003528,S19334,C034,2025-08-26,20,7,Low Attendance
A003529,S04674,C003,2025-10-26,15,0,Low Attendance
A003530,S06076,C007,2025-09-04,15,6,Low Attendance
A003531,S16540,C044,2025-08-23,10,3,Low Attendance
A003532,S06807,C021,2025-07-28,10,2,Low Attendance
A003533,S11058,C018,2025-12-31,10,6,Low Attendance
A003534,S02117,C007,2025-05-25,10,0,Low Attendance
A003535,S07274,C038,2025-08-06,10,3,Low Attendance
A003536,S14054,C043,2025-05-26,30,17,Low Attendance
A003537,S11179,C030,2025-08-13,30,3,Low Attendance
A003538,S15567,C037,2025-09-18,30,13,Low Attendance
A003539,S07361,C038,2025-10-20,30,5,Low Attendance
A003540,S15208,C041,2025-11-06,20,19,Present
A003541,S05079,C033,2025-07-24,10,1,Low Attendance
A003542,S05537,C029,2025-10-09,10,7,Low Attendance
A003543,S04183,C037,2025-05-13,15,9,Low Attendance
A003544,S09209,C027,2025-10-04,30,21,Low Attendance
A003545,S12561,C042,2025-06-13,20,12,Low Attendance
A003546,S11014,C019,2025-10-26,20,12,Low Attendance
A003547,S11483,C013,2025-04-27,25,20,Present
A003548,S19909,C022,2025-07-08,15,7,Low Attendance
A003549,S13758,C004,2025-01-02,10,0,Low Attendance
A003550,S00870,C024,2025-03-27,30,22,Low Attendance
A003551,S17120,C038,2025-08-14,25,13,Low Attendance
A003552,S06814,C033,2025-03-23,20,11,Low Attendance
A003553,S00746,C030,2025-01-08,25,11,Low Attendance
A003554,S10534,C026,2025-08-18,30,3,Low Attendance
A003555,S09940,C019,2025-11-01,15,13,Present
A003556,S05458,C037,2025-07-16,15,3,Low Attendance
A003557,S16059,C002,2025-02-22,10,3,Low Attendance
A003558,S18822,C008,2025-01-07,10,0,Low Attendance
A003559,S15301,C039,2025-02-14,30,17,Low Attendance
A003560,S14384,C009,2025-07-11,10,2,Low Attendance
A003561,S03774,C026,2025-04-11,30,29,Present
A003562,S00488,C039,2025-05-11,15,6,Low Attendance
A003563,S10709,C043,2025-04-23,30,9,Low Attendance
A003564,S02656,C047,2025-12-01,20,16,Present
A003565,S16686,C045,2025-10-13,30,14,Low Attendance
A003566,S15189,C002,2025-07-12,25,6,Low Attendance
A003567,S15733,C014,2025-06-20,15,3,Low Attendance
A003568,S16813,C008,2025-08-11,25,18,Low Attendance
A003569,S08052,C024,2025-07-19,10,9,Present
A003570,S09060,C039,2025-05-11,25,2,Low Attendance
A003571,S05706,C024,2025-10-30,15,1,Low Attendance
A003572,S19013,C023,2025-07-17,10,4,Low Attendance
A003573,S14099,C037,2025-04-02,20,19,Present
A003574,S15872,C046,2025-05-26,10,0,Low Attendance
A003575,S18723,C021,2025-01-30,25,3,Low Attendance
A003576,S10263,C048,2025-01-28,15,14,Present
A003577,S13260,C029,2025-07-28,25,11,Low Attendance
A003578,S03294,C050,2025-11-10,30,26,Present
A003579,S08198,C019,2025-05-18,10,5,Low Attendance
A003580,S03311,C038,2025-06-23,15,8,Low Attendance
A003581,S15232,C031,2025-08-24,20,1,Low Attendance
A003582,S10392,C030,2025-08-06,30,26,Present
A003583,S03536,C012,2025-01-21,25,23,Present
A003584,S11759,C026,2025-12-07,10,4,Low Attendance
A003585,S04800,C007,2025-06-11,10,1,Low Attendance
A003586,S16393,C034,2025-03-10,15,5,Low Attendance
A003587,S17283,C028,2025-11-16,15,6,Low Attendance
A003588,S17514,C047,2025-08-12,15,8,Low Attendance
A003589,S08130,C017,2025-12-11,20,12,Low Attendance
A003590,S13641,C003,2025-06-26,30,7,Low Attendance
A003591,S00595,C039,2025-10-18,15,15,Present
A003592,S08246,C048,2025-09-13,10,0,Low Attendance
A003593,S10450,C011,2025-03-15,10,0,Low Attendance
A003594,S19933,C019,2025-08-08,30,18,Low Attendance
A003595,S01574,C010,2025-03-07,30,27,Present
A003596,S09331,C030,2025-02-11,20,10,Low Attendance
A003597,S01130,C007,2025-09-27,20,10,Low Attendance
A003598,S03122,C033,2025-08-28,25,1,Low Attendance
A003599,S14827,C043,2025-06-18,30,22,Low Attendance
A003600,S18470,C027,2025-04-08,20,1,Low Attendance
A003601,S11901,C009,2025-09-09,15,1,
A003602,S04210,C032,2025-04-21,25,22,Present
A003603,S13115,C007,2025-11-13,30,24,Present
A003604,S11785,C037,2025-11-24,20,18,Present
A003605,S02594,C021,2025-11-07,30,3,Low Attendance
A003606,S05850,C015,2025-12-24,20,17,Present
A003607,S13068,C045,2025-05-20,10,7,Low Attendance
A003608,S17894,C049,2025-04-25,30,16,Low Attendance
A003609,S10157,C028,2025-05-25,25,17,Low Attendance
A003610,S06084,C033,2025-06-04,10,10,Present
A003611,S16777,C045,2025-10-09,30,16,Low Attendance
A003612,S11308,C001,2025-02-28,30,9,Low Attendance
A003613,S13047,C026,2025-12-28,15,15,Present
A003614,S01075,C008,2025-12-08,25,19,Present
A003615,S10308,C020,2025-07-11,25,17,Low Attendance
A003616,S15389,C019,2025-12-20,30,3,Low Attendance
A003617,S00749,C038,2025-10-10,30,26,Present
A003618,S11576,C041,2025-10-16,30,10,Low Attendance
A003619,S17287,C029,2025-12-11,25,19,Present
A003620,S17027,C040,2025-07-20,30,0,Low Attendance
A003621,S19079,C036,2025-01-08,10,0,Low Attendance
A003622,S17979,C031,2025-03-22,20,16,Present
A003623,S10352,C019,2025-07-01,15,10,Low Attendance
A003624,S02842,C036,2025-08-14,15,6,Low Attendance
A003625,S11995,C004,2025-10-21,10,0,Low Attendance
A003626,S19839,C024,2025-11-05,30,21,Low Attendance
A003627,S06273,C009,2025-07-03,25,14,Low Attendance
A003628,S06430,C011,2025-06-09,25,20,Present
A003629,S00500,C017,2025-06-20,10,4,Low Attendance
A003630,S12437,C026,2025-10-08,20,18,Present
A003631,S10588,C035,2025-06-07,15,14,Present
A003632,S12953,C028,2025-07-14,15,12,Present
A003633,S19103,C024,2025-08-28,20,5,Low Attendance
A003634,S16756,C002,2025-04-27,20,17,Present
A003635,S07728,C042,2025-11-08,20,19,Present
A003636,S19115,C048,2025-06-14,10,2,Low Attendance
A003637,S11827,C035,2025-04-26,10,4,Low Attendance
A003638,S03524,C004,2025-04-07,30,18,Low Attendance
A003639,S10267,C042,2025-08-02,10,6,Low Attendance
A003640,S07117,C047,2025-10-20,20,17,Present
A003641,S07425,C030,2025-07-18,30,16,Low Attendance
A003642,S16609,C020,2025-07-06,15,3,Low Attendance
A003643,S10679,C005,2025-10-31,10,9,Present
A003644,S03095,C024,2025-08-23,25,9,Low Attendance
A003645,S09078,C025,2025-09-06,10,2,Low Attendance
A003646,S18404,C031,2025-12-04,15,13,Present
A003647,S02187,C024,2025-08-29,20,13,Low Attendance
A003648,S10979,C003,2025-11-22,20,2,Low Attendance
A003649,S17626,C015,2025-08-18,10,3,Low Attendance
A003650,S05416,C016,2025-08-01,25,5,Low Attendance
A003651,S10848,C044,2025-11-06,20,12,Low Attendance
A003652,S18281,C045,2025-10-20,10,5,Low Attendance
A003653,S17312,C032,2025-10-07,20,5,Low Attendance
A003654,S18699,C011,2025-05-14,15,7,Low Attendance
A003655,S03617,C019,2025-02-13,20,16,Present
A003656,S00567,C019,2025-03-26,25,4,Low Attendance
A003657,S05799,C022,2025-09-29,15,13,Present
A003658,S17150,C008,2025-10-04,15,7,Low Attendance
A003659,S07878,C004,2025-06-29,25,6,Low Attendance
A003660,S05797,C028,2025-06-04,25,19,Present
A003661,S12200,C001,2025-06-06,10,6,Low Attendance
A003662,S02545,C016,2025-06-13,25,23,Present
A003663,S12025,C010,2025-08-09,25,16,Low Attendance
A003664,S05777,C045,2025-03-02,25,4,Low Attendance
A003665,S17702,C007,2025-05-10,20,8,Low Attendance
A003666,S16924,C028,2025-09-09,25,18,Low Attendance
A003667,S17752,C045,2025-01-09,15,10,Low Attendance
A003668,S12106,C014,2025-01-29,10,0,Low Attendance
A003669,S09545,C031,2025-01-18,30,0,Low Attendance
A003670,S03027,C017,2025-10-08,10,1,
A003671,S03060,C010,2025-11-14,25,15,Low Attendance
A003672,S04471,C018,2025-05-19,25,23,Present
A003673,S12173,C027,2025-09-08,15,3,Low Attendance
A003674,S02733,C045,2025-06-07,15,14,Present
A003675,S00385,C009,2025-12-14,10,10,Present
A003676,S12555,C029,2025-11-08,20,13,Low Attendance
A003677,S17375,C023,2025-02-10,10,1,Low Attendance
A003678,S13556,C019,2025-01-29,30,17,Low Attendance
A003679,S13123,C008,2025-03-22,25,3,Low Attendance
A003680,S09207,C004,2025-11-27,30,16,Low Attendance
A003681,S09489,C026,2025-10-30,20,20,Present
A003682,S11894,C033,2025-08-03,15,4,Low Attendance
A003683,S03112,C003,2025-08-21,25,16,Low Attendance
A003684,S00906,C030,2025-05-02,25,2,Low Attendance
A003685,S02117,C023,2025-08-07,10,5,Low Attendance
A003686,S10567,C024,2025-09-16,20,2,Low Attendance
A003687,S10140,C033,2025-11-09,25,1,Low Attendance
A003688,S02070,C049,2025-07-05,15,5,Low Attendance
A003689,S09773,C022,2025-03-25,30,24,Present
A003690,S18739,C026,2025-05-18,10,2,Low Attendance
A003691,S05434,C042,2025-07-12,25,20,Present
A003692,S09918,C009,2025-10-20,10,8,Present
A003693,S17107,C004,2025-04-27,20,6,Low Attendance
A003694,S17668,C015,2025-07-10,20,3,Low Attendance
A003695,S05285,C027,2025-09-18,20,18,Present
A003696,S07351,C006,2025-08-08,10,10,Present
A003697,S06637,C043,2025-10-15,10,2,Low Attendance
A003698,S16323,C014,2025-02-28,20,3,Low Attendance
A003699,S09575,C031,2025-01-26,10,6,Low Attendance
A003700,S06469,C024,2025-03-15,20,3,Low Attendance
A003701,S01665,C047,2025-12-07,30,14,Low Attendance
A003702,S04671,C036,2025-08-16,30,20,Low Attendance
A003703,S12254,C030,2025-11-10,25,5,Low Attendance
A003704,S08155,C031,2025-02-05,25,6,Low Attendance
A003705,S07194,C006,2025-01-26,25,2,Low Attendance
A003706,S07106,C016,2025-05-26,20,3,Low Attendance
A003707,S12910,C045,2025-02-27,15,1,Low Attendance
A003708,S09508,C009,2025-12-31,25,21,Present
A003709,S06590,C044,2025-03-26,10,10,Present
A003710,S18805,C036,2025-11-14,15,4,Low Attendance
A003711,S10386,C037,2025-10-03,15,10,Low Attendance
A003712,S13985,C002,2025-08-10,25,6,Low Attendance
A003713,S03409,C046,2025-02-08,25,18,Low Attendance
A003714,S08176,C005,2025-12-15,15,11,Low Attendance
A003715,S00972,C007,2025-11-13,10,9,Present
A003716,S16125,C042,2025-07-06,15,4,Low Attendance
A003717,S03497,C025,2025-02-09,30,8,Low Attendance
A003718,S09866,C001,2025-04-26,15,6,Low Attendance
A003719,S05530,C024,2025-07-26,30,4,Low Attendance
A003720,S15320,C037,2025-05-24,10,5,Low Attendance
A003721,S16132,C026,2025-05-24,30,2,Low Attendance
A003722,S05132,C011,2025-09-17,25,16,Low Attendance
A003723,S04756,C049,2025-11-02,25,13,Low Attendance
A003724,S17978,C006,2025-02-16,15,1,Low Attendance
A003725,S04191,C044,2025-07-29,15,10,Low Attendance
A003726,S08152,C012,2025-06-22,15,1,Low Attendance
A003727,S07634,C005,2025-03-05,30,5,Low Attendance
A003728,S08841,C004,2025-11-01,10,7,Low Attendance
A003729,S01289,C033,2025-09-26,10,8,Present
A003730,S16081,C034,2025-04-12,15,13,Present
A003731,S18449,C010,2025-11-29,15,12,Present
A003732,S06483,C006,2025-10-02,10,0,Low Attendance
A003733,S08276,C010,2025-06-27,25,22,Present
A003734,S00547,C005,2025-03-11,15,12,Present
A003735,S03190,C033,2025-05-14,25,9,Low Attendance
A003736,S08489,C028,2025-08-11,30,25,Present
A003737,S08250,C042,2025-05-26,30,5,Low Attendance
A003738,S06430,C033,2025-09-06,15,7,Low Attendance
A003739,S17438,C041,2025-04-03,30,24,Present
A003740,S13923,C013,2025-09-03,15,2,
A003741,S14382,C026,2025-08-19,15,12,Present
A003742,S03268,C021,2025-06-27,30,5,Low Attendance
A003743,S09425,C010,2025-11-04,15,12,Present
A003744,S03537,C038,2025-03-29,25,7,Low Attendance
A003745,S12053,C027,2025-02-06,25,13,Low Attendance
A003746,S10692,C047,2025-03-24,20,8,Low Attendance
A003747,S12021,C020,2025-03-13,20,15,Present
A003748,S17778,C011,2025-08-17,30,16,Low Attendance
A003749,S11906,C043,2025-03-03,10,2,Low Attendance
A003750,S10700,C014,2025-08-20,15,8,Low Attendance
A003751,S11635,C013,2025-03-21,25,10,Low Attendance
A003752,S09084,C030,2025-11-24,20,10,Low Attendance
A003753,S08551,C007,2025-08-27,10,8,Present
A003754,S09546,C017,2025-01-07,30,28,Present
A003755,S03897,C020,2025-08-31,30,8,Low Attendance
A003756,S09343,C039,2025-07-27,20,12,Low Attendance
A003757,S02997,C031,2025-06-08,10,0,Low Attendance
A003758,S02794,C034,2025-11-28,30,7,Low Attendance
A003759,S05836,C047,2025-06-23,10,7,Low Attendance
A003760,S14685,C015,2025-04-10,10,2,Low Attendance
A003761,S03285,C023,2025-06-15,15,8,Low Attendance
A003762,S14631,C046,2025-12-18,10,0,Low Attendance
A003763,S12510,C039,2025-09-23,15,11,Low Attendance
A003764,S14226,C047,2025-05-14,25,23,Present
A003765,S19273,C036,2025-08-13,20,14,Low Attendance
A003766,S19549,C012,2025-07-11,25,10,Low Attendance
A003767,S02390,C041,2025-09-09,10,6,Low Attendance
A003768,S11293,C002,2025-12-05,10,6,Low Attendance
A003769,S15543,C041,2025-03-20,30,10,Low Attendance
A003770,S13413,C043,2025-03-09,30,7,Low Attendance
A003771,S12357,C025,2025-05-29,25,14,Low Attendance
A003772,S08033,C034,2025-02-16,20,12,Low Attendance
A003773,S09207,C049,2025-04-18,30,7,Low Attendance
A003774,S06436,C044,2025-01-30,20,8,Low Attendance
A003775,S07374,C009,2025-11-15,25,11,Low Attendance
A003776,S08853,C014,2025-09-13,20,8,Low Attendance
A003777,S05277,C025,2025-08-04,15,5,Low Attendance
A003778,S07100,C045,2025-01-09,15,8,Low Attendance
A003779,S08462,C043,2025-09-28,30,14,Low Attendance
A003780,S02965,C047,2025-02-02,10,6,Low Attendance
A003781,S06837,C039,2025-05-25,20,10,Low Attendance
A003782,S05742,C029,2025-12-20,30,27,Present
A003783,S04920,C028,2025-01-10,20,6,Low Attendance
A003784,S10327,C019,2025-06-29,15,10,Low Attendance
A003785,S16682,C018,2025-10-01,20,14,Low Attendance
A003786,S11713,C029,2025-10-20,20,8,Low Attendance
A003787,S05063,C030,2025-02-11,25,4,Low Attendance
A003788,S10936,C020,2025-09-23,30,1,Low Attendance
A003789,S05929,C016,2025-05-31,20,17,Present
A003790,S07774,C029,2025-01-10,10,10,Present
A003791,S01316,C034,2025-04-14,20,2,Low Attendance
A003792,S03289,C005,2025-12-24,15,4,Low Attendance
A003793,S04462,C028,2025-01-06,30,12,Low Attendance
A003794,S00738,C031,2025-12-13,30,19,Low Attendance
A003795,S06063,C014,2025-09-01,20,8,Low Attendance
A003796,S08485,C005,2025-04-27,30,22,Low Attendance
A003797,S00128,C023,2025-05-19,10,8,Present
A003798,S10603,C028,2025-07-28,25,18,Low Attendance
A003799,S02024,C019,2025-02-09,20,15,Present
A003800,S14962,C027,2025-02-12,30,11,Low Attendance
A003801,S02963,C038,2025-09-12,15,14,Present
A003802,S10577,C006,2025-04-25,15,8,Low Attendance
A003803,S05505,C001,2025-01-03,25,24,Present
A003804,S19232,C039,2025-08-05,30,5,Low Attendance
A003805,S14680,C025,2025-11-10,10,10,Present
A003806,S15098,C032,2025-02-26,10,4,Low Attendance
A003807,S03809,C003,2025-07-18,30,29,Present
A003808,S01990,C041,2025-06-04,15,6,Low Attendance
A003809,S12870,C014,2025-03-29,20,13,Low Attendance
A003810,S00893,C048,2025-10-01,20,20,Present
A003811,S00708,C014,2025-10-14,25,17,Low Attendance
A003812,S18972,C041,2025-05-14,10,1,Low Attendance
A003813,S06930,C003,2025-10-13,20,15,Present
A003814,S18436,C039,2025-08-18,10,1,Low Attendance
A003815,S11738,C010,2025-02-23,15,5,Low Attendance
A003816,S03086,C015,2025-04-09,15,10,Low Attendance
A003817,S13934,C025,2025-10-27,20,15,Present
A003818,S17954,C049,2025-02-21,25,21,Present
A003819,S01226,C028,2025-07-26,25,15,Low Attendance
A003820,S15109,C014,2025-08-14,15,0,Low Attendance
A003821,S05881,C020,2025-08-28,10,5,Low Attendance
A003822,S00906,C027,2025-01-27,20,8,Low Attendance
A003823,S14062,C041,2025-09-14,10,0,Low Attendance
A003824,S17876,C040,2025-02-05,20,14,Low Attendance
A003825,S16961,C035,2025-11-03,25,1,Low Attendance
A003826,S16572,C047,2025-07-31,20,7,Low Attendance
A003827,S07599,C023,2025-03-22,25,24,Present
A003828,S17518,C038,2025-01-27,10,3,Low Attendance
A003829,S14481,C026,2025-09-18,10,2,Low Attendance
A003830,S13043,C005,2025-02-15,15,5,Low Attendance
A003831,S06807,C028,2025-07-02,25,23,Present
A003832,S02274,C032,2025-05-28,30,14,Low Attendance
A003833,S00905,C049,2025-10-30,20,3,Low Attendance
A003834,S13155,C007,2025-01-16,20,17,Present
A003835,S15406,C006,2025-03-04,10,4,Low Attendance
A003836,S18070,C046,2025-03-09,30,17,Low Attendance
A003837,S09553,C018,2025-02-14,25,7,Low Attendance
A003838,S16885,C013,2025-09-22,25,17,Low Attendance
A003839,S18018,C023,2025-11-10,25,7,Low Attendance
A003840,S12231,C012,2025-09-01,30,9,Low Attendance
A003841,S09666,C032,2025-03-29,20,10,Low Attendance
A003842,S18810,C001,2025-06-21,20,0,Low Attendance
A003843,S13650,C032,2025-11-09,25,11,Low Attendance
A003844,S10265,C049,2025-06-27,10,7,Low Attendance
A003845,S18365,C019,2025-12-17,25,3,Low Attendance
A003846,S08384,C021,2025-10-03,30,0,Low Attendance
A003847,S15606,C041,2025-09-23,10,7,Low Attendance
A003848,S07188,C014,2025-07-03,15,13,Present
A003849,S00277,C003,2025-11-19,20,18,Present
A003850,S11275,C011,2025-05-13,20,17,Present
A003851,S10834,C022,2025-12-05,25,23,Present
A003852,S13256,C032,2025-07-20,25,5,Low Attendance
A003853,S04318,C003,2025-09-27,25,11,Low Attendance
A003854,S14700,C031,2025-07-29,10,8,Present
A003855,S10139,C033,2025-06-15,15,7,Low Attendance
A003856,S09720,C012,2025-04-05,15,8,Low Attendance
A003857,S09389,C035,2025-09-01,30,22,Low Attendance
A003858,S03894,C039,2025-03-29,10,6,Low Attendance
A003859,S07962,C013,2025-05-22,25,5,Low Attendance
A003860,S18152,C028,2025-04-15,10,4,Low Attendance
A003861,S13443,C017,2025-02-22,30,17,Low Attendance
A003862,S06603,C038,2025-09-20,15,9,Low Attendance
A003863,S06589,C002,2025-09-01,25,9,Low Attendance
A003864,S01021,C034,2025-11-27,20,10,Low Attendance
A003865,S12896,C012,2025-10-29,10,5,Low Attendance
A003866,S17400,C028,2025-02-19,10,10,Present
A003867,S10230,C011,2025-04-17,10,7,Low Attendance
A003868,S10575,C040,2025-05-04,15,0,Low Attendance
A003869,S03480,C007,2025-03-27,10,10,Present
A003870,S14355,C008,2025-02-27,15,6,Low Attendance
A003871,S02381,C012,2025-10-13,30,18,Low Attendance
A003872,S03315,C015,2025-08-10,25,8,Low Attendance
A003873,S12845,C012,2025-02-23,10,7,Low Attendance
A003874,S07139,C031,2025-06-14,20,12,Low Attendance
A003875,S14421,C039,2025-09-12,10,8,Present
A003876,S08995,C002,2025-03-23,15,1,Low Attendance
A003877,S00716,C011,2025-04-28,25,13,Low Attendance
A003878,S08580,C020,2025-04-30,25,10,Low Attendance
A003879,S10867,C003,2025-08-12,15,6,Low Attendance
A003880,S03486,C041,2025-12-08,25,22,Present
A003881,S14904,C029,2025-10-27,25,20,Present
A003882,S12851,C029,2025-07-01,20,14,Low Attendance
A003883,S06560,C011,2025-09-02,20,1,Low Attendance
A003884,S09294,C024,2025-03-13,30,0,Low Attendance
A003885,S02735,C010,2025-01-20,20,0,Low Attendance
A003886,S07827,C044,2025-02-06,20,16,Present
A003887,S07836,C026,2025-07-18,10,7,Low Attendance
A003888,S13430,C014,2025-03-31,30,7,Low Attendance
A003889,S12485,C003,2025-12-08,15,0,Low Attendance
A003890,S04936,C019,2025-12-16,15,4,Low Attendance
A003891,S16523,C028,2025-01-26,10,8,Present
A003892,S03522,C011,2025-06-25,10,3,Low Attendance
A003893,S07325,C048,2025-08-07,30,9,Low Attendance
A003894,S07275,C022,2025-03-20,10,8,Present
A003895,S00936,C017,2025-10-24,20,5,Low Attendance
A003896,S09578,C016,2025-03-27,10,1,Low Attendance
A003897,S07841,C038,2025-10-06,20,10,Low Attendance
A003898,S13107,C014,2025-06-22,30,0,Low Attendance
A003899,S16729,C044,2025-07-02,15,4,Low Attendance
A003900,S11917,C015,2025-06-18,30,28,Present
A003901,S12053,C009,2025-08-20,10,5,Low Attendance
A003902,S18180,C021,2025-11-30,15,12,Present
A003903,S09249,C011,2025-06-10,30,23,Present
A003904,S08887,C039,2025-06-23,20,8,Low Attendance
A003905,S09308,C005,2025-01-16,15,13,Present
A003906,S06378,C036,2025-09-26,15,14,Present
A003907,S00259,C047,2025-12-12,30,25,Present
A003908,S10745,C029,2025-07-12,30,30,Present
A003909,S17777,C049,2025-08-22,20,19,Present
A003910,S14801,C017,2025-01-18,20,17,Present
A003911,S12258,C037,2025-02-26,20,2,Low Attendance
A003912,S05228,C035,2025-10-10,25,23,Present
A003913,S04722,C015,2025-12-16,10,8,Present
A003914,S18481,C017,2025-08-20,20,17,Present
A003915,S18476,C006,2025-10-04,20,0,Low Attendance
A003916,S12613,C014,2025-12-09,15,11,Low Attendance
A003917,S06275,C029,2025-08-23,20,0,Low Attendance
A003918,S12494,C017,2025-03-07,10,4,Low Attendance
A003919,S00385,C049,2025-10-24,25,15,Low Attendance
A003920,S10444,C033,2025-03-20,30,0,Low Attendance
A003921,S04198,C029,2025-11-13,30,2,Low Attendance
A003922,S10887,C001,2025-08-28,20,10,Low Attendance
A003923,S03636,C027,2025-04-06,25,24,Present
A003924,S00456,C049,2025-01-09,15,3,Low Attendance
A003925,S04871,C021,2025-01-14,20,9,Low Attendance
A003926,S12633,C022,2025-11-06,20,12,Low Attendance
A003927,S12686,C001,2025-10-17,25,4,Low Attendance
A003928,S13854,C044,2025-12-10,15,9,Low Attendance
A003929,S18224,C031,2025-09-18,10,7,Low Attendance
A003930,S00264,C006,2025-10-16,20,7,Low Attendance
A003931,S03294,C011,2025-10-06,10,0,Low Attendance
A003932,S11845,C042,2025-09-15,15,9,Low Attendance
A003933,S11879,C014,2025-11-11,30,15,Low Attendance
A003934,S09985,C015,2025-02-03,10,5,Low Attendance
A003935,S14591,C018,2025-12-24,30,24,Present
A003936,S10691,C026,2025-08-30,15,5,Low Attendance
A003937,S06915,C008,2025-06-09,30,26,Present
A003938,S12282,C015,2025-11-09,30,25,Present
A003939,S14671,C015,2025-08-24,20,11,Low Attendance
A003940,S10186,C034,2025-03-29,20,15,Present
A003941,S07520,C012,2025-06-06,30,20,Low Attendance
A003942,S09686,C043,2025-04-25,15,4,Low Attendance
A003943,S19676,C033,2025-06-05,30,18,Low Attendance
A003944,S04834,C046,2025-12-15,20,20,Present
A003945,S19161,C037,2025-09-12,20,20,Present
A003946,S18091,C027,2025-06-29,25,3,Low Attendance
A003947,S12784,C001,2025-01-30,15,1,Low Attendance
A003948,S19905,C012,2025-02-28,15,6,Low Attendance
A003949,S13984,C039,2025-02-16,25,4,Low Attendance
A003950,S14252,C009,2025-04-30,20,12,Low Attendance
A003951,S13096,C037,2025-03-04,15,6,Low Attendance
A003952,S09438,C041,2025-10-01,20,12,Low Attendance
A003953,S00246,C005,2025-04-08,10,8,Present
A003954,S18069,C005,2025-07-22,15,2,Low Attendance
A003955,S05618,C016,2025-01-21,30,19,Low Attendance
A003956,S18754,C032,2025-06-28,10,8,Present
A003957,S01654,C005,2025-10-12,25,8,Low Attendance
A003958,S02989,C039,2025-10-10,30,2,Low Attendance
A003959,S13386,C014,2025-03-11,10,5,Low Attendance
A003960,S10441,C023,2025-08-09,15,10,Low Attendance
A003961,S17747,C005,2025-12-08,15,14,Present
A003962,S16961,C030,2025-06-22,25,6,Low Attendance
A003963,S17035,C018,2025-05-13,30,15,Low Attendance
A003964,S06018,C039,2025-05-19,15,0,Low Attendance
A003965,S01352,C026,2025-10-29,15,0,Low Attendance
A003966,S11945,C035,2025-03-24,25,4,Low Attendance
A003967,S05355,C022,2025-05-17,20,13,Low Attendance
A003968,S11779,C034,2025-02-24,10,5,Low Attendance
A003969,S05919,C005,2025-09-22,25,16,Low Attendance
A003970,S15853,C031,2025-02-08,25,17,Low Attendance
A003971,S16700,C007,2025-05-19,20,6,
A003972,S18973,C023,2025-11-15,25,23,Present
A003973,S19570,C016,2025-10-25,15,6,Low Attendance
A003974,S07169,C023,2025-06-02,20,1,Low Attendance
A003975,S19005,C013,2025-08-26,25,2,Low Attendance
A003976,S03132,C025,2025-09-07,30,27,Present
A003977,S09183,C036,2025-10-04,30,26,Present
A003978,S07709,C032,2025-08-02,30,20,Low Attendance
A003979,S09756,C018,2025-02-11,30,5,Low Attendance
A003980,S10762,C032,2025-09-23,20,5,Low Attendance
A003981,S05693,C025,2025-03-16,25,7,Low Attendance
A003982,S16584,C037,2025-03-24,15,7,Low Attendance
A003983,S04984,C041,2025-02-15,25,0,Low Attendance
A003984,S00598,C019,2025-08-14,20,7,Low Attendance
A003985,S02848,C032,2025-12-03,10,9,Present
A003986,S05732,C036,2025-11-05,10,10,Present
A003987,S02492,C050,2025-11-27,10,10,Present
A003988,S14239,C025,2025-04-18,30,15,Low Attendance
A003989,S05811,C049,2025-04-05,15,9,Low Attendance
A003990,S09041,C003,2025-10-27,25,21,Present
A003991,S02791,C028,2025-03-30,25,21,Present
A003992,S01210,C048,2025-05-09,20,1,Low Attendance
A003993,S15338,C021,2025-11-05,20,18,Present
A003994,S04944,C030,2025-06-23,25,16,Low Attendance
A003995,S17823,C030,2025-07-01,10,1,Low Attendance
A003996,S14665,C034,2025-02-15,15,3,Low Attendance
A003997,S12293,C040,2025-12-30,20,16,Present
A003998,S00747,C022,2025-07-17,10,3,Low Attendance
A003999,S15300,C046,2025-07-22,20,17,Present
A004000,S18193,C037,2025-06-19,15,11,Low Attendance
A004001,S03206,C024,2025-10-27,20,7,Low Attendance
A004002,S15157,C041,2025-05-03,25,9,Low Attendance
A004003,S11216,C047,2025-09-17,30,8,Low Attendance
A004004,S06791,C002,2025-08-14,25,11,Low Attendance
A004005,S00742,C031,2025-01-30,30,27,Present
A004006,S15906,C027,2025-11-24,15,14,Present
A004007,S13622,C042,2025-09-19,20,7,Low Attendance
A004008,S14986,C038,2025-08-23,20,16,Present
A004009,S07916,C009,2025-08-19,25,17,Low Attendance
A004010,S19776,C043,2025-01-11,30,1,Low Attendance
A004011,S10178,C031,2025-05-08,30,13,Low Attendance
A004012,S15538,C041,2025-03-27,30,14,Low Attendance
A004013,S14216,C030,2025-03-13,10,9,Present
A004014,S09705,C003,2025-08-12,20,3,Low Attendance
A004015,S10643,C003,2025-03-08,30,27,Present
A004016,S10519,C034,2025-02-08,10,5,Low Attendance
A004017,S00734,C006,2025-02-14,10,0,Low Attendance
A004018,S19253,C027,2025-05-12,20,9,Low Attendance
A004019,S03403,C048,2025-01-28,10,6,Low Attendance
A004020,S13289,C019,2025-12-03,10,6,Low Attendance
A004021,S05385,C001,2025-11-26,25,0,Low Attendance
A004022,S08039,C006,2025-09-17,10,10,Present
A004023,S14472,C019,2025-06-21,30,11,Low Attendance
A004024,S12116,C031,2025-11-05,25,18,Low Attendance
A004025,S17928,C003,2025-12-12,30,11,Low Attendance
A004026,S09030,C007,2025-08-24,10,6,Low Attendance
A004027,S07958,C026,2025-08-05,10,6,Low Attendance
A004028,S06030,C047,2025-10-18,15,5,Low Attendance
A004029,S05319,C032,2025-03-30,10,1,Low Attendance
A004030,S16092,C002,2025-10-15,30,1,Low Attendance
A004031,S11388,C012,2025-08-12,30,1,Low Attendance
A004032,S17466,C020,2025-06-05,20,6,Low Attendance
A004033,S13620,C034,2025-06-21,20,10,Low Attendance
A004034,S16286,C004,2025-05-08,25,12,Low Attendance
A004035,S14660,C006,2025-11-13,30,1,Low Attendance
A004036,S07595,C021,2025-04-27,30,21,Low Attendance
A004037,S13616,C027,2025-03-15,15,8,Low Attendance
A004038,S07368,C049,2025-01-09,20,14,Low Attendance
A004039,S11944,C013,2025-08-12,20,19,Present
A004040,S07625,C049,2025-02-06,15,5,Low Attendance
A004041,S07545,C002,2025-09-23,20,19,Present
A004042,S17811,C001,2025-01-26,10,5,Low Attendance
A004043,S04204,C033,2025-04-19,15,0,Low Attendance
A004044,S03867,C033,2025-11-13,20,11,Low Attendance
A004045,S11242,C050,2025-10-04,15,9,Low Attendance
A004046,S06502,C043,2025-02-27,30,1,Low Attendance
A004047,S03240,C050,2025-02-27,10,1,Low Attendance
A004048,S02143,C027,2025-09-07,30,25,Present
A004049,S03932,C026,2025-05-11,10,7,Low Attendance
A004050,S02911,C003,2025-07-20,10,5,Low Attendance
A004051,S12606,C040,2025-04-12,15,2,Low Attendance
A004052,S07423,C007,2025-05-02,20,15,Present
A004053,S16639,C036,2025-05-29,15,12,Present
A004054,S08838,C043,2025-05-05,30,10,Low Attendance
A004055,S17926,C041,2025-01-30,25,21,Present
A004056,S11677,C012,2025-02-26,10,1,Low Attendance
A004057,S19440,C031,2025-02-04,15,10,Low Attendance
A004058,S19802,C036,2025-08-16,20,8,Low Attendance
A004059,S13157,C019,2025-05-24,15,8,Low Attendance
A004060,S17320,C015,2025-02-06,30,10,Low Attendance
A004061,S14453,C003,2025-01-23,25,11,Low Attendance
A004062,S11831,C043,2025-02-01,15,13,Present
A004063,S19312,C016,2025-04-29,15,6,Low Attendance
A004064,S02355,C026,2025-09-28,15,3,
A004065,S17450,C003,2025-10-02,15,12,Present
A004066,S08446,C001,2025-05-05,15,15,Present
A004067,S01662,C043,2025-10-12,15,11,
A004068,S17380,C009,2025-11-19,15,0,Low Attendance
A004069,S14550,C002,2025-04-12,10,3,Low Attendance
A004070,S19950,C004,2025-01-08,20,1,Low Attendance
A004071,S19633,C027,2025-06-23,15,14,Present
A004072,S06097,C039,2025-10-04,25,15,Low Attendance
A004073,S08590,C038,2025-06-01,20,16,Present
A004074,S19364,C028,2025-01-30,10,7,Low Attendance
A004075,S00905,C003,2025-04-29,25,11,Low Attendance
A004076,S14238,C002,2025-03-03,25,2,Low Attendance
A004077,S09367,C039,2025-02-21,20,3,Low Attendance
A004078,S06883,C036,2025-08-04,10,3,Low Attendance
A004079,S01173,C002,2025-10-31,10,8,Present
A004080,S19940,C028,2025-11-05,25,22,Present
A004081,S14271,C001,2025-03-01,15,8,Low Attendance
A004082,S08134,C033,2025-08-08,25,5,Low Attendance
A004083,S12357,C049,2025-10-18,10,1,Low Attendance
A004084,S17232,C013,2025-04-01,20,9,Low Attendance
A004085,S00185,C029,2025-11-08,25,23,Present
A004086,S06835,C017,2025-10-22,15,6,Low Attendance
A004087,S18537,C011,2025-06-07,10,6,Low Attendance
A004088,S15680,C003,2025-10-14,25,18,Low Attendance
A004089,S07045,C012,2025-11-18,10,10,Present
A004090,S03831,C023,2025-06-01,20,9,Low Attendance
A004091,S04440,C022,2025-03-31,30,3,Low Attendance
A004092,S00726,C019,2025-10-30,20,10,Low Attendance
A004093,S04491,C018,2025-11-04,20,18,Present
A004094,S15856,C032,2025-08-31,20,16,Present
A004095,S13437,C015,2025-02-14,30,18,Low Attendance
A004096,S11366,C049,2025-03-11,30,30,Present
A004097,S13512,C013,2025-12-04,25,0,Low Attendance
A004098,S17993,C045,2025-04-23,20,9,Low Attendance
A004099,S17800,C032,2025-06-04,20,16,Present
A004100,S14873,C036,2025-05-30,15,5,Low Attendance
A004101,S18005,C047,2025-08-15,25,15,Low Attendance
A004102,S13592,C040,2025-04-11,25,3,Low Attendance
A004103,S09204,C012,2025-07-14,20,3,Low Attendance
A004104,S10969,C002,2025-10-06,15,8,Low Attendance
A004105,S00557,C032,2025-11-05,20,7,Low Attendance
A004106,S01285,C033,2025-12-04,10,1,Low Attendance
A004107,S16494,C008,2025-10-17,10,6,Low Attendance
A004108,S18098,C032,2025-06-29,20,15,Present
A004109,S02773,C007,2025-03-29,20,8,Low Attendance
A004110,S18355,C019,2025-05-15,10,10,
A004111,S15046,C020,2025-01-07,20,19,Present
A004112,S15224,C003,2025-04-27,10,2,Low Attendance
A004113,S03684,C042,2025-04-27,30,23,Present
A004114,S03329,C010,2025-05-28,30,0,Low Attendance
A004115,S05665,C033,2025-12-24,15,11,Low Attendance
A004116,S13357,C025,2025-09-02,20,14,Low Attendance
A004117,S10269,C045,2025-02-13,10,3,Low Attendance
A004118,S08049,C011,2025-01-15,25,22,Present
A004119,S16627,C036,2025-08-10,25,20,Present
A004120,S04200,C046,2025-04-11,10,5,Low Attendance
A004121,S00603,C023,2025-12-19,25,2,Low Attendance
A004122,S08359,C046,2025-10-04,30,8,Low Attendance
A004123,S01667,C012,2025-08-30,15,7,Low Attendance
A004124,S07257,C025,2025-10-20,20,18,Present
A004125,S02850,C049,2025-10-28,15,14,Present
A004126,S06054,C033,2025-02-19,30,13,Low Attendance
A004127,S13308,C009,2025-11-23,25,9,Low Attendance
A004128,S00988,C006,2025-04-23,30,21,Low Attendance
A004129,S04708,C036,2025-07-11,20,13,Low Attendance
A004130,S08613,C009,2025-07-07,20,0,Low Attendance
A004131,S06695,C008,2025-06-28,30,12,Low Attendance
A004132,S10220,C004,2025-03-20,20,12,Low Attendance
A004133,S05348,C015,2025-03-31,20,2,Low Attendance
A004134,S18830,C017,2025-11-05,15,12,Present
A004135,S13647,C034,2025-08-26,10,8,Present
A004136,S07267,C043,2025-04-03,20,2,Low Attendance
A004137,S14408,C009,2025-04-30,15,14,Present
A004138,S04412,C008,2025-09-12,20,6,Low Attendance
A004139,S11501,C003,2025-04-05,10,4,Low Attendance
A004140,S18998,C034,2025-04-11,30,13,Low Attendance
A004141,S19998,C034,2025-11-18,10,4,Low Attendance
A004142,S16042,C034,2025-05-24,20,11,Low Attendance
A004143,S00872,C032,2025-04-24,25,20,Present
A004144,S11268,C001,2025-09-23,25,7,Low Attendance
A004145,S15187,C028,2025-01-07,10,8,Present
A004146,S11508,C031,2025-08-17,25,5,Low Attendance
A004147,S07527,C022,2025-08-01,10,10,Present
A004148,S03439,C049,2025-05-06,10,1,Low Attendance
A004149,S10930,C017,2025-10-10,15,8,Low Attendance
A004150,S02434,C018,2025-07-27,10,5,Low Attendance
A004151,S03582,C041,2025-06-14,30,17,Low Attendance
A004152,S06255,C025,2025-11-28,10,2,Low Attendance
A004153,S17683,C027,2025-06-10,15,4,Low Attendance
A004154,S15658,C013,2025-08-31,30,15,Low Attendance
A004155,S08205,C021,2025-05-14,20,19,Present
A004156,S00348,C037,2025-03-03,25,23,Present
A004157,S02795,C050,2025-09-18,30,26,Present
A004158,S17865,C021,2025-02-14,10,1,Low Attendance
A004159,S19914,C050,2025-08-24,20,6,Low Attendance
A004160,S01418,C050,2025-10-30,15,12,Present
A004161,S15648,C049,2025-07-22,20,2,Low Attendance
A004162,S07888,C042,2025-12-15,15,15,Present
A004163,S17076,C043,2025-04-02,25,5,
A004164,S07221,C047,2025-09-08,10,3,Low Attendance
A004165,S10225,C036,2025-05-15,30,0,Low Attendance
A004166,S00972,C027,2025-03-30,30,18,Low Attendance
A004167,S09472,C008,2025-07-23,20,3,Low Attendance
A004168,S14498,C011,2025-02-12,10,0,Low Attendance
A004169,S00463,C036,2025-01-09,10,7,Low Attendance
A004170,S00199,C030,2025-08-06,20,17,Present
A004171,S11643,C017,2025-05-18,10,6,Low Attendance
A004172,S15349,C026,2025-09-19,20,7,Low Attendance
A004173,S17796,C012,2025-09-13,10,5,Low Attendance
A004174,S10942,C011,2025-03-21,15,1,Low Attendance
A004175,S06306,C049,2025-06-11,20,4,Low Attendance
A004176,S05557,C041,2025-10-07,30,4,Low Attendance
A004177,S18647,C007,2025-05-04,30,12,Low Attendance
A004178,S09515,C004,2025-01-18,10,1,Low Attendance
A004179,S07741,C023,2025-06-07,10,3,Low Attendance
A004180,S02010,C039,2025-08-17,20,19,Present
A004181,S01132,C036,2025-08-28,30,5,Low Attendance
A004182,S17949,C037,2025-11-10,20,1,Low Attendance
A004183,S03670,C037,2025-12-06,25,13,Low Attendance
A004184,S15600,C024,2025-07-15,15,14,Present
A004185,S07594,C004,2025-09-12,20,1,Low Attendance
A004186,S11191,C009,2025-11-23,25,15,Low Attendance
A004187,S06010,C044,2025-04-16,20,5,Low Attendance
A004188,S13270,C043,2025-11-10,15,4,Low Attendance
A004189,S09964,C044,2025-10-24,15,3,Low Attendance
A004190,S16914,C014,2025-02-21,10,5,Low Attendance
A004191,S01240,C048,2025-04-30,25,9,Low Attendance
A004192,S06020,C039,2025-11-27,30,18,Low Attendance
A004193,S13940,C041,2025-12-08,20,8,Low Attendance
A004194,S18230,C014,2025-03-27,15,7,Low Attendance
A004195,S17520,C031,2025-07-27,25,6,Low Attendance
A004196,S19976,C035,2025-07-29,30,6,Low Attendance
A004197,S01543,C036,2025-02-19,10,0,Low Attendance
A004198,S00979,C049,2025-04-11,15,6,Low Attendance
A004199,S06132,C048,2025-12-11,20,3,Low Attendance
A004200,S17907,C026,2025-12-21,25,15,Low Attendance
A004201,S10354,C045,2025-02-28,15,6,Low Attendance
A004202,S01790,C024,2025-07-30,30,0,Low Attendance
A004203,S12212,C034,2025-12-16,20,18,Present
A004204,S15860,C048,2025-03-30,15,1,Low Attendance
A004205,S16927,C014,2025-08-11,10,7,Low Attendance
A004206,S07460,C002,2025-05-11,10,6,Low Attendance
A004207,S10924,C041,2025-05-02,25,23,Present
A004208,S09322,C027,2025-12-26,10,10,Present
A004209,S05291,C010,2025-06-11,30,21,Low Attendance
A004210,S06752,C017,2025-07-16,10,0,Low Attendance
A004211,S17622,C030,2025-04-09,20,16,Present
A004212,S13166,C035,2025-07-05,20,11,Low Attendance
A004213,S10794,C027,2025-06-06,30,16,Low Attendance
A004214,S05229,C024,2025-06-13,25,24,Present
A004215,S02013,C006,2025-01-11,20,19,Present
A004216,S17102,C018,2025-07-25,25,8,Low Attendance
A004217,S15293,C012,2025-08-07,15,9,Low Attendance
A004218,S11656,C030,2025-03-12,30,3,Low Attendance
A004219,S17556,C014,2025-07-15,25,20,Present
A004220,S15429,C014,2025-07-16,15,10,Low Attendance
A004221,S18926,C003,2025-06-12,20,19,Present
A004222,S09324,C019,2025-11-13,30,21,Low Attendance
A004223,S13658,C049,2025-02-02,10,5,Low Attendance
A004224,S16257,C040,2025-02-17,15,12,Present
A004225,S07978,C050,2025-01-30,15,6,Low Attendance
A004226,S02512,C036,2025-06-18,15,14,Present
A004227,S08323,C034,2025-08-11,10,9,Present
A004228,S05144,C003,2025-04-10,20,2,Low Attendance
A004229,S10218,C022,2025-12-21,10,9,Present
A004230,S16853,C048,2025-05-13,25,2,Low Attendance
A004231,S11721,C007,2025-08-25,25,6,Low Attendance
A004232,S00425,C024,2025-10-10,10,9,Present
A004233,S17386,C010,2025-04-05,15,7,Low Attendance
A004234,S09384,C012,2025-01-14,15,1,Low Attendance
A004235,S01729,C031,2025-04-09,30,25,Present
A004236,S17288,C032,2025-03-10,25,12,Low Attendance
A004237,S18803,C041,2025-10-31,30,22,Low Attendance
A004238,S13846,C004,2025-08-17,20,6,Low Attendance
A004239,S16140,C010,2025-01-27,10,5,Low Attendance
A004240,S18246,C010,2025-12-27,10,0,Low Attendance
A004241,S10172,C004,2025-02-23,25,21,Present
A004242,S04950,C016,2025-03-11,10,4,Low Attendance
A004243,S02608,C027,2025-01-19,15,12,Present
A004244,S13447,C015,2025-01-31,15,5,Low Attendance
A004245,S19983,C016,2025-07-25,15,13,Present
A004246,S00936,C020,2025-05-22,10,6,Low Attendance
A004247,S15168,C006,2025-11-03,20,2,Low Attendance
A004248,S18121,C041,2025-05-07,30,17,Low Attendance
A004249,S13231,C049,2025-12-30,20,12,Low Attendance
A004250,S04112,C045,2025-07-08,15,9,Low Attendance
A004251,S19821,C041,2025-12-28,15,2,Low Attendance
A004252,S04716,C014,2025-10-11,15,1,Low Attendance
A004253,S11632,C040,2025-01-08,15,8,Low Attendance
A004254,S00918,C015,2025-01-31,30,8,Low Attendance
A004255,S14421,C026,2025-05-10,25,18,Low Attendance
A004256,S07424,C010,2025-10-08,30,1,Low Attendance
A004257,S02153,C005,2025-04-22,20,17,Present
A004258,S01162,C035,2025-03-02,15,14,Present
A004259,S11689,C006,2025-09-01,20,12,Low Attendance
A004260,S18070,C011,2025-10-29,20,5,Low Attendance
A004261,S05218,C002,2025-04-28,30,26,Present
A004262,S13087,C007,2025-11-07,10,6,Low Attendance
A004263,S09030,C013,2025-12-30,30,15,Low Attendance
A004264,S04105,C027,2025-07-24,20,20,Present
A004265,S01210,C018,2025-01-21,10,1,Low Attendance
A004266,S03406,C049,2025-05-02,15,10,Low Attendance
A004267,S08456,C037,2025-10-24,20,8,Low Attendance
A004268,S00837,C042,2025-09-18,20,8,Low Attendance
A004269,S13233,C046,2025-06-09,30,19,Low Attendance
A004270,S12623,C028,2025-10-06,10,3,Low Attendance
A004271,S06120,C036,2025-04-10,30,22,Low Attendance
A004272,S15235,C047,2025-05-05,15,13,Present
A004273,S03705,C029,2025-04-24,20,5,Low Attendance
A004274,S04595,C018,2025-07-13,15,11,Low Attendance
A004275,S07166,C040,2025-05-07,30,25,
A004276,S06231,C040,2025-02-06,30,15,Low Attendance
A004277,S13763,C040,2025-05-10,25,9,Low Attendance
A004278,S03419,C022,2025-01-21,30,13,Low Attendance
A004279,S11883,C042,2025-07-12,15,6,Low Attendance
A004280,S08138,C029,2025-06-13,20,13,Low Attendance
A004281,S07941,C007,2025-10-31,30,20,Low Attendance
A004282,S17213,C022,2025-07-18,30,23,Present
A004283,S06576,C047,2025-06-29,10,8,Present
A004284,S01534,C050,2025-03-31,30,15,Low Attendance
A004285,S01878,C005,2025-03-30,20,16,Present
A004286,S18791,C046,2025-09-04,25,9,Low Attendance
A004287,S14626,C007,2025-07-15,30,26,Present
A004288,S06772,C014,2025-10-07,25,3,Low Attendance
A004289,S12440,C011,2025-09-10,15,9,Low Attendance
A004290,S03198,C033,2025-03-05,20,3,Low Attendance
A004291,S06511,C043,2025-11-19,25,6,Low Attendance
A004292,S15113,C050,2025-01-06,10,8,Present
A004293,S10595,C011,2025-03-02,20,13,Low Attendance
A004294,S00405,C018,2025-11-21,10,6,Low Attendance
A004295,S12985,C041,2025-04-14,30,2,Low Attendance
A004296,S13379,C044,2025-06-28,20,14,Low Attendance
A004297,S15632,C008,2025-08-11,10,2,Low Attendance
A004298,S15006,C039,2025-12-14,20,16,Present
A004299,S08404,C031,2025-03-11,15,5,Low Attendance
A004300,S02618,C040,2025-10-15,15,15,Present
A004301,S14423,C029,2025-07-27,10,6,Low Attendance
A004302,S06839,C023,2025-11-15,20,10,Low Attendance
A004303,S10029,C050,2025-03-27,25,19,Present
A004304,S00032,C031,2025-02-16,30,18,Low Attendance
A004305,S17520,C050,2025-10-04,10,6,Low Attendance
A004306,S04881,C026,2025-06-10,10,1,Low Attendance
A004307,S14714,C030,2025-12-22,10,0,Low Attendance
A004308,S15377,C018,2025-03-16,15,5,Low Attendance
A004309,S06613,C039,2025-09-21,15,8,Low Attendance
A004310,S19850,C013,2025-11-30,10,3,Low Attendance
A004311,S02793,C010,2025-10-02,15,11,Low Attendance
A004312,S09548,C032,2025-02-20,10,7,Low Attendance
A004313,S00779,C007,2025-08-28,10,9,Present
A004314,S14689,C038,2025-03-07,30,24,Present
A004315,S01931,C030,2025-01-12,20,5,Low Attendance
A004316,S13584,C018,2025-11-10,25,22,Present
A004317,S06714,C020,2025-08-21,10,4,Low Attendance
A004318,S18049,C046,2025-09-27,30,3,Low Attendance
A004319,S08787,C017,2025-12-29,15,3,Low Attendance
A004320,S04318,C050,2025-10-03,30,1,Low Attendance
A004321,S00299,C032,2025-04-04,10,1,Low Attendance
A004322,S02673,C016,2025-07-25,20,3,Low Attendance
A004323,S17812,C023,2025-09-21,15,11,Low Attendance
A004324,S15636,C008,2025-01-25,25,13,Low Attendance
A004325,S14457,C003,2025-03-14,30,15,Low Attendance
A004326,S04858,C009,2025-01-03,10,4,Low Attendance
A004327,S06721,C037,2025-06-28,15,4,Low Attendance
A004328,S10965,C035,2025-09-07,30,30,Present
A004329,S18556,C034,2025-11-22,15,14,Present
A004330,S17885,C028,2025-02-05,20,5,Low Attendance
A004331,S09682,C012,2025-06-11,25,25,Present
A004332,S11067,C048,2025-06-23,15,3,Low Attendance
A004333,S12218,C005,2025-01-16,10,1,Low Attendance
A004334,S07342,C022,2025-10-11,20,20,Present
A004335,S00228,C040,2025-10-03,10,7,Low Attendance
A004336,S17594,C036,2025-01-18,15,14,Present
A004337,S02705,C017,2025-10-18,30,5,Low Attendance
A004338,S15053,C017,2025-08-20,20,10,Low Attendance
A004339,S06817,C022,2025-03-12,15,3,Low Attendance
A004340,S09236,C037,2025-10-14,10,7,Low Attendance
A004341,S17478,C027,2025-10-07,30,25,Present
A004342,S16592,C025,2025-01-01,20,1,Low Attendance
A004343,S05615,C021,2025-10-13,15,11,Low Attendance
A004344,S02052,C038,2025-01-17,20,6,Low Attendance
A004345,S19630,C037,2025-07-11,25,10,Low Attendance
A004346,S18850,C026,2025-07-16,15,3,Low Attendance
A004347,S07973,C004,2025-07-02,25,22,Present
A004348,S13162,C027,2025-01-24,30,23,Present
A004349,S13590,C027,2025-10-31,25,5,Low Attendance
A004350,S10748,C003,2025-12-07,15,11,Low Attendance
A004351,S12010,C046,2025-11-19,25,25,Present
A004352,S06313,C041,2025-03-11,30,14,Low Attendance
A004353,S09542,C013,2025-08-26,20,15,Present
A004354,S18370,C012,2025-04-23,20,18,Present
A004355,S01213,C026,2025-05-21,15,3,Low Attendance
A004356,S15250,C050,2025-09-25,30,26,Present
A004357,S18158,C041,2025-10-08,30,23,Present
A004358,S12989,C048,2025-06-26,15,11,Low Attendance
A004359,S04974,C001,2025-04-26,10,4,Low Attendance
A004360,S05669,C030,2025-07-12,10,10,Present
A004361,S14470,C037,2025-06-10,10,10,Present
A004362,S19043,C044,2025-11-07,10,5,Low Attendance
A004363,S01652,C044,2025-02-04,20,14,Low Attendance
A004364,S04683,C006,2025-09-19,30,27,Present
A004365,S12150,C008,2025-06-07,25,25,Present
A004366,S03749,C003,2025-05-20,30,18,Low Attendance
A004367,S01421,C027,2025-09-15,25,20,Present
A004368,S17021,C029,2025-07-07,15,4,Low Attendance
A004369,S18004,C031,2025-04-14,30,11,Low Attendance
A004370,S16908,C028,2025-05-14,25,25,Present
A004371,S02967,C011,2025-09-02,20,10,Low Attendance
A004372,S00441,C020,2025-08-30,20,19,Present
A004373,S09455,C010,2025-08-18,15,5,Low Attendance
A004374,S10658,C025,2025-12-24,25,20,
A004375,S16640,C010,2025-10-18,15,6,Low Attendance
A004376,S05709,C047,2025-04-08,10,5,Low Attendance
A004377,S09790,C003,2025-05-01,30,13,Low Attendance
A004378,S10643,C019,2025-09-26,15,13,Present
A004379,S07649,C015,2025-04-16,15,4,Low Attendance
A004380,S18713,C017,2025-06-21,10,7,Low Attendance
A004381,S15691,C016,2025-12-16,25,12,Low Attendance
A004382,S01334,C037,2025-01-20,10,1,Low Attendance
A004383,S15718,C047,2025-01-13,20,19,Present
A004384,S12614,C025,2025-01-07,10,5,Low Attendance
A004385,S11300,C032,2025-02-21,30,10,Low Attendance
A004386,S00311,C011,2025-09-13,20,0,Low Attendance
A004387,S07663,C023,2025-01-18,15,15,Present
A004388,S08180,C024,2025-12-05,25,22,Present
A004389,S06764,C029,2025-07-16,25,21,Present
A004390,S03562,C024,2025-04-14,30,24,Present
A004391,S04286,C038,2025-10-13,10,1,Low Attendance
A004392,S15796,C047,2025-12-26,20,18,Present
A004393,S10173,C046,2025-11-28,10,5,Low Attendance
A004394,S08076,C017,2025-06-09,30,16,Low Attendance
A004395,S00895,C008,2025-12-11,30,7,Low Attendance
A004396,S12742,C017,2025-12-30,30,9,Low Attendance
A004397,S16781,C049,2025-05-01,30,1,Low Attendance
A004398,S01525,C046,2025-01-20,30,29,Present
A004399,S09840,C039,2025-04-12,20,12,Low Attendance
A004400,S13049,C047,2025-07-05,15,11,Low Attendance
A004401,S10459,C031,2025-08-01,30,26,Present
A004402,S02536,C023,2025-03-21,25,8,Low Attendance
A004403,S05384,C033,2025-12-22,15,10,Low Attendance
A004404,S04224,C026,2025-11-02,25,11,Low Attendance
A004405,S05671,C041,2025-04-17,25,9,Low Attendance
A004406,S16973,C013,2025-06-26,10,5,Low Attendance
A004407,S11724,C042,2025-07-27,30,21,Low Attendance
A004408,S02527,C049,2025-02-06,15,7,Low Attendance
A004409,S00665,C017,2025-03-01,25,20,Present
A004410,S17039,C006,2025-04-22,20,18,Present
A004411,S07495,C037,2025-12-24,30,20,Low Attendance
A004412,S09085,C043,2025-01-14,25,15,Low Attendance
A004413,S02825,C038,2025-03-01,10,1,Low Attendance
A004414,S11280,C036,2025-05-10,20,2,Low Attendance
A004415,S09964,C009,2025-05-25,15,13,Present
A004416,S11569,C014,2025-08-04,25,14,Low Attendance
A004417,S13432,C029,2025-05-23,15,10,Low Attendance
A004418,S09592,C049,2025-10-08,15,7,Low Attendance
A004419,S02786,C015,2025-03-28,30,26,Present
A004420,S05581,C026,2025-01-03,25,11,Low Attendance
A004421,S15551,C032,2025-08-28,25,11,Low Attendance
A004422,S15927,C038,2025-12-10,20,14,Low Attendance
A004423,S02693,C028,2025-12-22,25,22,Present
A004424,S08819,C012,2025-01-08,25,22,Present
A004425,S11966,C001,2025-09-18,15,11,Low Attendance
A004426,S14585,C021,2025-10-27,15,3,Low Attendance
A004427,S02109,C010,2025-10-30,15,1,Low Attendance
A004428,S01992,C033,2025-05-21,15,14,Present
A004429,S07139,C007,2025-08-17,20,9,Low Attendance
A004430,S01824,C050,2025-09-03,15,14,Present
A004431,S08612,C041,2025-01-02,10,6,Low Attendance
A004432,S18629,C009,2025-03-15,25,18,Low Attendance
A004433,S16133,C001,2025-07-24,25,0,Low Attendance
A004434,S09022,C022,2025-09-02,20,18,Present
A004435,S16936,C024,2025-02-27,10,3,Low Attendance
A004436,S16445,C015,2025-09-13,10,7,Low Attendance
A004437,S14829,C031,2025-10-23,15,4,Low Attendance
A004438,S06238,C038,2025-01-01,20,14,Low Attendance
A004439,S01448,C039,2025-03-21,20,2,Low Attendance
A004440,S12665,C023,2025-09-15,20,3,Low Attendance
A004441,S16936,C002,2025-03-24,25,25,Present
A004442,S15167,C014,2025-06-19,25,19,Present
A004443,S07869,C031,2025-01-26,15,12,Present
A004444,S14261,C015,2025-03-30,10,8,Present
A004445,S05118,C029,2025-07-09,10,7,Low Attendance
A004446,S15843,C005,2025-07-13,30,28,Present
A004447,S19153,C045,2025-11-29,20,0,Low Attendance
A004448,S15578,C009,2025-10-20,10,7,Low Attendance
A004449,S03759,C049,2025-09-26,15,12,
A004450,S09046,C044,2025-02-11,15,12,Present
A004451,S05987,C007,2025-02-18,30,25,Present
A004452,S09365,C016,2025-01-07,10,6,Low Attendance
A004453,S03483,C050,2025-10-09,10,1,Low Attendance
A004454,S00599,C049,2025-08-24,30,29,Present
A004455,S12966,C029,2025-10-22,20,12,Low Attendance
A004456,S04014,C050,2025-08-16,10,4,Low Attendance
A004457,S02758,C035,2025-05-22,25,4,Low Attendance
A004458,S08806,C035,2025-12-29,30,30,Present
A004459,S09827,C003,2025-07-05,15,10,Low Attendance
A004460,S00421,C041,2025-01-12,10,9,Present
A004461,S05235,C025,2025-04-07,20,14,Low Attendance
A004462,S13304,C025,2025-02-21,20,19,Present
A004463,S09216,C026,2025-10-28,15,15,Present
A004464,S14988,C040,2025-11-29,20,11,Low Attendance
A004465,S09454,C046,2025-01-25,25,1,Low Attendance
A004466,S16417,C046,2025-11-18,25,3,Low Attendance
A004467,S12766,C048,2025-02-27,30,25,Present
A004468,S03092,C042,2025-10-13,25,25,Present
A004469,S11476,C003,2025-02-17,10,9,Present
A004470,S19108,C014,2025-07-06,15,9,Low Attendance
A004471,S14817,C040,2025-02-15,25,0,Low Attendance
A004472,S08781,C019,2025-08-06,15,3,Low Attendance
A004473,S02886,C009,2025-09-12,20,11,Low Attendance
A004474,S11163,C013,2025-12-16,30,19,Low Attendance
A004475,S04125,C030,2025-09-16,30,25,Present
A004476,S05745,C038,2025-03-19,25,18,Low Attendance
A004477,S10860,C036,2025-07-13,25,14,Low Attendance
A004478,S19603,C049,2025-11-22,30,18,Low Attendance
A004479,S08359,C027,2025-02-15,25,10,Low Attendance
A004480,S19634,C018,2025-08-11,10,6,Low Attendance
A004481,S05456,C019,2025-04-30,15,11,Low Attendance
A004482,S07956,C012,2025-11-01,20,1,Low Attendance
A004483,S15504,C015,2025-12-10,20,4,Low Attendance
A004484,S04869,C041,2025-09-21,15,6,Low Attendance
A004485,S03411,C008,2025-12-12,20,0,Low Attendance
A004486,S05682,C034,2025-05-21,15,0,Low Attendance
A004487,S17943,C024,2025-08-03,30,19,Low Attendance
A004488,S06971,C029,2025-03-30,20,2,Low Attendance
A004489,S18258,C034,2025-07-12,20,2,Low Attendance
A004490,S13170,C009,2025-08-21,25,25,Present
A004491,S13756,C049,2025-03-23,20,4,Low Attendance
A004492,S10663,C044,2025-03-22,10,9,Present
A004493,S06121,C031,2025-11-07,20,11,Low Attendance
A004494,S13335,C033,2025-09-03,10,3,Low Attendance
A004495,S06716,C033,2025-05-29,30,29,Present
A004496,S18013,C024,2025-03-05,20,0,Low Attendance
A004497,S05030,C029,2025-12-26,15,8,Low Attendance
A004498,S16439,C039,2025-05-20,30,20,Low Attendance
A004499,S08248,C020,2025-04-14,20,14,Low Attendance
A004500,S03898,C023,2025-10-20,30,5,
A004501,S12714,C012,2025-04-22,10,9,Present
A004502,S13039,C040,2025-10-12,30,20,Low Attendance
A004503,S17723,C001,2025-03-24,20,9,Low Attendance
A004504,S02173,C033,2025-04-28,10,8,Present
A004505,S19457,C049,2025-02-25,10,9,Present
A004506,S07556,C033,2025-01-14,25,18,Low Attendance
A004507,S02392,C015,2025-12-25,30,17,Low Attendance
A004508,S17477,C025,2025-12-22,10,0,Low Attendance
A004509,S16473,C030,2025-10-08,10,3,Low Attendance
A004510,S04671,C049,2025-11-13,20,0,Low Attendance
A004511,S00081,C031,2025-02-17,20,16,Present
A004512,S19138,C039,2025-11-08,30,7,Low Attendance
A004513,S05236,C010,2025-05-03,10,2,Low Attendance
A004514,S02441,C021,2025-01-06,30,17,Low Attendance
A004515,S01143,C004,2025-01-16,20,1,Low Attendance
A004516,S04844,C001,2025-02-16,20,5,Low Attendance
A004517,S00362,C040,2025-07-03,15,15,Present
A004518,S09521,C002,2025-11-23,15,3,Low Attendance
A004519,S11276,C044,2025-11-22,30,5,Low Attendance
A004520,S19103,C018,2025-10-23,30,17,Low Attendance
A004521,S04286,C035,2025-09-06,20,11,Low Attendance
A004522,S03480,C047,2025-05-05,20,1,Low Attendance
A004523,S01466,C035,2025-05-16,10,3,Low Attendance
A004524,S17552,C008,2025-01-24,20,6,Low Attendance
A004525,S02781,C014,2025-05-04,30,25,Present
A004526,S07252,C037,2025-09-19,20,3,Low Attendance
A004527,S09985,C009,2025-08-03,30,1,Low Attendance
A004528,S17621,C012,2025-10-14,25,21,Present
A004529,S12637,C025,2025-08-16,15,6,Low Attendance
A004530,S02476,C040,2025-07-25,25,24,Present
A004531,S01105,C021,2025-05-06,15,14,Present
A004532,S14347,C026,2025-08-01,15,11,Low Attendance
A004533,S19633,C038,2025-06-14,10,8,Present
A004534,S03962,C013,2025-02-20,30,28,Present
A004535,S07344,C033,2025-12-19,25,16,Low Attendance
A004536,S02168,C029,2025-07-27,15,14,Present
A004537,S02243,C035,2025-11-25,15,1,Low Attendance
A004538,S03702,C041,2025-10-29,30,22,Low Attendance
A004539,S14474,C045,2025-10-28,20,8,Low Attendance
A004540,S04515,C007,2025-06-20,30,28,Present
A004541,S08133,C046,2025-09-10,10,10,Present
A004542,S14766,C021,2025-08-12,10,7,Low Attendance
A004543,S02107,C002,2025-08-19,15,14,Present
A004544,S08638,C010,2025-04-06,30,9,Low Attendance
A004545,S12934,C007,2025-02-17,10,2,Low Attendance
A004546,S11537,C032,2025-11-14,20,7,Low Attendance
A004547,S05531,C049,2025-08-01,10,4,Low Attendance
A004548,S17137,C008,2025-07-08,20,8,Low Attendance
A004549,S04138,C019,2025-12-03,20,1,Low Attendance
A004550,S04388,C005,2025-05-07,15,9,Low Attendance
A004551,S11856,C004,2025-09-01,15,2,Low Attendance
A004552,S11546,C004,2025-02-06,10,0,Low Attendance
A004553,S07138,C027,2025-06-22,25,14,Low Attendance
A004554,S05101,C028,2025-11-24,15,0,Low Attendance
A004555,S05893,C009,2025-10-18,25,19,Present
A004556,S14058,C001,2025-04-12,15,11,Low Attendance
A004557,S07008,C034,2025-03-19,20,15,Present
A004558,S06884,C014,2025-09-25,10,3,Low Attendance
A004559,S18113,C050,2025-12-20,10,4,Low Attendance
A004560,S15111,C009,2025-07-03,10,7,Low Attendance
A004561,S01506,C008,2025-07-24,10,10,Present
A004562,S03102,C035,2025-08-12,25,3,Low Attendance
A004563,S06573,C041,2025-03-28,25,15,Low Attendance
A004564,S09293,C020,2025-12-20,30,24,Present
A004565,S03943,C026,2025-08-13,10,10,Present
A004566,S19532,C005,2025-01-27,25,0,Low Attendance
A004567,S16872,C011,2025-05-04,25,16,Low Attendance
A004568,S10259,C042,2025-04-19,10,5,Low Attendance
A004569,S01332,C030,2025-11-18,25,11,Low Attendance
A004570,S18787,C029,2025-02-14,25,10,Low Attendance
A004571,S14280,C048,2025-03-25,10,4,Low Attendance
A004572,S00595,C003,2025-06-18,30,20,Low Attendance
A004573,S19847,C018,2025-10-25,30,20,Low Attendance
A004574,S12091,C002,2025-02-10,30,25,Present
A004575,S09437,C030,2025-01-08,20,2,Low Attendance
A004576,S06829,C046,2025-04-30,20,0,Low Attendance
A004577,S02865,C015,2025-11-20,10,7,Low Attendance
A004578,S15136,C040,2025-05-14,15,1,Low Attendance
A004579,S07387,C011,2025-10-11,25,19,Present
A004580,S17329,C036,2025-01-24,10,6,Low Attendance
A004581,S02743,C049,2025-08-09,25,25,Present
A004582,S11138,C042,2025-10-22,20,2,Low Attendance
A004583,S12635,C047,2025-01-19,25,6,Low Attendance
A004584,S10839,C010,2025-07-06,10,0,Low Attendance
A004585,S02484,C005,2025-05-02,20,0,Low Attendance
A004586,S04044,C001,2025-05-16,15,13,Present
A004587,S13754,C019,2025-11-13,25,12,Low Attendance
A004588,S16978,C020,2025-04-16,15,5,Low Attendance
A004589,S06090,C006,2025-05-11,20,10,Low Attendance
A004590,S11926,C036,2025-01-27,15,0,Low Attendance
A004591,S05702,C018,2025-12-16,15,12,Present
A004592,S01229,C026,2025-03-18,10,6,Low Attendance
A004593,S14157,C007,2025-01-18,15,3,Low Attendance
A004594,S14911,C010,2025-03-11,10,8,
A004595,S02163,C038,2025-07-07,30,18,Low Attendance
A004596,S06580,C046,2025-02-05,25,4,Low Attendance
A004597,S09570,C021,2025-01-27,30,14,Low Attendance
A004598,S14772,C012,2025-10-22,25,8,
A004599,S04992,C042,2025-07-19,10,1,Low Attendance
A004600,S15379,C026,2025-08-23,25,6,Low Attendance
A004601,S14317,C034,2025-06-25,30,21,Low Attendance
A004602,S09835,C009,2025-01-08,30,14,Low Attendance
A004603,S19998,C048,2025-01-06,15,14,Present
A004604,S14442,C015,2025-02-04,25,7,Low Attendance
A004605,S19403,C024,2025-04-23,10,2,Low Attendance
A004606,S11326,C048,2025-06-14,30,20,Low Attendance
A004607,S19068,C025,2025-02-19,10,2,Low Attendance
A004608,S03031,C046,2025-02-14,25,1,Low Attendance
A004609,S17559,C018,2025-07-22,15,11,Low Attendance
A004610,S17864,C005,2025-07-15,25,14,Low Attendance
A004611,S04403,C030,2025-05-15,20,6,Low Attendance
A004612,S11612,C031,2025-12-06,15,10,Low Attendance
A004613,S11046,C041,2025-03-15,10,4,Low Attendance
A004614,S15391,C049,2025-04-30,25,13,Low Attendance
A004615,S07218,C010,2025-06-07,20,14,Low Attendance
A004616,S15042,C003,2025-10-17,30,19,Low Attendance
A004617,S11941,C048,2025-01-15,25,9,Low Attendance
A004618,S12098,C030,2025-02-13,25,11,Low Attendance
A004619,S06769,C041,2025-01-30,15,4,Low Attendance
A004620,S18262,C013,2025-10-27,10,2,Low Attendance
A004621,S01361,C031,2025-11-01,20,13,Low Attendance
A004622,S11931,C006,2025-03-06,15,1,Low Attendance
A004623,S00041,C005,2025-07-26,30,17,Low Attendance
A004624,S15828,C035,2025-09-01,30,14,Low Attendance
A004625,S05727,C013,2025-07-10,20,7,Low Attendance
A004626,S18359,C049,2025-07-01,25,2,Low Attendance
A004627,S16588,C047,2025-03-13,25,7,Low Attendance
A004628,S01053,C033,2025-03-30,15,8,Low Attendance
A004629,S14327,C022,2025-04-11,20,2,Low Attendance
A004630,S17396,C001,2025-10-12,30,14,Low Attendance
A004631,S05647,C040,2025-02-16,20,9,Low Attendance
A004632,S08707,C042,2025-11-02,20,17,Present
A004633,S18701,C012,2025-07-24,25,8,Low Attendance
A004634,S01272,C025,2025-02-13,25,6,Low Attendance
A004635,S14001,C050,2025-12-22,30,9,Low Attendance
A004636,S16516,C044,2025-12-26,10,1,Low Attendance
A004637,S15731,C010,2025-02-21,20,14,Low Attendance
A004638,S13789,C014,2025-08-17,10,2,Low Attendance
A004639,S19560,C044,2025-02-26,20,11,Low Attendance
A004640,S05507,C003,2025-08-24,20,0,Low Attendance
A004641,S06003,C042,2025-02-03,15,6,Low Attendance
A004642,S13770,C014,2025-09-11,25,17,Low Attendance
A004643,S14001,C025,2025-05-08,20,13,Low Attendance
A004644,S19639,C048,2025-04-12,20,13,Low Attendance
A004645,S11911,C029,2025-02-23,30,23,Present
A004646,S12520,C004,2025-12-15,30,11,Low Attendance
A004647,S16508,C046,2025-10-21,10,3,Low Attendance
A004648,S02299,C013,2025-02-06,10,7,Low Attendance
A004649,S01086,C003,2025-05-03,15,8,Low Attendance
A004650,S10577,C035,2025-11-05,25,4,Low Attendance
A004651,S16964,C006,2025-03-23,30,20,Low Attendance
A004652,S19531,C036,2025-05-19,10,4,Low Attendance
A004653,S19318,C021,2025-12-08,15,14,Present
A004654,S09001,C047,2025-03-31,10,1,Low Attendance
A004655,S07392,C019,2025-01-17,15,8,Low Attendance
A004656,S09737,C005,2025-05-30,10,6,Low Attendance
A004657,S04450,C041,2025-07-20,10,3,Low Attendance
A004658,S01593,C050,2025-07-01,10,10,Present
A004659,S06595,C042,2025-01-25,20,5,Low Attendance
A004660,S16705,C022,2025-02-27,20,13,Low Attendance
A004661,S00138,C033,2025-10-10,20,8,Low Attendance
A004662,S00157,C037,2025-12-13,15,2,Low Attendance
A004663,S15252,C005,2025-01-26,10,9,Present
A004664,S09051,C028,2025-09-01,25,7,Low Attendance
A004665,S17645,C044,2025-07-13,30,8,Low Attendance
A004666,S01343,C011,2025-07-21,15,3,Low Attendance
A004667,S07649,C034,2025-11-18,20,14,Low Attendance
A004668,S13002,C008,2025-01-03,30,24,Present
A004669,S08561,C024,2025-10-10,15,11,Low Attendance
A004670,S15779,C044,2025-02-20,25,9,Low Attendance
A004671,S04349,C016,2025-04-19,10,0,Low Attendance
A004672,S05897,C030,2025-01-19,20,13,Low Attendance
A004673,S16838,C005,2025-07-07,25,19,Present
A004674,S13501,C025,2025-09-20,25,10,Low Attendance
A004675,S07191,C043,2025-08-30,20,12,Low Attendance
A004676,S19695,C044,2025-11-03,30,20,Low Attendance
A004677,S08817,C004,2025-01-29,10,6,Low Attendance
A004678,S12130,C001,2025-05-27,20,15,Present
A004679,S07296,C021,2025-08-25,20,12,Low Attendance
A004680,S09552,C027,2025-01-02,20,19,Present
A004681,S12318,C005,2025-04-17,30,20,Low Attendance
A004682,S12554,C033,2025-08-16,30,13,Low Attendance
A004683,S00001,C049,2025-08-03,20,4,Low Attendance
A004684,S17506,C006,2025-09-27,30,30,Present
A004685,S05129,C005,2025-08-15,20,5,Low Attendance
A004686,S04497,C035,2025-08-14,15,2,Low Attendance
A004687,S00660,C033,2025-10-22,30,22,Low Attendance
A004688,S05254,C035,2025-03-29,30,25,Present
A004689,S02739,C029,2025-05-08,20,0,Low Attendance
A004690,S18634,C011,2025-04-09,20,15,Present
A004691,S13795,C026,2025-04-21,15,8,Low Attendance
A004692,S11197,C013,2025-04-20,30,4,Low Attendance
A004693,S18469,C031,2025-04-25,25,10,Low Attendance
A004694,S07601,C006,2025-12-06,20,0,Low Attendance
A004695,S11465,C032,2025-04-29,20,20,Present
A004696,S11606,C018,2025-09-21,15,3,Low Attendance
A004697,S17819,C001,2025-02-05,30,24,Present
A004698,S07270,C038,2025-02-25,25,9,Low Attendance
A004699,S04560,C020,2025-09-10,10,7,Low Attendance
A004700,S15467,C018,2025-03-10,25,25,Present
A004701,S01121,C030,2025-08-27,25,6,Low Attendance
A004702,S01933,C017,2025-08-10,10,10,Present
A004703,S14465,C044,2025-03-09,15,3,Low Attendance
A004704,S15998,C004,2025-04-01,25,21,Present
A004705,S14007,C009,2025-09-12,25,13,Low Attendance
A004706,S14272,C031,2025-08-12,20,16,
A004707,S07762,C041,2025-05-18,25,0,Low Attendance
A004708,S08680,C016,2025-07-20,30,20,Low Attendance
A004709,S17478,C025,2025-12-28,20,2,Low Attendance
A004710,S02005,C033,2025-03-06,10,6,Low Attendance
A004711,S05317,C001,2025-09-05,25,13,Low Attendance
A004712,S11624,C015,2025-12-25,15,9,Low Attendance
A004713,S15571,C025,2025-08-10,20,18,Present
A004714,S07283,C020,2025-12-13,20,17,Present
A004715,S11599,C015,2025-12-02,20,15,Present
A004716,S10688,C020,2025-05-14,15,14,Present
A004717,S18974,C024,2025-09-18,10,0,Low Attendance
A004718,S14786,C040,2025-10-06,10,10,Present
A004719,S16591,C048,2025-05-30,10,9,Present
A004720,S07291,C043,2025-12-03,20,14,Low Attendance
A004721,S08467,C016,2025-02-27,30,9,Low Attendance
A004722,S14645,C015,2025-12-05,20,5,Low Attendance
A004723,S04436,C016,2025-06-02,10,0,Low Attendance
A004724,S13022,C049,2025-08-24,10,2,Low Attendance
A004725,S11134,C046,2025-05-03,20,7,Low Attendance
A004726,S16132,C013,2025-09-19,25,11,Low Attendance
A004727,S13449,C047,2025-06-15,20,13,Low Attendance
A004728,S08843,C024,2025-06-05,20,12,Low Attendance
A004729,S16979,C048,2025-03-01,30,18,Low Attendance
A004730,S09299,C013,2025-11-26,10,10,Present
A004731,S09084,C013,2025-02-11,10,9,Present
A004732,S19100,C002,2025-12-30,25,9,Low Attendance
A004733,S05299,C014,2025-04-16,25,25,Present
A004734,S10399,C003,2025-06-16,30,0,Low Attendance
A004735,S04772,C012,2025-12-31,20,8,Low Attendance
A004736,S13549,C038,2025-09-23,10,8,Present
A004737,S13142,C008,2025-11-11,25,11,Low Attendance
A004738,S14273,C014,2025-08-10,15,1,Low Attendance
A004739,S08385,C047,2025-07-26,10,9,Present
A004740,S13637,C009,2025-06-16,15,2,Low Attendance
A004741,S13300,C013,2025-11-15,25,14,Low Attendance
A004742,S01926,C043,2025-02-13,30,29,Present
A004743,S09202,C002,2025-09-08,20,20,Present
A004744,S01084,C038,2025-08-28,25,0,Low Attendance
A004745,S17861,C013,2025-09-30,15,7,Low Attendance
A004746,S16143,C049,2025-04-09,25,21,Present
A004747,S16208,C047,2025-11-07,15,14,Present
A004748,S02599,C002,2025-12-09,30,19,Low Attendance
A004749,S17798,C036,2025-12-25,20,2,Low Attendance
A004750,S07464,C048,2025-04-05,30,27,Present
A004751,S11536,C012,2025-12-23,30,15,Low Attendance
A004752,S11895,C032,2025-06-24,30,19,Low Attendance
A004753,S06638,C006,2025-03-01,10,0,Low Attendance
A004754,S02976,C006,2025-01-17,30,7,Low Attendance
A004755,S08921,C009,2025-01-17,15,12,Present
A004756,S11695,C026,2025-06-12,15,3,Low Attendance
A004757,S15716,C014,2025-10-22,30,12,Low Attendance
A004758,S10950,C018,2025-07-10,15,15,Present
A004759,S17185,C045,2025-11-22,10,3,Low Attendance
A004760,S06132,C005,2025-03-15,15,2,Low Attendance
A004761,S10258,C050,2025-03-17,10,8,Present
A004762,S18103,C034,2025-06-02,15,10,Low Attendance
A004763,S17020,C046,2025-02-24,10,8,Present
A004764,S05729,C032,2025-11-24,20,3,Low Attendance
A004765,S16361,C012,2025-05-21,20,14,Low Attendance
A004766,S05154,C046,2025-10-13,15,13,Present
A004767,S11741,C050,2025-06-03,20,20,Present
A004768,S04749,C025,2025-01-27,15,3,Low Attendance
A004769,S02555,C024,2025-06-14,25,24,Present
A004770,S01014,C034,2025-12-31,10,5,Low Attendance
A004771,S17403,C042,2025-05-29,20,6,Low Attendance
A004772,S09759,C048,2025-10-09,15,10,Low Attendance
A004773,S14351,C033,2025-03-06,25,20,Present
A004774,S01049,C008,2025-01-15,10,4,Low Attendance
A004775,S11816,C048,2025-02-09,30,30,Present
A004776,S01042,C044,2025-01-15,10,6,Low Attendance
A004777,S01784,C014,2025-11-20,30,25,Present
A004778,S06722,C041,2025-11-26,20,5,Low Attendance
A004779,S19318,C018,2025-01-01,15,2,Low Attendance
A004780,S11450,C005,2025-02-18,15,15,Present
A004781,S14637,C001,2025-02-20,30,26,Present
A004782,S11113,C030,2025-05-17,30,23,Present
A004783,S09813,C011,2025-06-24,25,0,Low Attendance
A004784,S06042,C049,2025-05-29,30,29,Present
A004785,S01145,C027,2025-03-08,25,3,Low Attendance
A004786,S14905,C009,2025-10-11,10,0,Low Attendance
A004787,S10492,C036,2025-07-20,30,14,Low Attendance
A004788,S19781,C025,2025-09-20,15,1,Low Attendance
A004789,S15630,C033,2025-04-06,30,17,Low Attendance
A004790,S09994,C022,2025-06-10,25,0,Low Attendance
A004791,S04649,C037,2025-10-27,10,7,Low Attendance
A004792,S18178,C012,2025-06-07,25,0,Low Attendance
A004793,S11584,C035,2025-03-16,20,3,Low Attendance
A004794,S09771,C033,2025-08-19,20,2,Low Attendance
A004795,S05212,C039,2025-08-11,30,15,Low Attendance
A004796,S14534,C007,2025-12-12,25,16,Low Attendance
A004797,S14140,C012,2025-08-27,30,30,Present
A004798,S11597,C031,2025-03-05,15,1,Low Attendance
A004799,S15016,C043,2025-12-13,20,14,Low Attendance
A004800,S04365,C040,2025-04-25,20,18,Present
A004801,S06689,C016,2025-04-17,25,3,Low Attendance
A004802,S08691,C014,2025-08-02,30,28,Present
A004803,S04752,C021,2025-04-15,20,6,Low Attendance
A004804,S18473,C017,2025-09-09,30,18,Low Attendance
A004805,S05238,C017,2025-06-01,10,3,Low Attendance
A004806,S05100,C016,2025-02-03,30,5,Low Attendance
A004807,S03440,C004,2025-11-20,20,1,Low Attendance
A004808,S02381,C009,2025-11-12,10,7,Low Attendance
A004809,S02793,C024,2025-12-14,15,14,Present
A004810,S12183,C039,2025-12-02,10,2,Low Attendance
A004811,S05266,C010,2025-06-29,30,2,Low Attendance
A004812,S08807,C022,2025-04-05,25,0,Low Attendance
A004813,S11347,C018,2025-09-26,10,2,Low Attendance
A004814,S16572,C003,2025-08-29,30,20,Low Attendance
A004815,S07176,C011,2025-05-20,10,10,Present
A004816,S01484,C021,2025-02-28,15,1,Low Attendance
A004817,S19266,C033,2025-02-05,30,29,Present
A004818,S11689,C015,2025-11-30,25,20,Present
A004819,S16424,C028,2025-05-14,25,17,Low Attendance
A004820,S18861,C019,2025-01-09,25,4,Low Attendance
A004821,S09698,C015,2025-01-01,10,8,Present
A004822,S07949,C036,2025-09-16,20,12,Low Attendance
A004823,S02094,C016,2025-03-02,15,15,Present
A004824,S07387,C049,2025-08-09,10,6,Low Attendance
A004825,S14948,C024,2025-12-02,30,25,Present
A004826,S04220,C045,2025-06-08,30,23,Present
A004827,S02301,C046,2025-09-29,30,17,Low Attendance
A004828,S02707,C044,2025-02-28,25,20,Present
A004829,S14581,C040,2025-01-11,15,15,Present
A004830,S19024,C048,2025-05-14,10,4,Low Attendance
A004831,S14868,C039,2025-07-24,15,14,Present
A004832,S10902,C043,2025-01-07,30,25,Present
A004833,S09023,C010,2025-09-23,25,7,Low Attendance
A004834,S17301,C006,2025-05-09,10,6,Low Attendance
A004835,S11136,C048,2025-06-09,15,9,Low Attendance
A004836,S05700,C044,2025-06-07,15,14,Present
A004837,S04140,C023,2025-05-02,30,0,Low Attendance
A004838,S04333,C025,2025-01-06,15,11,Low Attendance
A004839,S09502,C001,2025-10-04,10,2,Low Attendance
A004840,S16923,C004,2025-09-24,15,3,Low Attendance
A004841,S17342,C048,2025-03-20,10,2,Low Attendance
A004842,S10018,C001,2025-09-16,15,2,Low Attendance
A004843,S17882,C017,2025-07-24,30,20,Low Attendance
A004844,S05225,C046,2025-09-05,10,6,Low Attendance
A004845,S12590,C048,2025-02-21,10,8,Present
A004846,S11197,C040,2025-02-01,10,3,Low Attendance
A004847,S12120,C020,2025-10-22,30,15,Low Attendance
A004848,S19103,C018,2025-09-07,20,19,Present
A004849,S04933,C001,2025-05-11,30,13,Low Attendance
A004850,S02467,C045,2025-06-09,15,1,Low Attendance
A004851,S10236,C003,2025-10-01,25,5,Low Attendance
A004852,S17384,C012,2025-08-18,10,1,Low Attendance
A004853,S16152,C008,2025-08-24,25,20,Present
A004854,S11328,C050,2025-08-12,10,4,Low Attendance
A004855,S06247,C050,2025-08-09,25,2,Low Attendance
A004856,S09772,C032,2025-11-26,15,5,Low Attendance
A004857,S05575,C013,2025-10-14,30,21,Low Attendance
A004858,S06963,C025,2025-01-12,15,5,Low Attendance
A004859,S07771,C033,2025-02-15,20,19,Present
A004860,S07275,C010,2025-06-04,25,9,Low Attendance
A004861,S03207,C006,2025-04-08,30,4,Low Attendance
A004862,S13359,C049,2025-03-24,20,13,Low Attendance
A004863,S09897,C007,2025-06-21,10,4,Low Attendance
A004864,S09927,C049,2025-01-21,15,12,Present
A004865,S01684,C018,2025-01-15,15,2,Low Attendance
A004866,S10415,C022,2025-12-18,25,13,Low Attendance
A004867,S07888,C015,2025-03-01,20,7,Low Attendance
A004868,S13815,C038,2025-05-03,30,24,Present
A004869,S19431,C035,2025-07-06,15,6,Low Attendance
A004870,S10226,C029,2025-09-23,10,10,Present
A004871,S12543,C031,2025-09-10,15,0,Low Attendance
A004872,S03034,C043,2025-02-06,20,2,Low Attendance
A004873,S01732,C041,2025-04-12,10,6,Low Attendance
A004874,S14434,C034,2025-04-12,15,5,Low Attendance
A004875,S00298,C035,2025-08-07,15,3,Low Attendance
A004876,S13063,C039,2025-02-17,25,23,Present
A004877,S16879,C044,2025-01-14,25,4,Low Attendance
A004878,S10774,C022,2025-11-11,20,6,Low Attendance
A004879,S01524,C014,2025-08-07,25,18,Low Attendance
A004880,S00240,C031,2025-06-13,30,26,Present
A004881,S16433,C006,2025-03-24,25,20,Present
A004882,S09258,C040,2025-06-08,25,5,Low Attendance
A004883,S06412,C012,2025-01-04,25,22,Present
A004884,S18986,C007,2025-10-14,20,5,Low Attendance
A004885,S18379,C017,2025-05-13,25,1,Low Attendance
A004886,S16762,C033,2025-04-10,25,10,Low Attendance
A004887,S08898,C041,2025-06-15,15,8,Low Attendance
A004888,S15516,C040,2025-06-02,15,15,Present
A004889,S15649,C042,2025-06-21,15,9,Low Attendance
A004890,S04497,C038,2025-03-08,30,29,Present
A004891,S17787,C048,2025-02-18,30,13,Low Attendance
A004892,S02689,C041,2025-01-27,10,4,Low Attendance
A004893,S00256,C032,2025-08-27,20,7,Low Attendance
A004894,S10109,C022,2025-01-07,30,7,Low Attendance
A004895,S06259,C044,2025-10-11,20,5,Low Attendance
A004896,S10116,C017,2025-09-01,25,14,Low Attendance
A004897,S07285,C009,2025-01-19,30,10,Low Attendance
A004898,S06805,C001,2025-03-23,20,12,Low Attendance
A004899,S10722,C031,2025-10-18,30,10,Low Attendance
A004900,S06029,C034,2025-04-17,25,7,Low Attendance
A004901,S08705,C014,2025-01-13,20,19,Present
A004902,S07346,C002,2025-02-24,30,9,Low Attendance
A004903,S00621,C031,2025-04-21,20,7,Low Attendance
A004904,S16917,C034,2025-09-02,10,3,Low Attendance
A004905,S04418,C032,2025-11-22,25,25,Present
A004906,S03552,C050,2025-11-01,10,10,Present
A004907,S11714,C019,2025-02-17,25,2,Low Attendance
A004908,S19037,C039,2025-07-25,20,15,Present
A004909,S02112,C016,2025-02-05,15,6,Low Attendance
A004910,S17414,C050,2025-04-08,20,11,Low Attendance
A004911,S11446,C008,2025-08-22,30,0,Low Attendance
A004912,S10511,C019,2025-04-07,10,3,Low Attendance
A004913,S04085,C042,2025-09-12,30,28,Present
A004914,S02804,C025,2025-07-29,15,9,Low Attendance
A004915,S18183,C017,2025-09-23,15,13,Present
A004916,S08507,C019,2025-03-28,30,7,Low Attendance
A004917,S15210,C019,2025-06-08,30,23,Present
A004918,S06898,C033,2025-03-19,25,25,Present
A004919,S04917,C014,2025-06-15,25,4,Low Attendance
A004920,S15673,C045,2025-09-27,10,9,Present
A004921,S14847,C020,2025-04-09,20,10,Low Attendance
A004922,S02434,C016,2025-03-22,15,7,Low Attendance
A004923,S03302,C007,2025-03-28,25,15,Low Attendance
A004924,S03630,C034,2025-02-18,20,7,Low Attendance
A004925,S08840,C021,2025-11-12,10,0,Low Attendance
A004926,S05966,C023,2025-04-30,15,7,Low Attendance
A004927,S17172,C014,2025-11-05,10,5,Low Attendance
A004928,S15916,C014,2025-04-11,20,17,Present
A004929,S18483,C037,2025-03-23,20,15,Present
A004930,S09594,C017,2025-03-31,25,15,Low Attendance
A004931,S11336,C032,2025-07-24,15,0,Low Attendance
A004932,S17503,C036,2025-07-29,10,8,Present
A004933,S14214,C035,2025-02-04,10,8,Present
A004934,S19919,C040,2025-03-01,25,18,Low Attendance
A004935,S13977,C030,2025-03-23,30,9,Low Attendance
A004936,S03278,C016,2025-12-07,10,2,Low Attendance
A004937,S08283,C043,2025-01-13,25,2,Low Attendance
A004938,S09239,C005,2025-07-14,20,19,Present
A004939,S13336,C031,2025-01-21,20,13,Low Attendance
A004940,S13274,C049,2025-12-31,30,14,Low Attendance
A004941,S13012,C012,2025-10-28,30,3,Low Attendance
A004942,S06841,C032,2025-03-29,15,11,Low Attendance
A004943,S03569,C028,2025-09-26,15,2,Low Attendance
A004944,S15795,C020,2025-10-08,30,14,Low Attendance
A004945,S11826,C050,2025-09-22,20,20,Present
A004946,S13329,C048,2025-03-26,15,14,Present
A004947,S13687,C028,2025-08-16,10,4,Low Attendance
A004948,S19823,C007,2025-07-07,30,27,Present
A004949,S11107,C029,2025-12-27,10,9,Present
A004950,S07254,C020,2025-11-02,30,14,Low Attendance
A004951,S10378,C028,2025-11-02,30,15,Low Attendance
A004952,S11333,C005,2025-02-08,30,17,Low Attendance
A004953,S14191,C016,2025-10-27,15,2,Low Attendance
A004954,S07971,C040,2025-10-15,10,4,Low Attendance
A004955,S07005,C050,2025-04-10,20,19,Present
A004956,S13798,C024,2025-12-23,20,12,Low Attendance
A004957,S02604,C020,2025-04-18,10,7,Low Attendance
A004958,S09025,C035,2025-02-09,25,14,Low Attendance
A004959,S15162,C020,2025-06-11,30,11,Low Attendance
A004960,S13313,C013,2025-12-31,20,14,Low Attendance
A004961,S01926,C014,2025-11-28,30,26,Present
A004962,S16053,C020,2025-08-09,15,2,Low Attendance
A004963,S11040,C038,2025-07-31,15,4,Low Attendance
A004964,S04408,C018,2025-10-05,25,5,Low Attendance
A004965,S02549,C003,2025-09-15,20,6,Low Attendance
A004966,S13661,C038,2025-03-14,25,7,Low Attendance
A004967,S12592,C011,2025-08-11,20,20,Present
A004968,S13698,C017,2025-06-19,15,8,Low Attendance
A004969,S13180,C017,2025-06-03,30,2,Low Attendance
A004970,S14781,C030,2025-12-14,15,5,Low Attendance
A004971,S06902,C037,2025-12-22,25,4,Low Attendance
A004972,S18999,C032,2025-08-26,15,10,Low Attendance
A004973,S03800,C010,2025-08-04,30,11,Low Attendance
A004974,S13709,C029,2025-05-28,25,15,Low Attendance
A004975,S16775,C036,2025-01-14,30,30,Present
A004976,S04795,C024,2025-07-21,30,13,Low Attendance
A004977,S19994,C048,2025-10-17,30,13,Low Attendance
A004978,S11383,C011,2025-03-16,30,21,Low Attendance
A004979,S10027,C022,2025-10-30,15,3,Low Attendance
A004980,S14540,C015,2025-06-18,15,11,Low Attendance
A004981,S08651,C006,2025-09-28,10,5,Low Attendance
A004982,S18563,C028,2025-06-09,20,19,Present
A004983,S03835,C046,2025-03-15,30,6,Low Attendance
A004984,S19219,C026,2025-10-31,20,17,Present
A004985,S19354,C016,2025-01-08,20,0,Low Attendance
A004986,S01483,C020,2025-01-22,10,5,Low Attendance
A004987,S10150,C018,2025-05-03,25,25,Present
A004988,S14935,C023,2025-03-11,15,7,Low Attendance
A004989,S02382,C021,2025-06-02,20,6,Low Attendance
A004990,S02825,C005,2025-02-03,10,9,Present
A004991,S05806,C041,2025-03-04,30,23,Present
A004992,S09940,C033,2025-07-23,30,15,Low Attendance
A004993,S00989,C029,2025-08-27,15,6,Low Attendance
A004994,S16753,C041,2025-01-15,25,15,Low Attendance
A004995,S12597,C033,2025-09-08,30,8,Low Attendance
A004996,S09014,C024,2025-05-03,20,19,Present
A004997,S09217,C027,2025-11-05,15,5,Low Attendance
A004998,S14056,C030,2025-10-10,20,9,Low Attendance
A004999,S09201,C016,2025-01-19,20,2,Low Attendance
A005000,S05553,C020,2025-08-14,10,3,Low Attendance
A005001,S14234,C005,2025-06-07,15,2,Low Attendance
A005002,S03660,C029,2025-07-05,10,10,Present
A005003,S12455,C036,2025-03-20,10,6,Low Attendance
A005004,S03407,C025,2025-09-26,30,16,Low Attendance
A005005,S04683,C004,2025-10-14,20,15,Present
A005006,S00656,C042,2025-07-08,15,3,Low Attendance
A005007,S18779,C016,2025-05-04,15,7,Low Attendance
A005008,S09498,C023,2025-11-27,20,12,Low Attendance
A005009,S11672,C040,2025-02-02,20,12,Low Attendance
A005010,S19775,C031,2025-02-23,30,12,Low Attendance
A005011,S15978,C048,2025-09-22,20,15,Present
A005012,S02350,C030,2025-06-02,10,7,Low Attendance
A005013,S17349,C031,2025-01-02,30,15,Low Attendance
A005014,S02447,C009,2025-03-05,15,8,Low Attendance
A005015,S09931,C027,2025-07-13,20,16,Present
A005016,S11180,C031,2025-11-19,15,2,Low Attendance
A005017,S00233,C042,2025-02-13,10,1,Low Attendance
A005018,S06213,C045,2025-12-11,10,0,Low Attendance
A005019,S08934,C030,2025-02-04,10,9,Present
A005020,S15369,C037,2025-05-02,30,10,Low Attendance
A005021,S01835,C019,2025-11-07,15,6,Low Attendance
A005022,S18934,C047,2025-08-30,25,17,Low Attendance
A005023,S16578,C009,2025-03-31,25,8,Low Attendance
A005024,S11728,C046,2025-03-07,30,27,Present
A005025,S00900,C046,2025-09-23,25,15,Low Attendance
A005026,S12398,C045,2025-08-08,20,18,Present
A005027,S02033,C013,2025-01-08,25,6,Low Attendance
A005028,S04839,C048,2025-09-01,15,4,Low Attendance
A005029,S14816,C022,2025-10-06,25,15,Low Attendance
A005030,S16774,C045,2025-07-22,15,7,Low Attendance
A005031,S19390,C045,2025-06-16,10,3,Low Attendance
A005032,S15354,C032,2025-03-16,10,1,Low Attendance
A005033,S15282,C045,2025-06-08,25,24,Present
A005034,S02635,C048,2025-03-20,10,6,Low Attendance
A005035,S18934,C008,2025-04-07,25,5,Low Attendance
A005036,S08897,C038,2025-03-26,15,5,Low Attendance
A005037,S00660,C020,2025-10-29,30,21,Low Attendance
A005038,S15822,C026,2025-11-19,15,9,Low Attendance
A005039,S02392,C047,2025-04-29,30,13,Low Attendance
A005040,S13483,C027,2025-10-24,30,17,Low Attendance
A005041,S05713,C018,2025-01-03,20,0,Low Attendance
A005042,S04417,C033,2025-11-09,25,2,Low Attendance
A005043,S07457,C038,2025-06-25,20,18,Present
A005044,S18421,C037,2025-02-27,20,4,Low Attendance
A005045,S10302,C016,2025-07-02,30,10,Low Attendance
A005046,S17345,C049,2025-06-19,10,3,Low Attendance
A005047,S16659,C011,2025-06-10,15,0,Low Attendance
A005048,S03698,C033,2025-06-04,15,15,Present
A005049,S16783,C029,2025-09-14,15,15,Present
A005050,S16634,C009,2025-04-16,25,3,Low Attendance
A005051,S10043,C023,2025-06-23,25,12,Low Attendance
A005052,S15827,C019,2025-10-23,25,7,Low Attendance
A005053,S18791,C014,2025-09-01,15,4,Low Attendance
A005054,S08525,C012,2025-07-20,15,6,Low Attendance
A005055,S19090,C038,2025-03-19,30,6,Low Attendance
A005056,S02023,C037,2025-10-16,10,0,Low Attendance
A005057,S06931,C003,2025-12-21,10,10,Present
A005058,S02455,C036,2025-04-16,25,1,Low Attendance
A005059,S05353,C032,2025-03-14,20,19,Present
A005060,S04563,C001,2025-07-04,10,4,Low Attendance
A005061,S06827,C034,2025-10-01,20,14,Low Attendance
A005062,S02421,C005,2025-06-09,20,11,Low Attendance
A005063,S17759,C021,2025-09-07,25,23,Present
A005064,S18312,C016,2025-05-04,10,0,Low Attendance
A005065,S10536,C042,2025-06-24,25,10,Low Attendance
A005066,S17552,C019,2025-08-07,10,5,Low Attendance
A005067,S14855,C016,2025-09-16,25,23,Present
A005068,S05343,C047,2025-12-04,25,5,Low Attendance
A005069,S08935,C045,2025-03-21,25,9,Low Attendance
A005070,S03622,C036,2025-06-20,25,11,Low Attendance
A005071,S02987,C029,2025-09-30,15,0,Low Attendance
A005072,S09035,C009,2025-11-12,10,10,Present
A005073,S12235,C046,2025-11-26,10,9,Present
A005074,S13656,C038,2025-03-02,30,0,Low Attendance
A005075,S06178,C025,2025-03-13,10,7,Low Attendance
A005076,S19531,C015,2025-09-13,30,4,Low Attendance
A005077,S04479,C004,2025-01-18,15,7,Low Attendance
A005078,S10309,C033,2025-06-22,20,9,Low Attendance
A005079,S14613,C041,2025-12-28,30,8,Low Attendance
A005080,S13502,C011,2025-03-13,25,22,Present
A005081,S08013,C029,2025-07-25,25,12,Low Attendance
A005082,S10773,C027,2025-02-12,15,15,Present
A005083,S10345,C015,2025-09-17,15,1,Low Attendance
A005084,S10071,C040,2025-10-05,25,9,Low Attendance
A005085,S15594,C049,2025-02-03,10,5,Low Attendance
A005086,S06315,C003,2025-05-26,10,6,Low Attendance
A005087,S17044,C041,2025-04-27,25,2,Low Attendance
A005088,S09378,C030,2025-06-22,30,8,Low Attendance
A005089,S00933,C001,2025-10-21,10,7,Low Attendance
A005090,S04025,C048,2025-06-27,30,3,Low Attendance
A005091,S03978,C012,2025-02-09,25,22,Present
A005092,S16184,C024,2025-01-30,25,7,Low Attendance
A005093,S05007,C011,2025-07-07,20,15,Present
A005094,S00689,C014,2025-11-16,30,7,Low Attendance
A005095,S02882,C037,2025-06-02,10,7,Low Attendance
A005096,S11192,C048,2025-11-21,10,4,Low Attendance
A005097,S11396,C007,2025-05-14,30,25,Present
A005098,S08701,C025,2025-02-26,25,17,Low Attendance
A005099,S10261,C030,2025-05-18,10,1,Low Attendance
A005100,S15626,C034,2025-02-21,25,5,Low Attendance
A005101,S06823,C031,2025-05-06,20,16,Present
A005102,S06699,C033,2025-11-11,25,0,Low Attendance
A005103,S11875,C018,2025-01-17,30,5,Low Attendance
A005104,S10677,C007,2025-03-21,10,9,Present
A005105,S05771,C027,2025-07-12,10,4,Low Attendance
A005106,S11933,C022,2025-12-19,10,0,Low Attendance
A005107,S15381,C026,2025-10-30,30,4,Low Attendance
A005108,S01545,C030,2025-10-20,20,18,Present
A005109,S06563,C048,2025-10-16,15,13,Present
A005110,S15539,C008,2025-02-18,25,2,Low Attendance
A005111,S15991,C006,2025-02-24,10,6,Low Attendance
A005112,S09754,C039,2025-08-20,20,6,Low Attendance
A005113,S18886,C048,2025-03-24,15,4,Low Attendance
A005114,S08023,C008,2025-07-26,20,6,Low Attendance
A005115,S05074,C044,2025-06-01,25,4,Low Attendance
A005116,S07138,C001,2025-02-17,15,11,Low Attendance
A005117,S02334,C015,2025-07-05,15,8,Low Attendance
A005118,S03779,C050,2025-10-27,25,10,Low Attendance
A005119,S00186,C019,2025-01-19,30,12,Low Attendance
A005120,S04708,C033,2025-12-21,15,5,Low Attendance
A005121,S19655,C022,2025-09-19,10,4,Low Attendance
A005122,S12783,C027,2025-02-14,30,21,Low Attendance
A005123,S12742,C040,2025-12-07,10,8,Present
A005124,S11713,C041,2025-08-04,30,30,Present
A005125,S04297,C001,2025-01-12,10,8,Present
A005126,S13873,C022,2025-05-28,10,2,Low Attendance
A005127,S18879,C050,2025-06-07,15,12,Present
A005128,S15273,C014,2025-01-02,10,9,Present
A005129,S12390,C008,2025-04-21,15,8,Low Attendance
A005130,S19158,C027,2025-09-07,20,3,Low Attendance
A005131,S12770,C019,2025-08-16,30,3,Low Attendance
A005132,S00947,C041,2025-08-13,25,8,Low Attendance
A005133,S09290,C019,2025-04-12,20,18,Present
A005134,S01850,C022,2025-10-25,20,5,Low Attendance
A005135,S01270,C014,2025-10-17,25,10,Low Attendance
A005136,S01832,C038,2025-01-01,10,6,Low Attendance
A005137,S17046,C032,2025-06-11,30,30,Present
A005138,S03778,C032,2025-10-11,30,15,Low Attendance
A005139,S07265,C014,2025-10-02,10,4,Low Attendance
A005140,S10518,C044,2025-05-26,20,7,Low Attendance
A005141,S18098,C005,2025-06-03,20,1,Low Attendance
A005142,S19270,C021,2025-05-14,10,6,Low Attendance
A005143,S19149,C026,2025-12-15,10,3,Low Attendance
A005144,S04755,C002,2025-01-27,15,0,Low Attendance
A005145,S04639,C034,2025-05-06,20,13,Low Attendance
A005146,S12151,C028,2025-01-01,15,6,Low Attendance
A005147,S00845,C004,2025-02-18,10,0,Low Attendance
A005148,S11597,C037,2025-04-20,10,1,Low Attendance
A005149,S02931,C046,2025-04-16,30,2,Low Attendance
A005150,S12369,C006,2025-02-01,25,4,Low Attendance
A005151,S15004,C027,2025-07-30,15,0,Low Attendance
A005152,S08255,C037,2025-10-19,30,16,Low Attendance
A005153,S06005,C003,2025-01-16,15,13,Present
A005154,S03717,C045,2025-10-17,25,24,Present
A005155,S17723,C030,2025-04-06,30,10,Low Attendance
A005156,S02663,C044,2025-08-20,15,6,Low Attendance
A005157,S09092,C046,2025-10-10,30,28,Present
A005158,S17083,C040,2025-06-27,30,26,Present
A005159,S19362,C026,2025-09-20,20,15,Present
A005160,S09584,C021,2025-06-20,25,21,Present
A005161,S19639,C036,2025-12-08,25,10,Low Attendance
A005162,S00206,C040,2025-02-11,15,12,Present
A005163,S12419,C037,2025-10-03,15,8,Low Attendance
A005164,S12523,C025,2025-10-20,15,10,Low Attendance
A005165,S08210,C004,2025-03-11,20,17,Present
A005166,S00648,C004,2025-12-09,20,18,Present
A005167,S10560,C048,2025-06-10,30,20,Low Attendance
A005168,S07406,C021,2025-09-21,10,1,Low Attendance
A005169,S14831,C021,2025-09-05,20,6,Low Attendance
A005170,S14805,C021,2025-08-09,10,9,Present
A005171,S18486,C023,2025-05-05,10,3,Low Attendance
A005172,S02481,C015,2025-12-02,20,17,Present
A005173,S19630,C001,2025-05-12,30,18,Low Attendance
A005174,S09257,C038,2025-07-20,10,4,Low Attendance
A005175,S19529,C008,2025-09-26,20,20,Present
A005176,S11629,C020,2025-05-19,30,20,
A005177,S01350,C012,2025-12-01,25,5,Low Attendance
A005178,S03197,C042,2025-09-17,20,0,Low Attendance
A005179,S01339,C050,2025-08-25,30,17,Low Attendance
A005180,S00453,C011,2025-04-18,25,4,Low Attendance
A005181,S00948,C005,2025-04-20,10,0,Low Attendance
A005182,S04054,C031,2025-04-14,20,0,Low Attendance
A005183,S03913,C010,2025-10-25,30,0,Low Attendance
A005184,S00839,C012,2025-01-17,10,0,Low Attendance
A005185,S03099,C023,2025-11-26,10,3,Low Attendance
A005186,S16786,C021,2025-08-21,15,1,Low Attendance
A005187,S19977,C003,2025-05-20,25,14,Low Attendance
A005188,S06742,C023,2025-06-11,10,2,Low Attendance
A005189,S11392,C034,2025-03-05,30,8,Low Attendance
A005190,S03514,C038,2025-08-09,10,1,Low Attendance
A005191,S04902,C040,2025-03-13,30,30,Present
A005192,S05580,C039,2025-11-15,10,9,Present
A005193,S11102,C048,2025-08-15,10,6,Low Attendance
A005194,S01508,C047,2025-12-21,20,19,Present
A005195,S19013,C022,2025-01-29,20,9,Low Attendance
A005196,S16894,C046,2025-10-28,10,0,Low Attendance
A005197,S03575,C040,2025-11-13,20,9,Low Attendance
A005198,S06143,C027,2025-06-19,15,2,Low Attendance
A005199,S01393,C016,2025-10-30,15,3,Low Attendance
A005200,S04420,C038,2025-02-25,10,3,Low Attendance
A005201,S05725,C036,2025-12-08,30,0,Low Attendance
A005202,S16607,C008,2025-01-02,25,19,Present
A005203,S07032,C015,2025-12-03,10,7,Low Attendance
A005204,S11099,C011,2025-12-14,30,11,Low Attendance
A005205,S19871,C049,2025-10-19,20,4,Low Attendance
A005206,S11047,C048,2025-01-20,25,18,Low Attendance
A005207,S07004,C019,2025-05-15,15,3,Low Attendance
A005208,S17417,C018,2025-04-06,30,11,Low Attendance
A005209,S01647,C001,2025-07-09,30,13,Low Attendance
A005210,S09295,C013,2025-12-29,25,23,Present
A005211,S09716,C008,2025-03-20,15,13,Present
A005212,S13707,C011,2025-07-31,30,22,Low Attendance
A005213,S04509,C001,2025-10-16,25,9,Low Attendance
A005214,S06542,C042,2025-10-19,30,24,Present
A005215,S10235,C024,2025-04-01,15,13,Present
A005216,S01009,C016,2025-02-04,25,18,Low Attendance
A005217,S10098,C008,2025-09-13,25,7,Low Attendance
A005218,S03679,C036,2025-07-30,25,13,Low Attendance
A005219,S10133,C007,2025-01-04,15,10,Low Attendance
A005220,S17445,C029,2025-06-14,20,0,Low Attendance
A005221,S16163,C050,2025-12-20,25,5,Low Attendance
A005222,S02523,C001,2025-08-08,25,17,Low Attendance
A005223,S07266,C018,2025-10-22,20,16,Present
A005224,S04663,C010,2025-03-30,20,2,Low Attendance
A005225,S00259,C027,2025-12-08,15,14,Present
A005226,S10043,C048,2025-03-18,20,11,Low Attendance
A005227,S10563,C028,2025-06-02,10,5,Low Attendance
A005228,S01130,C031,2025-06-27,15,10,Low Attendance
A005229,S12692,C037,2025-01-14,30,10,Low Attendance
A005230,S19471,C029,2025-08-02,20,3,Low Attendance
A005231,S19087,C012,2025-11-09,25,13,Low Attendance
A005232,S18102,C032,2025-09-20,20,0,Low Attendance
A005233,S10078,C004,2025-11-24,20,13,Low Attendance
A005234,S00796,C010,2025-12-17,20,12,Low Attendance
A005235,S14328,C044,2025-02-17,15,4,Low Attendance
A005236,S02150,C033,2025-11-03,20,16,Present
A005237,S05493,C049,2025-11-13,10,3,Low Attendance
A005238,S09383,C007,2025-01-20,10,0,Low Attendance
A005239,S12611,C018,2025-11-29,25,21,Present
A005240,S19517,C015,2025-01-02,30,25,Present
A005241,S16567,C022,2025-05-06,30,17,Low Attendance
A005242,S07485,C004,2025-05-17,10,1,Low Attendance
A005243,S00141,C019,2025-01-11,15,8,Low Attendance
A005244,S15978,C008,2025-01-21,25,5,Low Attendance
A005245,S11094,C015,2025-06-29,30,10,Low Attendance
A005246,S01074,C024,2025-02-10,30,29,Present
A005247,S04758,C038,2025-09-19,30,21,Low Attendance
A005248,S15348,C023,2025-03-05,15,1,Low Attendance
A005249,S01516,C050,2025-07-02,25,25,Present
A005250,S12687,C001,2025-08-31,15,15,Present
A005251,S01936,C014,2025-09-15,10,6,Low Attendance
A005252,S03786,C016,2025-08-06,20,13,Low Attendance
A005253,S03872,C045,2025-10-28,25,20,Present
A005254,S01353,C008,2025-05-31,10,10,Present
A005255,S03318,C024,2025-10-30,15,12,Present
A005256,S00596,C011,2025-06-30,15,3,Low Attendance
A005257,S01831,C041,2025-01-09,30,27,Present
A005258,S10631,C035,2025-12-27,20,11,Low Attendance
A005259,S19423,C016,2025-07-18,15,13,Present
A005260,S11484,C029,2025-12-05,15,10,Low Attendance
A005261,S11779,C024,2025-10-19,25,23,Present
A005262,S15934,C035,2025-03-03,10,4,Low Attendance
A005263,S11330,C044,2025-07-14,15,9,Low Attendance
A005264,S15975,C024,2025-02-16,15,5,Low Attendance
A005265,S04549,C039,2025-11-17,30,2,Low Attendance
A005266,S16633,C025,2025-11-27,20,16,Present
A005267,S09029,C002,2025-04-06,15,5,Low Attendance
A005268,S00341,C025,2025-05-26,15,12,Present
A005269,S03782,C024,2025-12-20,10,1,Low Attendance
A005270,S02047,C029,2025-03-04,25,10,Low Attendance
A005271,S10516,C016,2025-12-10,25,9,Low Attendance
A005272,S17655,C011,2025-12-30,15,3,Low Attendance
A005273,S07899,C005,2025-06-24,25,6,Low Attendance
A005274,S05543,C039,2025-08-04,25,8,Low Attendance
A005275,S01947,C021,2025-11-29,15,1,Low Attendance
A005276,S15965,C029,2025-05-02,20,5,Low Attendance
A005277,S13266,C017,2025-09-13,30,30,Present
A005278,S08328,C038,2025-06-02,20,2,Low Attendance
A005279,S00661,C049,2025-11-14,10,0,Low Attendance
A005280,S18128,C008,2025-02-13,25,8,Low Attendance
A005281,S09184,C048,2025-12-23,25,5,Low Attendance
A005282,S03864,C045,2025-05-13,25,7,Low Attendance
A005283,S08831,C001,2025-10-18,20,17,Present
A005284,S15890,C044,2025-05-29,20,9,Low Attendance
A005285,S08623,C041,2025-02-10,25,21,Present
A005286,S19734,C023,2025-01-16,25,25,Present
A005287,S08627,C048,2025-10-09,10,9,Present
A005288,S05588,C041,2025-08-03,15,3,Low Attendance
A005289,S04189,C030,2025-10-03,10,8,Present
A005290,S12749,C027,2025-08-20,25,17,Low Attendance
A005291,S12220,C013,2025-07-27,25,23,Present
A005292,S06753,C007,2025-09-29,15,6,Low Attendance
A005293,S05495,C022,2025-02-14,30,19,Low Attendance
A005294,S13222,C035,2025-11-04,10,4,Low Attendance
A005295,S01065,C016,2025-04-09,20,11,Low Attendance
A005296,S00182,C037,2025-07-10,20,7,Low Attendance
A005297,S07127,C027,2025-01-14,20,19,Present
A005298,S17125,C028,2025-12-12,10,10,Present
A005299,S06999,C008,2025-06-27,15,10,Low Attendance
A005300,S01415,C050,2025-11-24,10,10,Present
A005301,S19479,C046,2025-10-11,15,1,Low Attendance
A005302,S04298,C002,2025-05-11,10,6,Low Attendance
A005303,S12576,C021,2025-11-06,10,5,Low Attendance
A005304,S05700,C009,2025-11-10,25,1,Low Attendance
A005305,S09407,C041,2025-03-24,10,10,Present
A005306,S00959,C048,2025-06-08,15,1,Low Attendance
A005307,S03030,C010,2025-09-09,15,7,Low Attendance
A005308,S00671,C003,2025-06-11,10,7,Low Attendance
A005309,S02711,C021,2025-05-28,30,4,Low Attendance
A005310,S16398,C030,2025-04-06,25,6,
A005311,S05842,C050,2025-06-10,15,15,Present
A005312,S14052,C041,2025-08-25,15,12,Present
A005313,S10726,C047,2025-10-17,20,17,Present
A005314,S01541,C049,2025-09-22,10,10,Present
A005315,S17356,C020,2025-12-11,25,18,Low Attendance
A005316,S10209,C016,2025-09-09,30,29,Present
A005317,S10212,C001,2025-08-03,30,13,Low Attendance
A005318,S01937,C009,2025-05-21,15,13,Present
A005319,S08828,C047,2025-08-01,20,15,Present
A005320,S00033,C028,2025-11-21,25,4,Low Attendance
A005321,S14382,C022,2025-11-16,15,4,Low Attendance
A005322,S07997,C040,2025-02-04,20,7,Low Attendance
A005323,S02410,C045,2025-07-28,25,7,Low Attendance
A005324,S12885,C011,2025-05-12,30,29,Present
A005325,S11805,C011,2025-05-12,25,24,Present
A005326,S11690,C007,2025-05-03,10,4,Low Attendance
A005327,S04808,C027,2025-04-17,15,12,Present
A005328,S19553,C046,2025-06-06,20,3,Low Attendance
A005329,S00453,C014,2025-11-05,20,6,Low Attendance
A005330,S09698,C007,2025-03-14,15,5,Low Attendance
A005331,S15604,C040,2025-06-29,10,9,Present
A005332,S11949,C007,2025-08-15,30,14,Low Attendance
A005333,S11495,C013,2025-11-21,20,12,Low Attendance
A005334,S01343,C007,2025-06-15,20,17,Present
A005335,S18723,C007,2025-05-06,15,14,Present
A005336,S16925,C047,2025-12-16,10,5,Low Attendance
A005337,S02845,C043,2025-04-29,25,2,Low Attendance
A005338,S14053,C045,2025-01-13,20,2,Low Attendance
A005339,S10014,C030,2025-05-08,30,5,Low Attendance
A005340,S01713,C004,2025-05-24,15,1,Low Attendance
A005341,S15011,C049,2025-08-24,20,12,Low Attendance
A005342,S04562,C025,2025-12-22,10,5,Low Attendance
A005343,S00169,C050,2025-01-31,15,8,Low Attendance
A005344,S11768,C008,2025-11-10,15,15,Present
A005345,S19693,C025,2025-12-18,10,8,Present
A005346,S10734,C040,2025-09-30,20,12,Low Attendance
A005347,S18313,C004,2025-05-06,10,10,Present
A005348,S05144,C007,2025-06-13,20,7,Low Attendance
A005349,S13955,C023,2025-01-15,30,3,Low Attendance
A005350,S00861,C037,2025-10-10,10,5,Low Attendance
A005351,S07830,C011,2025-05-24,10,7,Low Attendance
A005352,S02301,C033,2025-04-20,15,4,Low Attendance
A005353,S17016,C034,2025-02-25,15,9,Low Attendance
A005354,S08790,C016,2025-11-06,30,13,Low Attendance
A005355,S01647,C046,2025-01-27,10,2,Low Attendance
A005356,S16132,C032,2025-05-19,20,9,Low Attendance
A005357,S15042,C035,2025-06-17,20,1,Low Attendance
A005358,S06521,C009,2025-02-03,10,4,Low Attendance
A005359,S16019,C039,2025-09-18,15,14,Present
A005360,S05042,C015,2025-02-27,30,29,Present
A005361,S08091,C047,2025-04-20,10,10,Present
A005362,S15663,C015,2025-04-25,20,6,Low Attendance
A005363,S03733,C029,2025-12-15,25,17,Low Attendance
A005364,S17842,C043,2025-08-18,20,0,Low Attendance
A005365,S10983,C026,2025-11-25,30,13,Low Attendance
A005366,S00186,C031,2025-06-09,20,4,Low Attendance
A005367,S03681,C025,2025-06-12,15,10,Low Attendance
A005368,S01716,C037,2025-04-30,20,7,Low Attendance
A005369,S04093,C044,2025-03-24,15,14,Present
A005370,S01709,C044,2025-10-27,30,24,Present
A005371,S18564,C044,2025-09-30,10,5,Low Attendance
A005372,S18996,C031,2025-07-05,15,3,Low Attendance
A005373,S10221,C022,2025-08-28,10,6,Low Attendance
A005374,S15650,C027,2025-12-24,10,0,Low Attendance
A005375,S08887,C019,2025-02-20,25,11,Low Attendance
A005376,S07388,C006,2025-07-22,30,21,Low Attendance
A005377,S03808,C007,2025-10-23,10,3,
A005378,S11786,C032,2025-03-10,15,7,Low Attendance
A005379,S03305,C017,2025-01-13,25,15,Low Attendance
A005380,S07777,C013,2025-12-06,15,10,Low Attendance
A005381,S18422,C018,2025-10-01,15,9,Low Attendance
A005382,S08743,C021,2025-02-28,20,1,Low Attendance
A005383,S14830,C047,2025-06-27,10,0,Low Attendance
A005384,S02460,C016,2025-11-26,30,7,Low Attendance
A005385,S02483,C049,2025-07-03,25,20,Present
A005386,S01941,C037,2025-07-29,30,13,Low Attendance
A005387,S09126,C017,2025-07-24,15,3,Low Attendance
A005388,S07899,C025,2025-08-28,10,10,Present
A005389,S15948,C048,2025-09-25,10,9,Present
A005390,S14853,C044,2025-05-01,20,20,Present
A005391,S09239,C035,2025-08-15,10,2,Low Attendance
A005392,S03271,C010,2025-11-29,15,8,Low Attendance
A005393,S06274,C015,2025-01-02,25,12,Low Attendance
A005394,S03655,C050,2025-04-20,10,3,Low Attendance
A005395,S16023,C016,2025-10-08,10,7,Low Attendance
A005396,S13192,C004,2025-07-06,15,11,Low Attendance
A005397,S00696,C023,2025-06-27,25,6,Low Attendance
A005398,S03577,C050,2025-04-30,15,15,Present
A005399,S07817,C031,2025-07-30,10,3,Low Attendance
A005400,S19642,C005,2025-11-16,30,6,Low Attendance
A005401,S08012,C044,2025-04-02,25,12,Low Attendance
A005402,S15244,C038,2025-07-08,10,0,Low Attendance
A005403,S00087,C038,2025-02-16,15,5,Low Attendance
A005404,S08536,C038,2025-02-12,25,12,Low Attendance
A005405,S14915,C033,2025-01-04,20,14,Low Attendance
A005406,S14510,C007,2025-03-08,30,15,Low Attendance
A005407,S04075,C042,2025-12-14,15,13,Present
A005408,S11874,C033,2025-01-18,15,15,Present
A005409,S17683,C040,2025-10-01,10,3,Low Attendance
A005410,S16124,C024,2025-02-23,25,16,Low Attendance
A005411,S13217,C043,2025-12-23,20,13,Low Attendance
A005412,S17950,C046,2025-05-10,10,9,Present
A005413,S16689,C016,2025-07-16,15,3,Low Attendance
A005414,S10455,C048,2025-10-30,10,8,Present
A005415,S19158,C038,2025-12-21,25,0,Low Attendance
A005416,S02520,C009,2025-05-15,15,12,Present
A005417,S18149,C037,2025-11-02,30,2,Low Attendance
A005418,S02975,C013,2025-10-31,20,20,Present
A005419,S01150,C011,2025-10-28,10,0,Low Attendance
A005420,S16328,C033,2025-05-28,15,15,Present
A005421,S09226,C035,2025-04-30,15,8,Low Attendance
A005422,S19465,C019,2025-10-22,20,2,Low Attendance
A005423,S05067,C014,2025-07-10,20,16,Present
A005424,S01216,C011,2025-01-29,20,5,Low Attendance
A005425,S17930,C025,2025-05-17,25,18,Low Attendance
A005426,S03499,C024,2025-12-23,30,29,Present
A005427,S04179,C001,2025-04-26,10,2,Low Attendance
A005428,S10642,C018,2025-07-31,10,2,Low Attendance
A005429,S08981,C014,2025-01-21,15,7,Low Attendance
A005430,S19697,C012,2025-03-10,30,10,Low Attendance
A005431,S17442,C009,2025-08-07,15,13,Present
A005432,S03999,C015,2025-09-26,25,2,Low Attendance
A005433,S10294,C042,2025-08-23,15,3,Low Attendance
A005434,S18525,C004,2025-11-20,10,3,Low Attendance
A005435,S01394,C041,2025-05-05,30,27,Present
A005436,S02295,C012,2025-08-07,30,5,Low Attendance
A005437,S18037,C025,2025-04-27,30,14,Low Attendance
A005438,S10563,C037,2025-06-28,30,29,Present
A005439,S15465,C033,2025-08-06,30,26,Present
A005440,S14621,C035,2025-05-30,10,8,Present
A005441,S04334,C002,2025-10-29,20,6,Low Attendance
A005442,S09906,C048,2025-10-28,15,0,Low Attendance
A005443,S16398,C024,2025-12-23,15,1,Low Attendance
A005444,S01846,C010,2025-10-11,30,11,Low Attendance
A005445,S08192,C045,2025-11-19,25,23,Present
A005446,S03046,C034,2025-04-19,20,9,Low Attendance
A005447,S09974,C006,2025-10-27,15,6,Low Attendance
A005448,S09615,C034,2025-06-03,10,3,Low Attendance
A005449,S14921,C040,2025-09-12,10,2,Low Attendance
A005450,S16731,C031,2025-08-11,10,6,Low Attendance
A005451,S04044,C006,2025-05-08,25,10,Low Attendance
A005452,S18529,C038,2025-04-26,10,2,Low Attendance
A005453,S17469,C047,2025-04-13,30,11,Low Attendance
A005454,S04281,C020,2025-10-06,15,11,Low Attendance
A005455,S00852,C029,2025-02-21,25,21,Present
A005456,S03367,C026,2025-05-05,30,12,Low Attendance
A005457,S02189,C035,2025-02-15,10,1,Low Attendance
A005458,S00746,C034,2025-02-03,30,6,Low Attendance
A005459,S15299,C028,2025-07-03,20,6,Low Attendance
A005460,S10447,C025,2025-04-25,10,4,Low Attendance
A005461,S11204,C001,2025-03-15,15,2,Low Attendance
A005462,S05278,C003,2025-11-11,15,14,Present
A005463,S16132,C011,2025-11-29,15,7,Low Attendance
A005464,S05965,C024,2025-04-25,30,7,Low Attendance
A005465,S00897,C006,2025-08-23,30,2,Low Attendance
A005466,S04165,C031,2025-05-07,20,10,Low Attendance
A005467,S13253,C013,2025-01-07,20,15,Present
A005468,S02448,C045,2025-11-02,15,6,Low Attendance
A005469,S10656,C018,2025-10-13,15,13,Present
A005470,S12231,C003,2025-04-18,20,6,Low Attendance
A005471,S19143,C026,2025-05-26,20,17,Present
A005472,S04360,C010,2025-07-20,30,27,Present
A005473,S00385,C047,2025-04-07,15,1,Low Attendance
A005474,S13479,C049,2025-02-11,30,28,Present
A005475,S19181,C005,2025-10-17,15,11,Low Attendance
A005476,S14983,C036,2025-04-11,20,1,Low Attendance
A005477,S04806,C043,2025-06-29,10,4,Low Attendance
A005478,S01993,C046,2025-05-13,10,9,Present
A005479,S08096,C031,2025-09-08,30,16,Low Attendance
A005480,S14263,C011,2025-12-18,15,11,Low Attendance
A005481,S00614,C039,2025-04-12,25,6,Low Attendance
A005482,S00649,C032,2025-06-17,30,26,Present
A005483,S11585,C001,2025-09-23,25,0,Low Attendance
A005484,S00754,C043,2025-03-04,15,11,Low Attendance
A005485,S13479,C010,2025-06-28,15,4,Low Attendance
A005486,S08857,C021,2025-04-03,10,8,Present
A005487,S17056,C010,2025-01-16,10,8,Present
A005488,S13397,C010,2025-01-14,20,1,Low Attendance
A005489,S13754,C011,2025-03-06,10,2,Low Attendance
A005490,S03837,C006,2025-07-12,15,10,Low Attendance
A005491,S12392,C026,2025-04-22,30,30,Present
A005492,S17831,C030,2025-03-18,15,7,Low Attendance
A005493,S03063,C008,2025-10-07,25,13,Low Attendance
A005494,S13722,C044,2025-12-30,20,17,Present
A005495,S14215,C008,2025-08-10,15,7,Low Attendance
A005496,S17033,C022,2025-06-24,15,13,Present
A005497,S08740,C025,2025-04-15,25,21,Present
A005498,S18542,C008,2025-12-24,20,11,Low Attendance
A005499,S15427,C035,2025-10-03,10,8,Present
A005500,S08704,C015,2025-10-22,15,3,Low Attendance
A005501,S03009,C002,2025-02-18,15,6,Low Attendance
A005502,S15597,C043,2025-11-23,20,9,Low Attendance
A005503,S17914,C029,2025-11-28,15,2,Low Attendance
A005504,S11886,C040,2025-12-07,25,8,Low Attendance
A005505,S06042,C049,2025-06-22,20,13,Low Attendance
A005506,S12647,C020,2025-08-03,15,5,Low Attendance
A005507,S18938,C006,2025-06-18,10,0,Low Attendance
A005508,S18098,C032,2025-02-07,15,2,Low Attendance
A005509,S17307,C026,2025-03-11,10,5,Low Attendance
A005510,S13109,C027,2025-12-31,15,2,Low Attendance
A005511,S17990,C037,2025-10-13,25,3,Low Attendance
A005512,S13250,C019,2025-08-21,20,8,Low Attendance
A005513,S16085,C036,2025-10-27,10,4,Low Attendance
A005514,S05470,C004,2025-10-05,20,2,Low Attendance
A005515,S10624,C022,2025-04-12,25,13,Low Attendance
A005516,S15350,C022,2025-08-11,20,1,Low Attendance
A005517,S18290,C015,2025-03-30,20,20,Present
A005518,S13754,C014,2025-08-22,25,25,Present
A005519,S00154,C008,2025-10-04,25,7,Low Attendance
A005520,S18633,C006,2025-06-28,30,3,Low Attendance
A005521,S11386,C043,2025-03-29,20,3,Low Attendance
A005522,S09352,C019,2025-04-26,10,6,Low Attendance
A005523,S01997,C038,2025-09-09,10,4,Low Attendance
A005524,S01357,C017,2025-02-04,30,26,Present
A005525,S06017,C014,2025-11-18,10,1,Low Attendance
A005526,S13539,C049,2025-01-09,15,12,Present
A005527,S17383,C017,2025-11-17,10,10,Present
A005528,S11768,C040,2025-11-16,30,0,Low Attendance
A005529,S05030,C050,2025-10-09,30,26,Present
A005530,S10640,C035,2025-04-21,25,18,Low Attendance
A005531,S13964,C019,2025-02-04,25,12,Low Attendance
A005532,S05617,C003,2025-04-24,10,5,Low Attendance
A005533,S06881,C004,2025-06-21,20,5,Low Attendance
A005534,S17266,C033,2025-04-12,20,20,Present
A005535,S17637,C011,2025-06-18,20,11,Low Attendance
A005536,S00757,C013,2025-07-01,15,5,Low Attendance
A005537,S06587,C037,2025-05-29,10,8,Present
A005538,S02438,C023,2025-04-28,10,8,Present
A005539,S03787,C010,2025-12-03,25,9,Low Attendance
A005540,S16826,C030,2025-01-16,25,21,Present
A005541,S12277,C050,2025-06-06,30,9,Low Attendance
A005542,S17526,C030,2025-03-01,30,25,Present
A005543,S00699,C038,2025-03-09,25,5,Low Attendance
A005544,S02103,C047,2025-12-07,10,10,Present
A005545,S13939,C047,2025-09-05,30,5,Low Attendance
A005546,S03962,C040,2025-12-11,10,0,Low Attendance
A005547,S08987,C042,2025-03-09,20,19,Present
A005548,S05719,C006,2025-08-08,30,28,Present
A005549,S16881,C046,2025-05-08,25,25,Present
A005550,S09319,C050,2025-07-08,15,8,Low Attendance
A005551,S00732,C027,2025-08-14,20,2,Low Attendance
A005552,S14751,C022,2025-04-02,30,6,Low Attendance
A005553,S01336,C002,2025-01-21,15,10,Low Attendance
A005554,S08919,C034,2025-12-29,10,5,Low Attendance
A005555,S15237,C045,2025-01-10,10,6,Low Attendance
A005556,S09408,C050,2025-05-15,15,5,Low Attendance
A005557,S09048,C001,2025-01-29,15,15,Present
A005558,S18068,C046,2025-06-28,25,21,Present
A005559,S03742,C039,2025-04-21,20,9,Low Attendance
A005560,S11300,C021,2025-10-14,10,6,Low Attendance
A005561,S05564,C048,2025-04-23,15,14,Present
A005562,S01954,C035,2025-03-01,10,7,Low Attendance
A005563,S16128,C030,2025-05-15,30,30,Present
A005564,S16598,C014,2025-03-27,20,17,Present
A005565,S14078,C019,2025-12-30,20,15,Present
A005566,S10592,C023,2025-05-29,20,11,Low Attendance
A005567,S12468,C020,2025-04-12,30,19,Low Attendance
A005568,S05861,C012,2025-01-07,30,13,Low Attendance
A005569,S10635,C019,2025-04-10,20,19,Present
A005570,S15675,C036,2025-01-15,15,15,Present
A005571,S19548,C024,2025-05-09,20,16,Present
A005572,S07431,C031,2025-09-23,20,14,Low Attendance
A005573,S13359,C024,2025-11-04,20,1,Low Attendance
A005574,S00795,C035,2025-11-13,15,4,Low Attendance
A005575,S06192,C007,2025-06-03,15,12,Present
A005576,S04599,C040,2025-06-22,25,19,Present
A005577,S00990,C024,2025-05-18,10,6,Low Attendance
A005578,S17064,C044,2025-06-13,25,8,Low Attendance
A005579,S04367,C042,2025-06-22,10,2,Low Attendance
A005580,S10866,C005,2025-03-12,25,23,Present
A005581,S07739,C020,2025-06-03,25,2,Low Attendance
A005582,S06911,C036,2025-02-26,15,12,Present
A005583,S08577,C033,2025-02-10,30,11,Low Attendance
A005584,S05321,C029,2025-01-10,25,21,Present
A005585,S03469,C039,2025-10-02,30,7,Low Attendance
A005586,S14455,C019,2025-02-27,15,0,Low Attendance
A005587,S03616,C020,2025-01-12,10,1,Low Attendance
A005588,S04245,C037,2025-02-19,30,20,Low Attendance
A005589,S05724,C032,2025-11-28,15,0,Low Attendance
A005590,S06694,C009,2025-07-14,15,0,Low Attendance
A005591,S10458,C049,2025-05-04,15,8,Low Attendance
A005592,S03120,C027,2025-09-16,25,5,Low Attendance
A005593,S00834,C036,2025-04-04,30,4,Low Attendance
A005594,S19830,C049,2025-06-20,30,10,Low Attendance
A005595,S15980,C022,2025-07-18,20,3,Low Attendance
A005596,S10664,C011,2025-04-26,10,2,Low Attendance
A005597,S19105,C015,2025-10-25,30,4,Low Attendance
A005598,S02218,C006,2025-05-22,20,11,Low Attendance
A005599,S04430,C023,2025-03-21,30,11,Low Attendance
A005600,S03238,C042,2025-06-01,25,8,Low Attendance
A005601,S00185,C038,2025-07-21,25,17,Low Attendance
A005602,S14117,C016,2025-08-29,15,7,Low Attendance
A005603,S16351,C013,2025-11-20,10,7,Low Attendance
A005604,S06391,C030,2025-06-24,25,8,Low Attendance
A005605,S18573,C047,2025-11-07,10,10,Present
A005606,S12212,C034,2025-04-09,15,12,Present
A005607,S09646,C030,2025-07-12,30,21,Low Attendance
A005608,S03307,C033,2025-04-18,15,14,Present
A005609,S17462,C027,2025-02-08,10,6,Low Attendance
A005610,S07032,C047,2025-04-24,10,6,Low Attendance
A005611,S16799,C043,2025-01-22,20,19,Present
A005612,S10484,C031,2025-06-20,25,18,Low Attendance
A005613,S00163,C035,2025-04-02,25,25,Present
A005614,S09567,C017,2025-09-26,30,27,Present
A005615,S12428,C024,2025-07-23,10,0,Low Attendance
A005616,S01268,C013,2025-10-25,15,7,Low Attendance
A005617,S12642,C014,2025-05-14,30,18,Low Attendance
A005618,S15713,C002,2025-06-24,10,1,Low Attendance
A005619,S12708,C011,2025-12-19,25,2,Low Attendance
A005620,S12222,C037,2025-06-16,20,19,Present
A005621,S11912,C036,2025-09-11,25,6,Low Attendance
A005622,S12264,C005,2025-08-27,30,29,Present
A005623,S16605,C050,2025-10-31,25,8,Low Attendance
A005624,S09407,C009,2025-02-23,10,10,Present
A005625,S06855,C018,2025-07-28,25,13,Low Attendance
A005626,S13604,C002,2025-12-19,20,14,Low Attendance
A005627,S17634,C022,2025-03-31,15,1,Low Attendance
A005628,S07524,C035,2025-03-15,25,19,Present
A005629,S15527,C017,2025-04-05,10,3,Low Attendance
A005630,S00759,C003,2025-03-01,20,19,Present
A005631,S14857,C044,2025-08-14,10,2,Low Attendance
A005632,S01552,C037,2025-06-27,10,3,Low Attendance
A005633,S09029,C018,2025-06-02,30,8,Low Attendance
A005634,S09740,C031,2025-10-10,15,1,Low Attendance
A005635,S15323,C034,2025-11-22,25,16,Low Attendance
A005636,S13801,C022,2025-02-20,20,9,Low Attendance
A005637,S01841,C013,2025-02-01,25,14,Low Attendance
A005638,S17790,C022,2025-06-18,15,6,Low Attendance
A005639,S11323,C014,2025-10-01,10,10,Present
A005640,S19402,C027,2025-05-09,25,12,Low Attendance
A005641,S03282,C035,2025-03-22,20,7,Low Attendance
A005642,S11600,C047,2025-04-28,30,16,Low Attendance
A005643,S09542,C033,2025-02-28,15,14,Present
A005644,S13302,C026,2025-07-11,10,6,Low Attendance
A005645,S12869,C016,2025-10-13,30,2,Low Attendance
A005646,S04038,C028,2025-08-21,15,11,Low Attendance
A005647,S00744,C015,2025-08-23,15,13,Present
A005648,S03639,C026,2025-02-25,15,11,Low Attendance
A005649,S15329,C033,2025-12-25,30,0,Low Attendance
A005650,S02386,C027,2025-09-23,20,6,Low Attendance
A005651,S04268,C028,2025-02-12,15,10,Low Attendance
A005652,S07589,C046,2025-09-21,20,15,Present
A005653,S06158,C037,2025-04-27,20,3,Low Attendance
A005654,S03625,C043,2025-02-02,15,15,Present
A005655,S13318,C004,2025-08-04,30,15,Low Attendance
A005656,S16147,C017,2025-03-31,30,0,Low Attendance
A005657,S02096,C026,2025-04-02,20,16,Present
A005658,S19333,C024,2025-05-12,10,8,Present
A005659,S16075,C035,2025-12-22,25,15,Low Attendance
A005660,S13788,C038,2025-06-27,20,6,Low Attendance
A005661,S18525,C049,2025-10-06,20,1,Low Attendance
A005662,S19979,C012,2025-07-19,15,2,Low Attendance
A005663,S12212,C041,2025-04-09,15,6,Low Attendance
A005664,S19797,C037,2025-12-06,30,3,Low Attendance
A005665,S04133,C045,2025-05-24,20,20,Present
A005666,S09569,C013,2025-03-26,20,2,Low Attendance
A005667,S11734,C042,2025-06-24,30,25,
A005668,S07012,C020,2025-08-15,30,29,Present
A005669,S19893,C012,2025-06-22,15,8,Low Attendance
A005670,S10301,C005,2025-03-10,10,1,Low Attendance
A005671,S08641,C046,2025-04-27,10,6,Low Attendance
A005672,S01017,C014,2025-12-22,30,25,Present
A005673,S18820,C007,2025-07-20,10,2,Low Attendance
A005674,S11391,C019,2025-01-08,20,12,Low Attendance
A005675,S08841,C008,2025-05-06,10,8,Present
A005676,S06556,C032,2025-04-23,10,9,Present
A005677,S08715,C024,2025-08-21,15,11,Low Attendance
A005678,S18272,C031,2025-08-16,25,13,Low Attendance
A005679,S00110,C001,2025-08-23,25,13,Low Attendance
A005680,S02944,C005,2025-05-01,10,9,Present
A005681,S03069,C041,2025-11-07,20,1,Low Attendance
A005682,S06654,C049,2025-03-22,20,13,Low Attendance
A005683,S05255,C031,2025-04-15,25,8,Low Attendance
A005684,S10876,C025,2025-11-11,15,0,Low Attendance
A005685,S04370,C030,2025-04-18,15,12,Present
A005686,S08331,C008,2025-08-19,15,13,Present
A005687,S10930,C017,2025-02-25,25,3,Low Attendance
A005688,S17163,C010,2025-08-02,15,3,Low Attendance
A005689,S06276,C044,2025-11-18,30,7,Low Attendance
A005690,S13039,C039,2025-07-29,25,4,Low Attendance
A005691,S00655,C020,2025-03-18,30,16,Low Attendance
A005692,S05191,C017,2025-05-18,20,9,Low Attendance
A005693,S08285,C008,2025-07-21,15,12,Present
A005694,S08163,C012,2025-08-08,25,20,Present
A005695,S03820,C044,2025-08-04,10,9,Present
A005696,S11243,C046,2025-06-20,30,16,Low Attendance
A005697,S16989,C027,2025-04-17,10,3,Low Attendance
A005698,S03298,C021,2025-05-17,25,9,Low Attendance
A005699,S19226,C048,2025-07-11,25,16,Low Attendance
A005700,S16197,C021,2025-08-21,15,11,Low Attendance
A005701,S04026,C029,2025-06-02,20,19,Present
A005702,S15937,C017,2025-01-30,20,20,Present
A005703,S17900,C034,2025-11-26,25,14,Low Attendance
A005704,S01135,C036,2025-07-07,10,5,Low Attendance
A005705,S16569,C016,2025-01-26,30,4,Low Attendance
A005706,S08787,C005,2025-09-21,10,6,Low Attendance
A005707,S08441,C012,2025-05-26,15,2,Low Attendance
A005708,S16569,C045,2025-01-26,25,23,Present
A005709,S00795,C043,2025-06-11,20,11,Low Attendance
A005710,S06644,C036,2025-09-21,10,2,Low Attendance
A005711,S10027,C003,2025-06-11,25,16,Low Attendance
A005712,S18513,C040,2025-07-02,30,7,Low Attendance
A005713,S09448,C031,2025-11-23,25,6,Low Attendance
A005714,S14527,C005,2025-02-14,25,23,Present
A005715,S12288,C024,2025-08-25,30,6,Low Attendance
A005716,S16844,C039,2025-02-11,15,12,Present
A005717,S05012,C027,2025-09-16,15,3,Low Attendance
A005718,S08922,C048,2025-07-18,15,3,Low Attendance
A005719,S02558,C028,2025-07-05,20,7,Low Attendance
A005720,S07626,C047,2025-12-02,10,6,Low Attendance
A005721,S17939,C001,2025-11-06,10,8,Present
A005722,S06000,C011,2025-01-06,15,7,Low Attendance
A005723,S02865,C046,2025-10-02,30,11,Low Attendance
A005724,S09538,C003,2025-08-26,10,2,Low Attendance
A005725,S14882,C039,2025-08-22,15,2,Low Attendance
A005726,S09518,C019,2025-08-07,10,3,Low Attendance
A005727,S14769,C037,2025-02-07,15,3,Low Attendance
A005728,S09417,C043,2025-10-19,10,0,Low Attendance
A005729,S17764,C007,2025-09-07,10,2,Low Attendance
A005730,S12136,C025,2025-02-23,10,4,Low Attendance
A005731,S17422,C022,2025-08-07,25,13,Low Attendance
A005732,S17969,C019,2025-07-14,20,9,Low Attendance
A005733,S05451,C012,2025-11-11,15,5,Low Attendance
A005734,S15431,C002,2025-09-29,20,9,Low Attendance
A005735,S15085,C040,2025-02-26,10,8,Present
A005736,S18137,C027,2025-06-19,10,4,Low Attendance
A005737,S15585,C023,2025-02-22,15,15,Present
A005738,S06947,C039,2025-12-09,30,4,Low Attendance
A005739,S03756,C016,2025-09-29,30,16,Low Attendance
A005740,S08313,C038,2025-03-29,10,8,Present
A005741,S18064,C049,2025-08-25,15,2,Low Attendance
A005742,S08564,C020,2025-08-05,25,14,Low Attendance
A005743,S14304,C042,2025-10-03,15,13,Present
A005744,S06260,C025,2025-08-23,30,20,Low Attendance
A005745,S01248,C031,2025-06-04,15,1,Low Attendance
A005746,S05697,C036,2025-12-13,30,26,Present
A005747,S14069,C006,2025-04-15,30,16,Low Attendance
A005748,S17246,C020,2025-08-15,25,3,Low Attendance
A005749,S19188,C037,2025-05-23,30,20,Low Attendance
A005750,S02228,C019,2025-06-01,25,21,Present
A005751,S13630,C046,2025-01-02,25,25,Present
A005752,S06754,C043,2025-02-16,10,4,Low Attendance
A005753,S12457,C018,2025-06-05,25,19,Present
A005754,S14959,C007,2025-12-05,30,27,Present
A005755,S09705,C035,2025-09-30,15,0,Low Attendance
A005756,S18204,C006,2025-03-02,25,10,Low Attendance
A005757,S08699,C022,2025-09-01,25,19,Present
A005758,S17386,C002,2025-06-06,10,2,Low Attendance
A005759,S11381,C004,2025-09-30,30,14,Low Attendance
A005760,S09952,C009,2025-11-04,30,10,Low Attendance
A005761,S15436,C013,2025-09-06,30,4,Low Attendance
A005762,S12209,C005,2025-10-09,20,20,Present
A005763,S13490,C037,2025-05-11,20,12,Low Attendance
A005764,S14002,C017,2025-12-08,10,7,Low Attendance
A005765,S02799,C021,2025-11-30,15,5,Low Attendance
A005766,S09784,C008,2025-12-16,30,10,Low Attendance
A005767,S17617,C029,2025-06-03,10,10,Present
A005768,S17589,C031,2025-01-10,25,1,Low Attendance
A005769,S08240,C047,2025-09-04,10,9,Present
A005770,S03815,C034,2025-05-02,25,5,Low Attendance
A005771,S09034,C001,2025-03-14,20,7,Low Attendance
A005772,S15064,C002,2025-02-14,15,0,Low Attendance
A005773,S08200,C016,2025-01-11,10,3,Low Attendance
A005774,S16669,C031,2025-08-06,10,10,Present
A005775,S11009,C046,2025-06-03,25,25,Present
A005776,S14835,C013,2025-05-31,10,1,Low Attendance
A005777,S17524,C037,2025-09-14,10,5,Low Attendance
A005778,S15289,C012,2025-08-15,15,11,Low Attendance
A005779,S16937,C035,2025-11-26,15,7,Low Attendance
A005780,S03344,C012,2025-04-03,15,8,Low Attendance
A005781,S17862,C045,2025-03-16,10,6,Low Attendance
A005782,S12554,C038,2025-08-06,10,2,Low Attendance
A005783,S18869,C039,2025-12-25,20,8,Low Attendance
A005784,S15541,C025,2025-04-01,30,23,Present
A005785,S19859,C040,2025-12-20,20,15,Present
A005786,S19381,C015,2025-07-04,15,9,Low Attendance
A005787,S07929,C038,2025-02-27,10,8,Present
A005788,S07903,C040,2025-07-23,30,18,Low Attendance
A005789,S18499,C001,2025-03-29,25,10,Low Attendance
A005790,S12614,C012,2025-03-27,10,6,Low Attendance
A005791,S04707,C050,2025-09-14,10,10,Present
A005792,S18457,C003,2025-11-30,20,1,Low Attendance
A005793,S04627,C007,2025-02-25,20,16,Present
A005794,S05159,C032,2025-07-01,30,7,Low Attendance
A005795,S14083,C043,2025-07-04,10,1,Low Attendance
A005796,S08826,C049,2025-12-16,30,11,Low Attendance
A005797,S18580,C020,2025-09-05,30,3,Low Attendance
A005798,S11775,C016,2025-01-02,30,0,Low Attendance
A005799,S06071,C039,2025-09-27,25,24,Present
A005800,S10698,C040,2025-02-01,20,5,Low Attendance
A005801,S10674,C021,2025-03-03,15,10,Low Attendance
A005802,S03379,C010,2025-03-19,30,29,Present
A005803,S13090,C020,2025-12-17,30,18,Low Attendance
A005804,S12057,C037,2025-06-17,15,2,Low Attendance
A005805,S17832,C037,2025-05-17,25,9,Low Attendance
A005806,S08007,C039,2025-11-02,10,8,Present
A005807,S08029,C030,2025-05-30,20,13,Low Attendance
A005808,S15037,C029,2025-03-01,25,2,Low Attendance
A005809,S01067,C001,2025-02-05,25,13,Low Attendance
A005810,S01909,C010,2025-06-23,15,13,Present
A005811,S02824,C042,2025-07-23,20,6,Low Attendance
A005812,S12852,C039,2025-03-31,20,13,Low Attendance
A005813,S13125,C049,2025-11-16,20,6,Low Attendance
A005814,S12323,C024,2025-05-24,30,17,Low Attendance
A005815,S04750,C036,2025-10-07,15,0,Low Attendance
A005816,S16443,C025,2025-09-25,10,0,Low Attendance
A005817,S17518,C040,2025-02-05,30,20,Low Attendance
A005818,S14343,C001,2025-06-13,30,19,Low Attendance
A005819,S17683,C023,2025-08-09,30,14,Low Attendance
A005820,S05225,C003,2025-08-31,20,4,Low Attendance
A005821,S13517,C043,2025-11-04,30,15,Low Attendance
A005822,S15175,C023,2025-08-30,10,9,Present
A005823,S19065,C021,2025-10-21,15,7,Low Attendance
A005824,S15890,C012,2025-11-20,25,7,Low Attendance
A005825,S00286,C022,2025-05-13,30,29,Present
A005826,S15984,C041,2025-11-07,10,7,Low Attendance
A005827,S14920,C039,2025-01-19,20,19,Present
A005828,S06639,C025,2025-05-13,25,11,Low Attendance
A005829,S13760,C043,2025-12-18,30,20,Low Attendance
A005830,S08125,C048,2025-11-16,15,7,Low Attendance
A005831,S19182,C001,2025-08-01,10,4,Low Attendance
A005832,S07618,C010,2025-10-16,25,25,Present
A005833,S01861,C043,2025-11-22,20,17,Present
A005834,S15019,C028,2025-04-13,15,1,Low Attendance
A005835,S13510,C033,2025-10-21,25,22,Present
A005836,S11663,C001,2025-01-06,15,2,Low Attendance
A005837,S14088,C045,2025-08-28,30,21,Low Attendance
A005838,S03058,C020,2025-01-14,30,30,Present
A005839,S10941,C020,2025-10-30,30,11,Low Attendance
A005840,S07175,C007,2025-09-23,15,9,Low Attendance
A005841,S04322,C019,2025-10-12,10,8,Present
A005842,S11718,C018,2025-01-20,20,20,Present
A005843,S12000,C016,2025-08-14,20,6,Low Attendance
A005844,S13653,C036,2025-01-29,20,10,Low Attendance
A005845,S12127,C040,2025-07-04,25,14,Low Attendance
A005846,S19008,C012,2025-12-29,25,23,Present
A005847,S06307,C030,2025-10-22,25,5,Low Attendance
A005848,S14943,C001,2025-07-12,20,13,Low Attendance
A005849,S05625,C035,2025-11-23,30,25,Present
A005850,S03404,C026,2025-04-29,15,9,Low Attendance
A005851,S08211,C047,2025-01-04,30,30,Present
A005852,S18342,C012,2025-04-29,20,13,Low Attendance
A005853,S06796,C040,2025-12-23,15,2,Low Attendance
A005854,S17223,C019,2025-08-27,15,8,Low Attendance
A005855,S19018,C033,2025-12-19,20,18,Present
A005856,S07528,C036,2025-06-11,25,1,Low Attendance
A005857,S03532,C002,2025-05-24,20,9,Low Attendance
A005858,S07917,C030,2025-07-12,20,11,Low Attendance
A005859,S11646,C029,2025-03-14,10,0,Low Attendance
A005860,S04201,C012,2025-01-01,15,11,Low Attendance
A005861,S05883,C048,2025-09-20,25,16,Low Attendance
A005862,S11653,C020,2025-05-04,10,7,Low Attendance
A005863,S04768,C022,2025-10-03,15,14,Present
A005864,S11175,C024,2025-09-22,30,11,Low Attendance
A005865,S13217,C048,2025-01-24,10,4,Low Attendance
A005866,S19353,C004,2025-03-21,30,21,Low Attendance
A005867,S15512,C048,2025-06-15,25,24,Present
A005868,S07941,C028,2025-03-18,20,5,Low Attendance
A005869,S08179,C008,2025-03-28,30,25,Present
A005870,S12963,C046,2025-04-19,25,13,Low Attendance
A005871,S02487,C023,2025-02-09,25,5,Low Attendance
A005872,S00011,C023,2025-08-14,15,7,Low Attendance
A005873,S18152,C034,2025-05-03,20,9,Low Attendance
A005874,S11864,C039,2025-05-09,10,8,Present
A005875,S17420,C043,2025-11-27,25,7,Low Attendance
A005876,S12669,C006,2025-01-24,10,2,Low Attendance
A005877,S00863,C024,2025-07-17,20,20,Present
A005878,S02765,C014,2025-01-24,30,11,Low Attendance
A005879,S01725,C020,2025-07-16,15,15,Present
A005880,S05101,C025,2025-04-15,25,10,Low Attendance
A005881,S09459,C002,2025-07-09,30,29,Present
A005882,S04094,C029,2025-11-28,10,8,Present
A005883,S10663,C049,2025-08-02,10,4,Low Attendance
A005884,S03514,C037,2025-08-14,30,14,Low Attendance
A005885,S15568,C047,2025-06-22,30,21,Low Attendance
A005886,S10307,C040,2025-08-21,15,9,Low Attendance
A005887,S04052,C004,2025-04-29,20,1,Low Attendance
A005888,S17288,C008,2025-01-12,15,9,Low Attendance
A005889,S04722,C005,2025-03-03,10,3,Low Attendance
A005890,S01903,C026,2025-04-22,25,16,Low Attendance
A005891,S14325,C007,2025-03-12,15,0,Low Attendance
A005892,S09724,C018,2025-04-20,30,6,Low Attendance
A005893,S03778,C041,2025-10-24,20,10,Low Attendance
A005894,S13252,C036,2025-07-01,10,8,Present
A005895,S02302,C049,2025-01-03,10,10,Present
A005896,S07750,C002,2025-06-09,25,5,Low Attendance
A005897,S11227,C029,2025-01-31,20,15,Present
A005898,S10900,C024,2025-05-25,30,19,Low Attendance
A005899,S09829,C026,2025-08-13,20,13,Low Attendance
A005900,S10016,C042,2025-05-31,20,1,Low Attendance
A005901,S06843,C011,2025-12-05,20,19,Present
A005902,S13197,C017,2025-07-04,15,0,Low Attendance
A005903,S12365,C045,2025-05-15,30,1,Low Attendance
A005904,S19453,C038,2025-11-22,25,24,Present
A005905,S05763,C021,2025-09-28,30,3,Low Attendance
A005906,S16072,C031,2025-07-09,10,1,Low Attendance
A005907,S07830,C009,2025-11-12,25,5,Low Attendance
A005908,S01729,C013,2025-11-26,25,12,Low Attendance
A005909,S08130,C004,2025-11-16,25,11,Low Attendance
A005910,S11549,C045,2025-04-25,30,10,Low Attendance
A005911,S04582,C013,2025-03-01,10,0,Low Attendance
A005912,S12307,C034,2025-05-18,20,20,Present
A005913,S05500,C044,2025-05-27,15,8,Low Attendance
A005914,S11902,C003,2025-11-17,30,22,Low Attendance
A005915,S01156,C033,2025-01-12,15,7,Low Attendance
A005916,S11704,C042,2025-03-16,25,10,Low Attendance
A005917,S18556,C022,2025-06-18,25,20,Present
A005918,S15977,C030,2025-01-28,30,21,Low Attendance
A005919,S06142,C003,2025-01-10,15,14,Present
A005920,S08197,C046,2025-09-27,20,20,Present
A005921,S19508,C035,2025-05-23,15,14,Present
A005922,S12780,C013,2025-06-04,15,1,Low Attendance
A005923,S13661,C025,2025-06-30,20,15,Present
A005924,S12172,C050,2025-02-19,20,15,Present
A005925,S16028,C033,2025-09-16,15,10,Low Attendance
A005926,S15848,C019,2025-09-06,15,2,Low Attendance
A005927,S07642,C026,2025-04-17,10,1,Low Attendance
A005928,S03599,C028,2025-10-10,25,20,Present
A005929,S14418,C035,2025-04-29,25,1,Low Attendance
A005930,S01485,C046,2025-06-17,25,11,Low Attendance
A005931,S11618,C014,2025-05-28,10,5,Low Attendance
A005932,S19584,C032,2025-06-02,25,24,Present
A005933,S08838,C003,2025-09-11,30,2,Low Attendance
A005934,S02915,C030,2025-12-19,30,25,Present
A005935,S09382,C046,2025-02-18,30,6,Low Attendance
A005936,S01797,C035,2025-11-15,10,0,Low Attendance
A005937,S10288,C045,2025-09-04,10,7,Low Attendance
A005938,S09966,C031,2025-01-13,30,9,Low Attendance
A005939,S09316,C024,2025-08-14,15,5,Low Attendance
A005940,S08444,C027,2025-07-25,20,14,Low Attendance
A005941,S00468,C001,2025-08-12,10,10,Present
A005942,S17078,C027,2025-06-08,20,12,Low Attendance
A005943,S08529,C017,2025-10-24,20,17,Present
A005944,S00323,C001,2025-11-20,25,6,Low Attendance
A005945,S11250,C029,2025-04-15,10,8,Present
A005946,S03622,C005,2025-08-26,10,9,Present
A005947,S18328,C009,2025-07-19,10,9,Present
A005948,S17554,C028,2025-11-15,15,13,Present
A005949,S16046,C004,2025-12-24,30,30,Present
A005950,S08177,C015,2025-02-08,10,10,Present
A005951,S15417,C021,2025-05-29,25,20,Present
A005952,S15164,C028,2025-08-05,30,29,Present
A005953,S15081,C036,2025-04-03,20,11,Low Attendance
A005954,S00267,C011,2025-08-04,30,29,Present
A005955,S10724,C039,2025-11-27,30,5,Low Attendance
A005956,S07660,C019,2025-09-20,25,8,Low Attendance
A005957,S13903,C042,2025-09-23,10,0,Low Attendance
A005958,S01661,C011,2025-04-24,25,15,Low Attendance
A005959,S10236,C002,2025-02-01,15,14,Present
A005960,S09386,C047,2025-10-09,10,2,Low Attendance
A005961,S06872,C004,2025-12-17,25,22,Present
A005962,S11002,C045,2025-06-10,10,7,Low Attendance
A005963,S04711,C007,2025-04-19,20,12,Low Attendance
A005964,S10297,C009,2025-07-28,10,10,Present
A005965,S12255,C022,2025-03-14,10,9,Present
A005966,S19445,C025,2025-06-11,25,25,Present
A005967,S13409,C048,2025-03-29,10,9,Present
A005968,S09499,C039,2025-07-18,30,12,Low Attendance
A005969,S18974,C027,2025-11-02,10,1,Low Attendance
A005970,S17821,C029,2025-09-15,20,4,Low Attendance
A005971,S17031,C015,2025-06-15,20,4,Low Attendance
A005972,S02591,C006,2025-05-31,20,15,Present
A005973,S17507,C035,2025-07-10,10,0,Low Attendance
A005974,S15251,C001,2025-10-14,15,6,Low Attendance
A005975,S10403,C043,2025-06-04,10,9,Present
A005976,S16961,C049,2025-11-23,15,0,Low Attendance
A005977,S15711,C022,2025-02-18,30,25,Present
A005978,S11239,C038,2025-06-24,30,16,Low Attendance
A005979,S06227,C015,2025-06-28,10,4,Low Attendance
A005980,S05080,C022,2025-03-23,10,8,Present
A005981,S02266,C014,2025-10-04,25,20,Present
A005982,S19571,C011,2025-09-30,30,20,Low Attendance
A005983,S05580,C003,2025-08-26,20,13,Low Attendance
A005984,S06439,C033,2025-08-19,30,2,Low Attendance
A005985,S18549,C015,2025-12-01,20,7,Low Attendance
A005986,S10031,C039,2025-02-06,20,3,Low Attendance
A005987,S10743,C019,2025-08-05,30,25,Present
A005988,S13164,C025,2025-11-26,20,19,Present
A005989,S19280,C001,2025-07-13,15,3,Low Attendance
A005990,S05324,C050,2025-12-29,10,1,Low Attendance
A005991,S11413,C011,2025-11-02,25,7,Low Attendance
A005992,S19499,C028,2025-10-15,30,12,Low Attendance
A005993,S03830,C010,2025-11-23,25,0,Low Attendance
A005994,S08367,C009,2025-04-22,30,2,Low Attendance
A005995,S15655,C034,2025-05-02,30,22,Low Attendance
A005996,S01504,C039,2025-02-13,10,3,Low Attendance
A005997,S11735,C033,2025-01-11,10,9,Present
A005998,S13732,C036,2025-04-14,20,2,Low Attendance
A005999,S01771,C046,2025-11-03,10,8,Present
A006000,S05306,C012,2025-05-08,30,28,Present
A006001,S14348,C006,2025-08-02,20,14,Low Attendance
A006002,S16450,C046,2025-11-08,25,10,Low Attendance
A006003,S15510,C001,2025-03-06,30,1,Low Attendance
A006004,S03569,C021,2025-09-17,10,5,Low Attendance
A006005,S10961,C018,2025-06-13,30,0,Low Attendance
A006006,S07215,C005,2025-11-06,25,9,Low Attendance
A006007,S08154,C021,2025-02-08,30,3,Low Attendance
A006008,S14604,C005,2025-03-11,15,15,Present
A006009,S18708,C027,2025-02-08,20,2,Low Attendance
A006010,S02534,C016,2025-01-28,10,1,Low Attendance
A006011,S05504,C024,2025-01-05,15,9,Low Attendance
A006012,S13790,C050,2025-11-24,10,7,Low Attendance
A006013,S01202,C037,2025-05-17,30,28,Present
A006014,S09445,C011,2025-08-11,30,14,Low Attendance
A006015,S16537,C031,2025-05-12,30,8,Low Attendance
A006016,S01923,C047,2025-03-02,20,0,Low Attendance
A006017,S19193,C043,2025-03-17,10,9,Present
A006018,S13060,C034,2025-12-02,25,10,Low Attendance
A006019,S17930,C050,2025-10-10,20,5,Low Attendance
A006020,S19732,C041,2025-07-02,20,14,Low Attendance
A006021,S01224,C045,2025-05-30,15,12,Present
A006022,S12090,C010,2025-06-07,25,18,Low Attendance
A006023,S15481,C002,2025-03-16,30,1,Low Attendance
A006024,S12371,C017,2025-03-21,10,5,Low Attendance
A006025,S05379,C045,2025-05-08,30,15,Low Attendance
A006026,S14325,C036,2025-04-23,30,23,Present
A006027,S13412,C043,2025-11-06,20,14,Low Attendance
A006028,S17953,C044,2025-11-11,20,12,Low Attendance
A006029,S16895,C011,2025-03-30,10,5,Low Attendance
A006030,S17835,C005,2025-01-20,20,19,Present
A006031,S05047,C018,2025-05-08,15,13,Present
A006032,S04619,C015,2025-06-22,20,5,Low Attendance
A006033,S09492,C033,2025-03-08,25,10,Low Attendance
A006034,S11874,C028,2025-05-30,25,8,Low Attendance
A006035,S04653,C014,2025-11-24,10,4,Low Attendance
A006036,S08196,C017,2025-01-02,30,4,Low Attendance
A006037,S18254,C046,2025-09-29,10,1,Low Attendance
A006038,S07596,C045,2025-04-28,10,2,Low Attendance
A006039,S06154,C021,2025-10-03,25,17,Low Attendance
A006040,S08178,C016,2025-11-18,15,5,Low Attendance
A006041,S06157,C028,2025-06-01,30,27,Present
A006042,S06500,C044,2025-06-10,20,17,Present
A006043,S13527,C039,2025-01-15,30,12,Low Attendance
A006044,S19908,C027,2025-04-21,20,14,Low Attendance
A006045,S08691,C009,2025-05-05,10,4,Low Attendance
A006046,S01543,C044,2025-08-21,25,13,Low Attendance
A006047,S07119,C026,2025-04-26,10,2,Low Attendance
A006048,S12253,C009,2025-06-27,20,5,Low Attendance
A006049,S10392,C008,2025-02-11,25,24,Present
A006050,S09436,C021,2025-09-20,20,19,Present
A006051,S08672,C041,2025-02-05,25,22,Present
A006052,S17126,C039,2025-09-05,10,8,Present
A006053,S06922,C008,2025-05-25,15,9,Low Attendance
A006054,S00035,C011,2025-05-04,30,25,Present
A006055,S02985,C020,2025-06-18,30,20,Low Attendance
A006056,S16695,C040,2025-05-22,10,3,Low Attendance
A006057,S15502,C027,2025-07-30,25,6,Low Attendance
A006058,S12482,C045,2025-10-02,10,2,Low Attendance
A006059,S02701,C048,2025-10-24,25,16,Low Attendance
A006060,S17650,C010,2025-08-02,20,14,Low Attendance
A006061,S03216,C043,2025-10-13,10,10,Present
A006062,S05791,C012,2025-12-09,15,14,Present
A006063,S03714,C034,2025-04-09,10,0,Low Attendance
A006064,S00873,C020,2025-01-08,20,8,Low Attendance
A006065,S06255,C023,2025-09-14,15,3,Low Attendance
A006066,S04986,C047,2025-10-07,30,2,Low Attendance
A006067,S08817,C021,2025-01-21,20,4,Low Attendance
A006068,S05766,C015,2025-10-11,20,6,Low Attendance
A006069,S19010,C038,2025-08-29,25,3,Low Attendance
A006070,S10889,C021,2025-10-18,25,20,Present
A006071,S16554,C018,2025-06-26,10,9,Present
A006072,S14221,C045,2025-12-29,10,8,Present
A006073,S14798,C043,2025-12-30,10,6,Low Attendance
A006074,S08530,C017,2025-11-15,20,1,Low Attendance
A006075,S01431,C031,2025-07-12,20,2,Low Attendance
A006076,S01535,C032,2025-12-29,20,6,Low Attendance
A006077,S01040,C008,2025-10-26,20,17,Present
A006078,S16511,C009,2025-09-09,15,10,Low Attendance
A006079,S10206,C009,2025-12-08,15,6,Low Attendance
A006080,S15579,C011,2025-09-11,30,22,Low Attendance
A006081,S04990,C040,2025-06-04,20,10,Low Attendance
A006082,S10757,C013,2025-06-22,10,4,Low Attendance
A006083,S00787,C034,2025-08-04,10,8,Present
A006084,S15343,C028,2025-10-08,30,21,Low Attendance
A006085,S04640,C031,2025-12-08,25,13,Low Attendance
A006086,S18438,C049,2025-08-19,10,9,Present
A006087,S06330,C001,2025-09-24,15,8,Low Attendance
A006088,S16698,C013,2025-08-29,10,3,Low Attendance
A006089,S01863,C040,2025-12-08,25,11,Low Attendance
A006090,S00828,C008,2025-09-09,10,7,Low Attendance
A006091,S05438,C003,2025-03-14,25,11,Low Attendance
A006092,S16291,C028,2025-02-09,25,21,Present
A006093,S06013,C044,2025-11-22,10,10,Present
A006094,S03316,C010,2025-06-26,20,7,Low Attendance
A006095,S14496,C049,2025-02-19,30,1,Low Attendance
A006096,S15409,C019,2025-04-05,10,10,Present
A006097,S04916,C047,2025-07-16,30,30,Present
A006098,S07533,C028,2025-04-04,10,8,Present
A006099,S10869,C012,2025-01-27,20,19,Present
A006100,S01636,C029,2025-05-06,10,4,Low Attendance
A006101,S11242,C032,2025-07-24,10,5,Low Attendance
A006102,S18763,C039,2025-02-03,20,10,Low Attendance
A006103,S19099,C003,2025-12-20,10,0,Low Attendance
A006104,S09031,C001,2025-03-16,15,5,Low Attendance
A006105,S06475,C047,2025-06-20,20,3,Low Attendance
A006106,S16198,C013,2025-06-04,10,0,Low Attendance
A006107,S14072,C039,2025-07-26,20,12,Low Attendance
A006108,S13686,C036,2025-10-15,30,25,Present
A006109,S15588,C036,2025-06-17,25,9,Low Attendance
A006110,S08982,C043,2025-06-06,15,12,Present
A006111,S13285,C039,2025-12-30,15,9,Low Attendance
A006112,S19802,C044,2025-06-24,10,3,Low Attendance
A006113,S05651,C001,2025-05-23,25,2,Low Attendance
A006114,S05357,C017,2025-10-06,20,1,Low Attendance
A006115,S04288,C043,2025-06-10,30,29,Present
A006116,S00812,C040,2025-03-17,15,12,Present
A006117,S10761,C028,2025-06-04,30,14,Low Attendance
A006118,S01250,C019,2025-04-02,15,0,Low Attendance
A006119,S06918,C040,2025-02-12,25,11,Low Attendance
A006120,S10657,C031,2025-01-12,20,14,Low Attendance
A006121,S04384,C004,2025-05-28,25,17,Low Attendance
A006122,S01317,C031,2025-11-19,15,9,Low Attendance
A006123,S07422,C018,2025-09-24,20,5,Low Attendance
A006124,S01624,C008,2025-09-25,10,4,Low Attendance
A006125,S03615,C020,2025-12-05,30,11,Low Attendance
A006126,S02090,C045,2025-12-01,15,4,Low Attendance
A006127,S08791,C031,2025-12-26,30,10,Low Attendance
A006128,S13547,C041,2025-06-23,10,4,Low Attendance
A006129,S10952,C020,2025-11-03,20,1,Low Attendance
A006130,S03954,C050,2025-04-15,25,15,Low Attendance
A006131,S19007,C009,2025-03-28,10,10,Present
A006132,S11549,C004,2025-04-13,15,13,Present
A006133,S02949,C027,2025-03-31,20,3,Low Attendance
A006134,S19811,C012,2025-01-06,25,20,Present
A006135,S01055,C020,2025-11-14,30,7,Low Attendance
A006136,S13062,C044,2025-03-20,25,11,Low Attendance
A006137,S11772,C026,2025-04-01,30,22,Low Attendance
A006138,S10684,C018,2025-10-15,20,20,Present
A006139,S07334,C045,2025-06-20,20,6,Low Attendance
A006140,S05593,C032,2025-05-31,25,21,Present
A006141,S10555,C039,2025-03-28,10,0,Low Attendance
A006142,S02124,C016,2025-08-21,20,14,Low Attendance
A006143,S13278,C045,2025-06-06,15,11,Low Attendance
A006144,S15299,C013,2025-07-05,10,4,Low Attendance
A006145,S19440,C046,2025-04-07,30,13,Low Attendance
A006146,S01095,C002,2025-03-01,30,26,Present
A006147,S19476,C008,2025-06-02,30,5,Low Attendance
A006148,S12286,C021,2025-02-23,25,19,Present
A006149,S03876,C048,2025-04-16,30,15,Low Attendance
A006150,S08263,C003,2025-08-08,25,24,Present
A006151,S09987,C019,2025-06-21,30,9,Low Attendance
A006152,S05211,C015,2025-06-11,15,8,Low Attendance
A006153,S00779,C013,2025-01-21,15,14,Present
A006154,S11035,C034,2025-07-10,25,23,Present
A006155,S07137,C032,2025-11-12,30,15,Low Attendance
A006156,S14458,C037,2025-05-04,25,8,Low Attendance
A006157,S16337,C017,2025-09-19,10,9,Present
A006158,S08639,C001,2025-02-21,30,0,Low Attendance
A006159,S03517,C043,2025-08-10,15,1,Low Attendance
A006160,S00282,C040,2025-01-05,15,12,Present
A006161,S05276,C006,2025-02-25,25,10,Low Attendance
A006162,S08465,C032,2025-08-14,25,3,Low Attendance
A006163,S13177,C047,2025-03-05,30,8,Low Attendance
A006164,S02889,C020,2025-01-26,25,2,Low Attendance
A006165,S09657,C045,2025-10-27,15,2,Low Attendance
A006166,S16426,C032,2025-05-18,10,10,Present
A006167,S14846,C034,2025-08-25,15,7,Low Attendance
A006168,S11221,C047,2025-09-02,30,9,Low Attendance
A006169,S19065,C047,2025-01-18,20,3,Low Attendance
A006170,S04650,C031,2025-09-26,25,23,Present
A006171,S00284,C003,2025-01-03,20,8,Low Attendance
A006172,S19226,C033,2025-08-04,20,18,Present
A006173,S09577,C038,2025-06-26,25,23,Present
A006174,S08149,C027,2025-10-08,25,4,Low Attendance
A006175,S11278,C010,2025-08-01,10,2,Low Attendance
A006176,S18274,C009,2025-07-09,15,2,Low Attendance
A006177,S09658,C046,2025-12-20,30,21,Low Attendance
A006178,S10627,C007,2025-04-04,20,15,Present
A006179,S06109,C013,2025-07-10,30,8,Low Attendance
A006180,S17575,C021,2025-01-06,30,29,Present
A006181,S09220,C016,2025-07-02,10,5,Low Attendance
A006182,S06366,C016,2025-12-27,30,28,Present
A006183,S03605,C042,2025-09-26,20,10,Low Attendance
A006184,S10580,C037,2025-02-11,30,25,Present
A006185,S14264,C006,2025-03-10,25,11,Low Attendance
A006186,S12098,C043,2025-11-28,25,16,Low Attendance
A006187,S07759,C047,2025-06-08,10,1,Low Attendance
A006188,S13748,C012,2025-06-17,30,5,Low Attendance
A006189,S18591,C044,2025-08-06,25,1,Low Attendance
A006190,S11016,C043,2025-01-09,25,15,Low Attendance
A006191,S08619,C016,2025-04-03,10,0,Low Attendance
A006192,S07323,C041,2025-09-14,10,2,Low Attendance
A006193,S07695,C042,2025-01-22,25,8,Low Attendance
A006194,S06909,C001,2025-12-18,25,20,Present
A006195,S06615,C003,2025-05-11,30,8,Low Attendance
A006196,S09316,C036,2025-10-19,25,0,Low Attendance
A006197,S01910,C008,2025-03-18,30,2,Low Attendance
A006198,S15937,C031,2025-06-29,15,6,Low Attendance
A006199,S13553,C030,2025-11-21,15,0,Low Attendance
A006200,S09757,C044,2025-08-10,15,6,Low Attendance
A006201,S05226,C026,2025-12-03,20,4,Low Attendance
A006202,S14037,C036,2025-11-20,30,26,Present
A006203,S04730,C027,2025-04-21,15,14,Present
A006204,S15930,C048,2025-12-28,10,6,Low Attendance
A006205,S04659,C004,2025-02-24,30,25,Present
A006206,S11997,C043,2025-08-24,20,20,Present
A006207,S00132,C022,2025-06-30,30,24,Present
A006208,S18299,C028,2025-07-31,25,17,Low Attendance
A006209,S07753,C020,2025-11-23,30,10,Low Attendance
A006210,S06791,C021,2025-06-30,30,22,Low Attendance
A006211,S18678,C004,2025-07-29,20,6,Low Attendance
A006212,S17892,C048,2025-11-18,15,2,Low Attendance
A006213,S00567,C037,2025-01-31,30,26,Present
A006214,S14140,C015,2025-10-10,20,14,Low Attendance
A006215,S08702,C011,2025-01-08,20,18,Present
A006216,S07991,C026,2025-09-28,10,1,Low Attendance
A006217,S18358,C027,2025-08-05,25,22,Present
A006218,S13074,C015,2025-04-10,25,18,Low Attendance
A006219,S16819,C050,2025-06-01,25,6,Low Attendance
A006220,S03280,C047,2025-04-14,15,5,Low Attendance
A006221,S19024,C050,2025-01-16,15,14,Present
A006222,S13195,C028,2025-12-25,30,24,Present
A006223,S12945,C049,2025-08-07,20,8,Low Attendance
A006224,S02894,C017,2025-09-24,15,3,Low Attendance
A006225,S01283,C022,2025-06-17,15,6,Low Attendance
A006226,S14102,C032,2025-04-21,15,6,Low Attendance
A006227,S07419,C028,2025-06-03,10,5,Low Attendance
A006228,S01346,C042,2025-01-17,25,18,Low Attendance
A006229,S16701,C021,2025-07-26,30,11,Low Attendance
A006230,S16438,C037,2025-03-18,15,6,Low Attendance
A006231,S04467,C045,2025-11-30,15,6,Low Attendance
A006232,S15022,C022,2025-05-18,30,12,Low Attendance
A006233,S15013,C024,2025-03-21,30,20,Low Attendance
A006234,S00362,C001,2025-01-28,25,4,Low Attendance
A006235,S19791,C035,2025-04-22,10,3,Low Attendance
A006236,S00277,C032,2025-04-23,30,13,Low Attendance
A006237,S15476,C030,2025-10-17,10,3,Low Attendance
A006238,S07288,C038,2025-06-21,20,15,Present
A006239,S00260,C036,2025-11-14,15,4,Low Attendance
A006240,S16771,C041,2025-07-19,15,15,Present
A006241,S01233,C050,2025-11-19,15,12,Present
A006242,S13534,C028,2025-11-21,15,12,Present
A006243,S03783,C026,2025-08-04,25,4,Low Attendance
A006244,S18934,C047,2025-07-31,30,24,Present
A006245,S08563,C023,2025-08-24,10,9,Present
A006246,S07695,C024,2025-09-19,20,19,Present
A006247,S07964,C011,2025-09-25,15,9,Low Attendance
A006248,S11105,C006,2025-10-18,25,12,Low Attendance
A006249,S03130,C004,2025-10-13,25,18,Low Attendance
A006250,S09681,C038,2025-10-11,25,25,Present
A006251,S00539,C017,2025-10-22,25,25,Present
A006252,S12640,C033,2025-09-17,10,3,Low Attendance
A006253,S15863,C027,2025-05-24,10,8,Present
A006254,S13420,C040,2025-10-30,25,5,Low Attendance
A006255,S14217,C040,2025-06-08,25,9,Low Attendance
A006256,S11623,C041,2025-03-18,25,6,Low Attendance
A006257,S13598,C005,2025-08-28,10,10,Present
A006258,S19732,C046,2025-06-15,20,15,Present
A006259,S02500,C012,2025-03-08,20,15,Present
A006260,S06176,C015,2025-09-18,30,2,Low Attendance
A006261,S15689,C032,2025-06-25,20,8,Low Attendance
A006262,S14038,C009,2025-09-17,10,0,Low Attendance
A006263,S19172,C014,2025-02-09,30,12,Low Attendance
A006264,S06950,C022,2025-10-13,15,6,Low Attendance
A006265,S00408,C025,2025-09-11,15,14,Present
A006266,S08111,C006,2025-07-05,15,9,Low Attendance
A006267,S08408,C012,2025-02-02,30,15,Low Attendance
A006268,S05073,C024,2025-10-15,15,9,Low Attendance
A006269,S14593,C031,2025-04-22,20,3,Low Attendance
A006270,S06000,C004,2025-05-04,20,19,Present
A006271,S08384,C028,2025-05-17,25,20,Present
A006272,S02368,C032,2025-12-20,15,4,Low Attendance
A006273,S18664,C009,2025-03-14,25,8,Low Attendance
A006274,S05629,C020,2025-05-01,30,18,Low Attendance
A006275,S00884,C023,2025-03-26,10,3,Low Attendance
A006276,S13348,C015,2025-05-30,20,15,Present
A006277,S15910,C039,2025-01-16,15,11,Low Attendance
A006278,S02367,C034,2025-02-03,15,6,Low Attendance
A006279,S13170,C023,2025-04-21,25,21,Present
A006280,S14890,C049,2025-10-26,30,26,Present
A006281,S16112,C041,2025-06-01,30,15,Low Attendance
A006282,S13610,C040,2025-11-09,30,6,Low Attendance
A006283,S02605,C041,2025-02-23,25,2,Low Attendance
A006284,S06154,C021,2025-05-08,30,5,Low Attendance
A006285,S10418,C035,2025-08-20,30,11,Low Attendance
A006286,S10691,C036,2025-05-05,30,12,Low Attendance
A006287,S19760,C019,2025-11-17,25,11,Low Attendance
A006288,S03334,C013,2025-04-24,15,10,Low Attendance
A006289,S08917,C006,2025-02-07,25,24,Present
A006290,S08836,C004,2025-09-23,15,12,Present
A006291,S19470,C022,2025-12-19,10,3,Low Attendance
A006292,S17170,C029,2025-09-23,30,19,Low Attendance
A006293,S18426,C003,2025-07-24,20,13,Low Attendance
A006294,S17112,C024,2025-11-24,10,5,Low Attendance
A006295,S14828,C048,2025-08-10,10,1,Low Attendance
A006296,S09569,C003,2025-01-09,25,23,Present
A006297,S08481,C009,2025-09-13,10,8,Present
A006298,S18161,C014,2025-01-30,10,1,Low Attendance
A006299,S13197,C037,2025-10-21,30,17,Low Attendance
A006300,S19616,C042,2025-10-25,20,8,Low Attendance
A006301,S06500,C008,2025-10-19,25,7,Low Attendance
A006302,S03228,C018,2025-05-15,30,18,Low Attendance
A006303,S12858,C006,2025-05-19,25,7,Low Attendance
A006304,S02228,C040,2025-04-02,10,6,Low Attendance
A006305,S10848,C034,2025-12-24,15,11,Low Attendance
A006306,S11110,C050,2025-06-09,30,8,Low Attendance
A006307,S04145,C044,2025-02-21,20,19,Present
A006308,S05627,C040,2025-05-30,30,5,Low Attendance
A006309,S14539,C030,2025-03-13,10,4,Low Attendance
A006310,S08832,C022,2025-12-19,20,12,Low Attendance
A006311,S19517,C046,2025-10-17,15,3,Low Attendance
A006312,S10635,C046,2025-11-28,25,6,Low Attendance
A006313,S00675,C035,2025-02-13,25,10,Low Attendance
A006314,S10160,C036,2025-08-21,10,6,Low Attendance
A006315,S06936,C011,2025-03-19,20,13,Low Attendance
A006316,S00324,C043,2025-12-05,25,13,Low Attendance
A006317,S18963,C022,2025-05-23,25,12,Low Attendance
A006318,S19674,C011,2025-03-05,10,3,Low Attendance
A006319,S17937,C005,2025-12-09,20,15,Present
A006320,S07087,C022,2025-05-08,25,5,Low Attendance
A006321,S11865,C017,2025-09-12,20,6,Low Attendance
A006322,S08615,C028,2025-03-16,30,11,Low Attendance
A006323,S10411,C033,2025-05-22,10,10,Present
A006324,S13904,C016,2025-06-29,10,8,Present
A006325,S02495,C034,2025-04-05,25,1,Low Attendance
A006326,S07219,C038,2025-01-13,30,5,Low Attendance
A006327,S07862,C032,2025-05-02,10,2,Low Attendance
A006328,S13843,C001,2025-11-09,20,6,Low Attendance
A006329,S17925,C040,2025-12-28,30,12,Low Attendance
A006330,S15197,C018,2025-08-29,30,14,Low Attendance
A006331,S18497,C015,2025-10-15,10,10,Present
A006332,S01629,C023,2025-07-22,15,12,Present
A006333,S04507,C038,2025-01-18,25,15,Low Attendance
A006334,S10810,C042,2025-12-11,10,10,Present
A006335,S09012,C044,2025-04-19,30,25,Present
A006336,S11068,C002,2025-09-01,15,4,Low Attendance
A006337,S16073,C024,2025-04-04,30,22,Low Attendance
A006338,S13591,C022,2025-06-06,15,9,Low Attendance
A006339,S00387,C049,2025-07-11,10,10,Present
A006340,S02055,C041,2025-07-01,10,3,Low Attendance
A006341,S16924,C013,2025-07-30,30,27,Present
A006342,S17918,C038,2025-07-12,30,8,Low Attendance
A006343,S09794,C049,2025-11-05,10,4,Low Attendance
A006344,S06934,C021,2025-02-01,15,3,Low Attendance
A006345,S13870,C047,2025-04-09,15,11,Low Attendance
A006346,S05262,C044,2025-06-04,15,11,Low Attendance
A006347,S07689,C049,2025-07-01,30,13,Low Attendance
A006348,S00833,C020,2025-09-04,15,6,Low Attendance
A006349,S12528,C022,2025-10-23,15,14,Present
A006350,S14460,C034,2025-09-13,25,8,Low Attendance
A006351,S04243,C003,2025-05-19,20,14,Low Attendance
A006352,S08794,C011,2025-03-01,20,19,Present
A006353,S06221,C045,2025-08-09,25,0,Low Attendance
A006354,S13750,C049,2025-07-31,20,8,Low Attendance
A006355,S12660,C035,2025-10-03,20,10,Low Attendance
A006356,S15234,C013,2025-08-25,15,2,Low Attendance
A006357,S01826,C047,2025-01-16,25,2,Low Attendance
A006358,S08938,C007,2025-02-22,10,10,Present
A006359,S02527,C026,2025-10-29,25,0,Low Attendance
A006360,S01939,C032,2025-05-22,10,1,Low Attendance
A006361,S16582,C039,2025-08-15,30,23,Present
A006362,S05238,C013,2025-01-30,30,10,Low Attendance
A006363,S01439,C046,2025-09-18,15,5,Low Attendance
A006364,S17262,C029,2025-02-22,15,1,Low Attendance
A006365,S15859,C011,2025-02-14,15,6,Low Attendance
A006366,S08406,C019,2025-03-30,25,10,Low Attendance
A006367,S00441,C024,2025-02-02,20,1,Low Attendance
A006368,S15845,C033,2025-09-10,15,5,Low Attendance
A006369,S16583,C005,2025-07-05,15,0,Low Attendance
A006370,S13500,C028,2025-01-29,15,1,Low Attendance
A006371,S03704,C025,2025-09-01,15,1,Low Attendance
A006372,S10457,C008,2025-05-20,20,11,Low Attendance
A006373,S16003,C035,2025-01-29,15,4,Low Attendance
A006374,S08264,C025,2025-06-15,30,12,Low Attendance
A006375,S17668,C023,2025-06-20,20,5,Low Attendance
A006376,S02892,C032,2025-05-16,15,7,Low Attendance
A006377,S17946,C010,2025-01-29,30,0,Low Attendance
A006378,S08813,C017,2025-06-12,25,19,Present
A006379,S13105,C029,2025-11-07,20,5,Low Attendance
A006380,S18526,C012,2025-02-01,25,17,Low Attendance
A006381,S16074,C025,2025-04-10,25,13,Low Attendance
A006382,S02252,C034,2025-03-22,30,6,Low Attendance
A006383,S06405,C015,2025-04-17,25,16,Low Attendance
A006384,S05874,C044,2025-07-21,15,1,Low Attendance
A006385,S10226,C018,2025-02-08,25,17,Low Attendance
A006386,S19683,C029,2025-10-31,10,10,Present
A006387,S02659,C037,2025-03-10,20,14,Low Attendance
A006388,S15330,C001,2025-10-02,25,14,Low Attendance
A006389,S12953,C005,2025-02-24,10,1,Low Attendance
A006390,S08636,C001,2025-05-31,10,10,Present
A006391,S19709,C014,2025-01-09,15,12,Present
A006392,S11629,C017,2025-10-25,30,20,Low Attendance
A006393,S13834,C033,2025-04-20,20,14,Low Attendance
A006394,S00244,C007,2025-04-14,20,2,Low Attendance
A006395,S03099,C016,2025-09-15,25,4,Low Attendance
A006396,S16633,C036,2025-12-07,25,18,Low Attendance
A006397,S03201,C019,2025-08-30,10,10,Present
A006398,S14946,C034,2025-09-03,30,9,Low Attendance
A006399,S15360,C044,2025-03-31,20,4,Low Attendance
A006400,S03496,C032,2025-04-15,30,8,Low Attendance
A006401,S19220,C023,2025-03-08,25,25,Present
A006402,S04776,C049,2025-05-21,20,18,Present
A006403,S17552,C015,2025-01-14,20,10,Low Attendance
A006404,S05254,C039,2025-11-02,10,5,Low Attendance
A006405,S09701,C020,2025-05-14,30,20,Low Attendance
A006406,S05976,C007,2025-07-19,20,7,Low Attendance
A006407,S16041,C049,2025-12-30,30,16,Low Attendance
A006408,S06185,C027,2025-11-27,30,25,Present
A006409,S09165,C046,2025-08-24,20,7,Low Attendance
A006410,S01793,C027,2025-12-10,10,6,Low Attendance
A006411,S14919,C036,2025-09-08,10,2,Low Attendance
A006412,S17907,C002,2025-01-31,30,26,Present
A006413,S16806,C017,2025-08-24,20,19,Present
A006414,S11380,C009,2025-01-24,30,5,Low Attendance
A006415,S12273,C044,2025-03-08,30,25,Present
A006416,S03416,C050,2025-07-16,30,11,Low Attendance
A006417,S06927,C030,2025-01-14,25,11,Low Attendance
A006418,S15507,C027,2025-05-31,30,20,Low Attendance
A006419,S01406,C048,2025-02-12,30,27,Present
A006420,S10660,C037,2025-01-24,30,23,Present
A006421,S18193,C029,2025-05-01,20,8,Low Attendance
A006422,S10571,C004,2025-12-24,10,3,Low Attendance
A006423,S08681,C042,2025-10-30,10,10,Present
A006424,S11620,C009,2025-04-05,20,11,Low Attendance
A006425,S16604,C041,2025-02-23,10,7,Low Attendance
A006426,S18912,C027,2025-12-31,10,9,Present
A006427,S06028,C013,2025-10-27,15,3,Low Attendance
A006428,S04027,C021,2025-03-16,10,6,Low Attendance
A006429,S08540,C021,2025-11-15,10,0,Low Attendance
A006430,S14548,C019,2025-06-23,10,7,Low Attendance
A006431,S05138,C043,2025-06-06,25,14,Low Attendance
A006432,S17667,C002,2025-05-10,10,9,Present
A006433,S04208,C026,2025-03-13,15,11,Low Attendance
A006434,S10118,C020,2025-10-10,30,30,Present
A006435,S17172,C029,2025-01-04,10,8,Present
A006436,S12248,C014,2025-07-12,30,2,Low Attendance
A006437,S14211,C030,2025-06-27,10,6,Low Attendance
A006438,S12811,C032,2025-07-22,30,9,Low Attendance
A006439,S19923,C016,2025-07-18,15,3,Low Attendance
A006440,S15920,C050,2025-01-31,30,26,Present
A006441,S14081,C046,2025-08-10,30,16,Low Attendance
A006442,S01756,C022,2025-02-13,25,13,Low Attendance
A006443,S19157,C015,2025-10-14,30,8,Low Attendance
A006444,S15189,C008,2025-09-04,30,1,Low Attendance
A006445,S06489,C030,2025-08-01,25,16,Low Attendance
A006446,S19953,C018,2025-12-11,30,20,Low Attendance
A006447,S12713,C004,2025-12-28,10,5,Low Attendance
A006448,S16111,C004,2025-05-06,30,20,Low Attendance
A006449,S14054,C004,2025-04-15,25,24,Present
A006450,S09134,C022,2025-06-26,20,6,Low Attendance
A006451,S11938,C011,2025-08-24,10,7,Low Attendance
A006452,S06543,C049,2025-10-23,25,13,Low Attendance
A006453,S00936,C029,2025-06-29,25,9,Low Attendance
A006454,S09333,C026,2025-03-15,20,2,Low Attendance
A006455,S04062,C026,2025-03-26,20,0,Low Attendance
A006456,S15770,C003,2025-07-21,15,6,Low Attendance
A006457,S04753,C018,2025-12-31,25,7,Low Attendance
A006458,S02870,C048,2025-06-20,30,25,Present
A006459,S18201,C049,2025-05-28,20,1,Low Attendance
A006460,S13439,C029,2025-01-05,15,0,Low Attendance
A006461,S02611,C038,2025-12-25,20,7,Low Attendance
A006462,S01625,C050,2025-01-27,25,12,Low Attendance
A006463,S01689,C001,2025-10-07,25,4,Low Attendance
A006464,S09319,C022,2025-04-25,10,10,Present
A006465,S18435,C049,2025-12-28,20,14,Low Attendance
A006466,S09507,C017,2025-11-04,25,15,Low Attendance
A006467,S02218,C022,2025-06-17,15,14,Present
A006468,S10257,C043,2025-06-08,30,1,Low Attendance
A006469,S02289,C041,2025-11-13,15,15,Present
A006470,S00038,C006,2025-02-19,25,2,Low Attendance
A006471,S19146,C011,2025-09-14,30,9,Low Attendance
A006472,S09781,C022,2025-03-20,10,4,Low Attendance
A006473,S18428,C050,2025-06-06,20,6,Low Attendance
A006474,S08574,C042,2025-10-01,15,0,Low Attendance
A006475,S04829,C048,2025-05-11,25,16,Low Attendance
A006476,S11277,C021,2025-09-27,10,4,Low Attendance
A006477,S06538,C006,2025-09-23,20,8,Low Attendance
A006478,S09538,C017,2025-09-22,15,9,Low Attendance
A006479,S15878,C038,2025-10-10,10,7,Low Attendance
A006480,S01074,C018,2025-04-28,10,10,Present
A006481,S02653,C007,2025-11-08,20,5,Low Attendance
A006482,S16199,C033,2025-12-23,25,1,Low Attendance
A006483,S19831,C013,2025-10-18,15,7,Low Attendance
A006484,S07082,C031,2025-11-24,10,7,Low Attendance
A006485,S13141,C041,2025-10-16,15,14,Present
A006486,S08648,C044,2025-06-22,20,2,Low Attendance
A006487,S16403,C046,2025-08-21,10,2,Low Attendance
A006488,S06808,C030,2025-06-07,30,7,Low Attendance
A006489,S12129,C009,2025-05-15,25,21,Present
A006490,S13840,C007,2025-12-27,15,10,Low Attendance
A006491,S10905,C039,2025-05-22,10,3,Low Attendance
A006492,S10867,C018,2025-03-25,25,5,Low Attendance
A006493,S15370,C006,2025-06-11,15,8,Low Attendance
A006494,S15852,C033,2025-11-19,15,2,Low Attendance
A006495,S06827,C015,2025-05-24,20,3,Low Attendance
A006496,S06699,C025,2025-11-05,30,15,Low Attendance
A006497,S15894,C005,2025-01-10,25,3,Low Attendance
A006498,S00471,C032,2025-04-11,30,14,Low Attendance
A006499,S18401,C017,2025-12-28,15,0,Low Attendance
A006500,S05776,C027,2025-05-19,30,18,Low Attendance
A006501,S02778,C048,2025-08-17,25,8,Low Attendance
A006502,S02173,C005,2025-03-08,15,8,Low Attendance
A006503,S13776,C004,2025-09-24,20,10,Low Attendance
A006504,S06258,C034,2025-11-18,10,3,Low Attendance
A006505,S18966,C011,2025-05-16,30,6,Low Attendance
A006506,S02226,C028,2025-12-27,10,8,Present
A006507,S01236,C049,2025-11-14,20,14,Low Attendance
A006508,S02101,C043,2025-03-20,10,6,Low Attendance
A006509,S06655,C006,2025-02-27,30,14,Low Attendance
A006510,S07354,C047,2025-02-14,25,14,Low Attendance
A006511,S02676,C003,2025-08-10,20,0,Low Attendance
A006512,S03308,C019,2025-01-07,10,9,Present
A006513,S07283,C013,2025-08-29,20,20,Present
A006514,S19221,C024,2025-01-03,25,12,Low Attendance
A006515,S05150,C007,2025-10-08,20,2,Low Attendance
A006516,S06563,C005,2025-08-10,25,18,Low Attendance
A006517,S01385,C003,2025-04-07,10,5,Low Attendance
A006518,S13553,C012,2025-11-17,15,12,Present
A006519,S14500,C036,2025-03-02,10,0,Low Attendance
A006520,S12830,C012,2025-06-23,10,0,Low Attendance
A006521,S02914,C008,2025-01-08,20,8,Low Attendance
A006522,S19917,C044,2025-07-20,10,1,Low Attendance
A006523,S08450,C022,2025-11-05,20,19,Present
A006524,S14221,C011,2025-05-28,15,1,Low Attendance
A006525,S13040,C003,2025-11-21,10,6,Low Attendance
A006526,S10771,C006,2025-11-03,10,2,Low Attendance
A006527,S17022,C009,2025-03-05,15,5,Low Attendance
A006528,S15993,C016,2025-06-04,20,5,Low Attendance
A006529,S09722,C012,2025-08-03,15,13,Present
A006530,S03797,C035,2025-03-14,25,11,Low Attendance
A006531,S05673,C043,2025-04-13,20,5,Low Attendance
A006532,S09813,C008,2025-10-05,15,6,Low Attendance
A006533,S19677,C036,2025-09-12,30,6,Low Attendance
A006534,S02426,C037,2025-10-12,30,8,Low Attendance
A006535,S17948,C005,2025-06-18,15,2,Low Attendance
A006536,S12797,C046,2025-12-21,30,16,Low Attendance
A006537,S05965,C048,2025-08-16,10,0,Low Attendance
A006538,S02727,C010,2025-07-15,30,21,Low Attendance
A006539,S19566,C049,2025-12-13,20,6,Low Attendance
A006540,S02161,C017,2025-10-03,30,1,Low Attendance
A006541,S00491,C029,2025-03-18,25,3,Low Attendance
A006542,S07622,C015,2025-11-22,15,0,Low Attendance
A006543,S18599,C039,2025-05-08,25,22,Present
A006544,S19979,C001,2025-03-15,15,8,Low Attendance
A006545,S01305,C039,2025-11-27,10,3,Low Attendance
A006546,S06071,C009,2025-09-28,25,12,Low Attendance
A006547,S14942,C025,2025-08-27,10,6,Low Attendance
A006548,S07120,C007,2025-05-31,25,19,Present
A006549,S00562,C028,2025-08-09,15,13,Present
A006550,S09545,C033,2025-08-03,20,10,Low Attendance
A006551,S10437,C037,2025-05-08,15,5,Low Attendance
A006552,S12059,C022,2025-09-23,20,8,Low Attendance
A006553,S02956,C048,2025-05-26,30,9,Low Attendance
A006554,S06674,C013,2025-06-15,30,17,Low Attendance
A006555,S11008,C018,2025-12-07,15,1,Low Attendance
A006556,S16634,C027,2025-09-29,10,8,Present
A006557,S07277,C030,2025-07-02,30,12,Low Attendance
A006558,S09938,C011,2025-11-10,25,0,Low Attendance
A006559,S10690,C019,2025-07-10,25,14,Low Attendance
A006560,S03152,C049,2025-10-05,20,3,Low Attendance
A006561,S14411,C026,2025-11-06,15,5,Low Attendance
A006562,S07307,C048,2025-09-26,25,16,Low Attendance
A006563,S00560,C022,2025-09-09,25,6,Low Attendance
A006564,S04259,C050,2025-05-01,30,8,Low Attendance
A006565,S08071,C024,2025-04-14,20,4,Low Attendance
A006566,S09720,C026,2025-02-19,25,12,Low Attendance
A006567,S02842,C019,2025-04-03,20,17,Present
A006568,S07702,C027,2025-02-04,20,7,Low Attendance
A006569,S16180,C017,2025-11-25,15,0,Low Attendance
A006570,S04578,C004,2025-05-12,10,5,Low Attendance
A006571,S17954,C029,2025-07-02,20,11,Low Attendance
A006572,S15323,C022,2025-11-20,20,11,Low Attendance
A006573,S06721,C019,2025-09-18,20,17,Present
A006574,S01284,C004,2025-02-07,15,4,Low Attendance
A006575,S13804,C020,2025-04-27,25,20,Present
A006576,S16755,C004,2025-10-08,25,1,Low Attendance
A006577,S10879,C024,2025-03-18,30,30,Present
A006578,S16552,C023,2025-08-04,20,1,Low Attendance
A006579,S04707,C002,2025-07-04,20,11,Low Attendance
A006580,S13986,C029,2025-11-02,10,7,Low Attendance
A006581,S01715,C027,2025-06-28,10,10,Present
A006582,S03680,C017,2025-11-22,15,10,Low Attendance
A006583,S19313,C016,2025-01-25,30,4,Low Attendance
A006584,S07707,C019,2025-06-27,10,7,Low Attendance
A006585,S06540,C028,2025-02-19,30,15,Low Attendance
A006586,S17716,C049,2025-01-09,20,1,Low Attendance
A006587,S15487,C050,2025-06-27,20,9,Low Attendance
A006588,S19764,C023,2025-02-06,20,7,Low Attendance
A006589,S02303,C001,2025-03-10,25,9,Low Attendance
A006590,S00455,C022,2025-11-21,15,3,Low Attendance
A006591,S00979,C038,2025-10-19,30,26,Present
A006592,S13926,C043,2025-10-10,30,7,Low Attendance
A006593,S16796,C001,2025-11-23,25,1,Low Attendance
A006594,S14150,C036,2025-08-01,25,0,Low Attendance
A006595,S00729,C048,2025-09-24,30,15,Low Attendance
A006596,S00569,C007,2025-11-07,20,13,Low Attendance
A006597,S11191,C045,2025-06-21,25,12,Low Attendance
A006598,S03497,C012,2025-02-09,10,6,Low Attendance
A006599,S06298,C018,2025-05-22,20,3,Low Attendance
A006600,S06221,C017,2025-12-12,20,4,Low Attendance
A006601,S11269,C015,2025-10-19,10,8,Present
A006602,S17250,C016,2025-07-09,10,3,Low Attendance
A006603,S00375,C031,2025-12-06,20,9,Low Attendance
A006604,S17172,C047,2025-09-03,10,3,Low Attendance
A006605,S19766,C023,2025-06-30,15,2,Low Attendance
A006606,S07579,C039,2025-03-10,30,26,Present
A006607,S03132,C028,2025-09-14,20,13,Low Attendance
A006608,S05825,C033,2025-05-05,20,10,Low Attendance
A006609,S07080,C018,2025-08-23,25,5,Low Attendance
A006610,S06734,C004,2025-11-09,15,14,Present
A006611,S07515,C034,2025-01-11,30,23,Present
A006612,S15616,C006,2025-03-20,30,2,Low Attendance
A006613,S15879,C034,2025-02-22,10,6,Low Attendance
A006614,S05201,C039,2025-04-15,30,16,Low Attendance
A006615,S09351,C028,2025-08-03,20,1,Low Attendance
A006616,S00282,C046,2025-05-23,25,8,Low Attendance
A006617,S12510,C044,2025-04-22,15,9,Low Attendance
A006618,S18651,C016,2025-01-08,15,3,Low Attendance
A006619,S01698,C035,2025-05-08,10,5,Low Attendance
A006620,S15972,C047,2025-08-12,15,7,Low Attendance
A006621,S00126,C006,2025-07-02,30,26,Present
A006622,S14512,C003,2025-05-21,10,3,Low Attendance
A006623,S19450,C039,2025-12-02,25,10,Low Attendance
A006624,S12869,C042,2025-06-03,15,15,Present
A006625,S16051,C042,2025-11-10,30,8,Low Attendance
A006626,S19423,C004,2025-11-19,15,3,Low Attendance
A006627,S12999,C023,2025-01-21,15,5,Low Attendance
A006628,S10090,C034,2025-09-13,10,1,Low Attendance
A006629,S01914,C041,2025-06-29,20,15,Present
A006630,S05176,C003,2025-06-13,30,24,Present
A006631,S15185,C014,2025-09-22,15,7,Low Attendance
A006632,S18375,C023,2025-03-22,20,0,Low Attendance
A006633,S11037,C019,2025-02-17,10,1,Low Attendance
A006634,S15590,C027,2025-11-25,10,1,Low Attendance
A006635,S00836,C046,2025-09-26,10,4,Low Attendance
A006636,S06012,C002,2025-06-28,15,1,Low Attendance
A006637,S15926,C014,2025-05-12,25,18,Low Attendance
A006638,S03804,C011,2025-02-09,10,9,Present
A006639,S01619,C001,2025-03-27,20,2,Low Attendance
A006640,S07749,C036,2025-10-10,15,7,Low Attendance
A006641,S06249,C022,2025-11-20,25,10,Low Attendance
A006642,S01520,C009,2025-07-08,15,1,Low Attendance
A006643,S03979,C020,2025-03-31,15,3,Low Attendance
A006644,S18294,C014,2025-05-25,20,20,Present
A006645,S05485,C011,2025-02-27,30,13,Low Attendance
A006646,S10093,C012,2025-05-28,20,9,Low Attendance
A006647,S18652,C020,2025-03-15,15,4,Low Attendance
A006648,S07186,C012,2025-05-25,30,9,Low Attendance
A006649,S17500,C035,2025-10-27,30,5,Low Attendance
A006650,S11744,C046,2025-02-14,25,11,Low Attendance
A006651,S17282,C034,2025-06-22,10,4,Low Attendance
A006652,S07846,C031,2025-07-17,30,8,Low Attendance
A006653,S02008,C042,2025-02-21,10,10,Present
A006654,S09121,C006,2025-05-22,10,0,Low Attendance
A006655,S19318,C011,2025-11-02,10,10,Present
A006656,S07163,C011,2025-10-05,15,6,Low Attendance
A006657,S00080,C035,2025-02-15,25,21,Present
A006658,S09260,C049,2025-05-07,20,7,Low Attendance
A006659,S18540,C022,2025-02-09,10,7,Low Attendance
A006660,S03923,C008,2025-02-13,20,16,Present
A006661,S08719,C047,2025-05-27,15,12,Present
A006662,S14727,C033,2025-07-27,15,15,Present
A006663,S17211,C015,2025-06-17,30,23,Present
A006664,S16751,C013,2025-10-08,15,6,Low Attendance
A006665,S05978,C027,2025-04-30,30,7,Low Attendance
A006666,S15000,C047,2025-07-12,20,20,Present
A006667,S02373,C008,2025-03-01,20,0,Low Attendance
A006668,S18301,C030,2025-03-18,25,22,Present
A006669,S18610,C012,2025-04-08,25,17,Low Attendance
A006670,S18183,C025,2025-08-26,25,2,Low Attendance
A006671,S17856,C033,2025-03-18,30,17,Low Attendance
A006672,S11330,C017,2025-04-25,20,19,Present
A006673,S11548,C028,2025-05-16,10,7,Low Attendance
A006674,S07904,C017,2025-02-11,20,19,Present
A006675,S14794,C044,2025-01-11,10,4,Low Attendance
A006676,S17378,C010,2025-03-31,30,0,Low Attendance
A006677,S05785,C047,2025-07-20,20,3,Low Attendance
A006678,S13926,C018,2025-10-02,15,9,Low Attendance
A006679,S15973,C044,2025-03-06,25,12,Low Attendance
A006680,S13244,C048,2025-05-17,15,13,Present
A006681,S02497,C028,2025-07-25,20,0,Low Attendance
A006682,S10211,C043,2025-07-30,15,12,Present
A006683,S09745,C026,2025-09-25,30,19,Low Attendance
A006684,S11935,C039,2025-01-04,15,10,
A006685,S07056,C012,2025-01-15,25,5,Low Attendance
A006686,S02975,C036,2025-05-12,25,21,Present
A006687,S13505,C041,2025-09-25,15,10,Low Attendance
A006688,S07880,C022,2025-04-11,20,7,Low Attendance
A006689,S16244,C036,2025-09-01,10,9,Present
A006690,S17827,C020,2025-09-24,10,9,Present
A006691,S10005,C008,2025-05-24,25,5,Low Attendance
A006692,S11642,C036,2025-12-12,20,16,Present
A006693,S04179,C040,2025-03-17,30,11,Low Attendance
A006694,S08422,C017,2025-02-28,10,7,Low Attendance
A006695,S13603,C003,2025-04-25,25,5,Low Attendance
A006696,S00485,C007,2025-09-24,25,18,Low Attendance
A006697,S12718,C024,2025-10-17,25,6,Low Attendance
A006698,S06158,C004,2025-12-30,15,9,Low Attendance
A006699,S05559,C012,2025-06-19,15,11,Low Attendance
A006700,S06248,C011,2025-04-11,10,0,Low Attendance
A006701,S02936,C046,2025-01-08,10,2,Low Attendance
A006702,S09937,C001,2025-03-20,15,9,Low Attendance
A006703,S16317,C003,2025-05-13,20,9,Low Attendance
A006704,S00142,C010,2025-11-04,15,15,Present
A006705,S03559,C046,2025-12-20,30,18,Low Attendance
A006706,S05500,C020,2025-01-14,20,6,Low Attendance
A006707,S13002,C032,2025-02-22,30,28,Present
A006708,S09313,C019,2025-09-13,15,12,Present
A006709,S02810,C026,2025-01-09,10,6,Low Attendance
A006710,S16162,C021,2025-02-17,10,8,Present
A006711,S14632,C001,2025-11-13,25,21,Present
A006712,S16149,C022,2025-01-05,25,4,Low Attendance
A006713,S08434,C010,2025-11-30,30,1,Low Attendance
A006714,S18962,C011,2025-11-24,25,15,Low Attendance
A006715,S18043,C015,2025-08-17,20,3,Low Attendance
A006716,S17485,C033,2025-10-30,25,25,Present
A006717,S05845,C022,2025-01-03,30,17,Low Attendance
A006718,S17840,C044,2025-08-02,30,3,Low Attendance
A006719,S07397,C043,2025-07-24,20,19,Present
A006720,S15848,C014,2025-05-01,30,6,Low Attendance
A006721,S07499,C043,2025-10-09,25,25,Present
A006722,S01519,C003,2025-01-24,15,13,Present
A006723,S02124,C020,2025-01-22,30,7,Low Attendance
A006724,S17529,C015,2025-06-13,10,2,Low Attendance
A006725,S18656,C050,2025-12-09,30,13,Low Attendance
A006726,S04120,C003,2025-04-17,20,12,Low Attendance
A006727,S13318,C004,2025-06-13,25,0,Low Attendance
A006728,S13053,C010,2025-10-12,15,14,Present
A006729,S12072,C001,2025-03-04,20,7,Low Attendance
A006730,S19750,C023,2025-07-20,25,5,Low Attendance
A006731,S13774,C022,2025-07-24,25,24,Present
A006732,S06568,C050,2025-08-03,20,14,Low Attendance
A006733,S07906,C008,2025-08-12,30,14,Low Attendance
A006734,S18066,C034,2025-09-21,15,6,Low Attendance
A006735,S06632,C008,2025-05-18,20,0,Low Attendance
A006736,S09408,C006,2025-07-08,30,0,Low Attendance
A006737,S19768,C032,2025-07-17,15,9,Low Attendance
A006738,S14911,C006,2025-07-20,15,13,Present
A006739,S05040,C043,2025-12-22,25,18,Low Attendance
A006740,S02830,C016,2025-12-04,15,11,Low Attendance
A006741,S06878,C015,2025-09-04,10,2,Low Attendance
A006742,S05968,C004,2025-12-30,15,12,Present
A006743,S19854,C036,2025-04-29,15,1,Low Attendance
A006744,S12214,C041,2025-03-28,25,4,Low Attendance
A006745,S04164,C009,2025-05-16,20,5,Low Attendance
A006746,S12991,C032,2025-06-03,25,13,Low Attendance
A006747,S03304,C032,2025-05-28,30,7,Low Attendance
A006748,S06279,C007,2025-11-18,25,24,Present
A006749,S18217,C043,2025-08-23,15,9,Low Attendance
A006750,S00482,C008,2025-02-03,20,9,Low Attendance
A006751,S07250,C042,2025-06-01,25,13,Low Attendance
A006752,S15112,C045,2025-03-05,15,14,Present
A006753,S05472,C017,2025-10-08,15,7,Low Attendance
A006754,S01917,C006,2025-03-31,20,4,Low Attendance
A006755,S10542,C041,2025-03-02,25,9,Low Attendance
A006756,S09461,C024,2025-03-25,10,10,Present
A006757,S05972,C019,2025-09-14,15,3,Low Attendance
A006758,S12095,C037,2025-10-15,20,6,Low Attendance
A006759,S07476,C005,2025-01-19,10,7,Low Attendance
A006760,S11416,C044,2025-03-07,15,1,Low Attendance
A006761,S01973,C042,2025-09-25,15,3,Low Attendance
A006762,S04837,C042,2025-09-27,30,13,Low Attendance
A006763,S12691,C041,2025-02-27,15,7,
A006764,S05346,C026,2025-03-08,25,21,Present
A006765,S10725,C036,2025-10-12,25,22,Present
A006766,S00075,C027,2025-07-18,25,8,Low Attendance
A006767,S04309,C004,2025-07-26,25,24,Present
A006768,S10298,C027,2025-01-27,20,16,Present
A006769,S00949,C012,2025-08-07,15,4,Low Attendance
A006770,S04187,C010,2025-08-08,25,9,Low Attendance
A006771,S08761,C006,2025-08-24,15,6,Low Attendance
A006772,S15753,C031,2025-08-24,20,16,Present
A006773,S10812,C049,2025-09-14,25,4,Low Attendance
A006774,S03093,C026,2025-12-21,10,1,Low Attendance
A006775,S06510,C022,2025-01-04,30,9,Low Attendance
A006776,S00632,C035,2025-08-12,10,7,Low Attendance
A006777,S13971,C021,2025-02-28,20,12,Low Attendance
A006778,S17279,C043,2025-07-13,15,11,Low Attendance
A006779,S04969,C031,2025-12-23,30,4,Low Attendance
A006780,S02798,C042,2025-12-06,20,11,Low Attendance
A006781,S11818,C007,2025-12-25,10,9,Present
A006782,S10669,C047,2025-04-02,25,1,Low Attendance
A006783,S08764,C012,2025-09-24,10,9,Present
A006784,S01679,C003,2025-04-04,30,21,Low Attendance
A006785,S16821,C008,2025-08-19,20,9,Low Attendance
A006786,S01200,C034,2025-12-16,10,8,Present
A006787,S17825,C046,2025-03-18,15,13,Present
A006788,S01014,C013,2025-11-20,15,10,Low Attendance
A006789,S07044,C026,2025-01-30,20,9,Low Attendance
A006790,S16470,C041,2025-08-28,15,9,Low Attendance
A006791,S16779,C044,2025-09-19,10,10,Present
A006792,S19233,C045,2025-12-05,20,10,Low Attendance
A006793,S14306,C042,2025-02-19,30,16,Low Attendance
A006794,S07951,C023,2025-06-29,15,14,Present
A006795,S07335,C037,2025-05-04,15,4,Low Attendance
A006796,S07809,C010,2025-10-22,20,1,Low Attendance
A006797,S03379,C045,2025-06-08,30,2,Low Attendance
A006798,S04610,C029,2025-11-07,25,10,Low Attendance
A006799,S09075,C009,2025-10-31,10,7,Low Attendance
A006800,S08019,C049,2025-10-03,25,0,Low Attendance
A006801,S01896,C036,2025-05-22,25,17,Low Attendance
A006802,S06946,C044,2025-10-16,20,13,Low Attendance
A006803,S02471,C015,2025-04-30,20,4,Low Attendance
A006804,S08611,C015,2025-09-12,20,9,Low Attendance
A006805,S19941,C041,2025-02-03,30,3,Low Attendance
A006806,S11920,C029,2025-08-16,10,4,Low Attendance
A006807,S14905,C006,2025-12-11,10,7,Low Attendance
A006808,S16079,C017,2025-02-15,10,8,Present
A006809,S18799,C024,2025-04-05,15,10,Low Attendance
A006810,S06938,C030,2025-01-15,15,8,Low Attendance
A006811,S08685,C038,2025-08-26,20,2,Low Attendance
A006812,S00224,C020,2025-04-08,20,17,Present
A006813,S09659,C042,2025-06-24,10,7,Low Attendance
A006814,S19784,C020,2025-09-21,10,4,Low Attendance
A006815,S15129,C050,2025-05-14,20,8,Low Attendance
A006816,S14952,C039,2025-03-13,15,13,Present
A006817,S15276,C029,2025-10-06,10,1,Low Attendance
A006818,S05679,C029,2025-05-23,15,4,Low Attendance
A006819,S17593,C017,2025-09-22,10,9,Present
A006820,S03324,C022,2025-12-26,15,13,Present
A006821,S01663,C031,2025-07-22,30,30,Present
A006822,S07280,C038,2025-08-31,10,1,Low Attendance
A006823,S16632,C030,2025-07-28,25,14,Low Attendance
A006824,S17477,C024,2025-07-30,30,21,Low Attendance
A006825,S12482,C020,2025-07-20,15,10,Low Attendance
A006826,S13240,C006,2025-07-17,20,7,Low Attendance
A006827,S03640,C028,2025-09-30,15,5,Low Attendance
A006828,S07327,C020,2025-10-26,10,4,Low Attendance
A006829,S10311,C018,2025-06-05,15,5,Low Attendance
A006830,S17325,C028,2025-11-25,25,5,Low Attendance
A006831,S04441,C025,2025-07-07,10,1,Low Attendance
A006832,S03154,C011,2025-08-12,15,2,Low Attendance
A006833,S15423,C028,2025-09-27,30,9,Low Attendance
A006834,S04571,C041,2025-03-21,20,2,Low Attendance
A006835,S09809,C025,2025-09-12,15,15,Present
A006836,S05333,C041,2025-07-15,10,8,Present
A006837,S07961,C023,2025-03-26,30,18,Low Attendance
A006838,S12405,C017,2025-07-13,25,12,Low Attendance
A006839,S08592,C047,2025-09-30,30,4,Low Attendance
A006840,S11553,C043,2025-01-09,20,14,Low Attendance
A006841,S14794,C018,2025-10-28,10,2,Low Attendance
A006842,S00824,C037,2025-10-04,25,25,Present
A006843,S18466,C023,2025-03-20,15,9,Low Attendance
A006844,S04083,C035,2025-08-21,15,13,Present
A006845,S10449,C041,2025-12-04,15,8,Low Attendance
A006846,S07919,C002,2025-05-12,10,5,Low Attendance
A006847,S13190,C046,2025-12-12,10,8,Present
A006848,S15534,C009,2025-03-05,10,10,Present
A006849,S19404,C013,2025-11-02,25,15,Low Attendance
A006850,S04560,C045,2025-11-23,10,3,Low Attendance
A006851,S13341,C039,2025-12-26,10,5,Low Attendance
A006852,S08420,C030,2025-08-14,15,4,Low Attendance
A006853,S13305,C025,2025-07-21,10,10,Present
A006854,S08013,C027,2025-12-27,20,13,Low Attendance
A006855,S07972,C048,2025-05-19,30,19,Low Attendance
A006856,S12940,C033,2025-12-28,30,4,Low Attendance
A006857,S18730,C015,2025-05-11,15,9,Low Attendance
A006858,S17704,C050,2025-02-09,20,12,Low Attendance
A006859,S08907,C018,2025-07-12,25,19,Present
A006860,S15299,C044,2025-01-20,10,0,Low Attendance
A006861,S13053,C045,2025-09-22,25,11,Low Attendance
A006862,S19117,C039,2025-02-22,10,4,Low Attendance
A006863,S00887,C006,2025-05-08,30,19,Low Attendance
A006864,S04502,C026,2025-02-17,10,9,Present
A006865,S03488,C028,2025-01-08,15,10,Low Attendance
A006866,S15247,C025,2025-12-14,25,14,Low Attendance
A006867,S09605,C018,2025-07-09,20,14,Low Attendance
A006868,S10609,C025,2025-09-16,10,0,Low Attendance
A006869,S19516,C026,2025-07-09,15,12,Present
A006870,S19495,C019,2025-12-10,15,5,Low Attendance
A006871,S18334,C006,2025-08-29,10,7,Low Attendance
A006872,S09739,C008,2025-12-28,30,11,Low Attendance
A006873,S07324,C016,2025-05-25,20,15,Present
A006874,S04718,C048,2025-09-08,15,10,Low Attendance
A006875,S04479,C045,2025-07-31,10,5,Low Attendance
A006876,S14764,C026,2025-12-07,20,18,Present
A006877,S17934,C016,2025-06-26,10,2,Low Attendance
A006878,S15618,C030,2025-06-24,10,3,Low Attendance
A006879,S09525,C029,2025-02-19,20,1,Low Attendance
A006880,S02492,C030,2025-12-28,15,7,Low Attendance
A006881,S01722,C002,2025-03-29,20,12,Low Attendance
A006882,S03690,C035,2025-06-29,25,10,Low Attendance
A006883,S07072,C002,2025-02-28,25,18,Low Attendance
A006884,S10232,C013,2025-10-04,20,3,Low Attendance
A006885,S12734,C033,2025-02-03,10,8,Present
A006886,S19530,C005,2025-03-25,10,5,Low Attendance
A006887,S01378,C032,2025-03-03,15,1,Low Attendance
A006888,S10205,C035,2025-05-02,15,3,Low Attendance
A006889,S09231,C004,2025-08-13,10,7,Low Attendance
A006890,S10293,C026,2025-03-05,20,18,Present
A006891,S03552,C030,2025-05-21,15,9,Low Attendance
A006892,S03824,C013,2025-03-07,20,9,Low Attendance
A006893,S07459,C045,2025-04-16,25,25,Present
A006894,S06654,C025,2025-10-30,20,0,Low Attendance
A006895,S05166,C037,2025-01-02,15,7,Low Attendance
A006896,S05002,C005,2025-04-20,10,4,Low Attendance
A006897,S02515,C024,2025-12-13,15,15,Present
A006898,S05554,C034,2025-08-25,10,9,Present
A006899,S19131,C025,2025-12-06,20,16,Present
A006900,S19479,C042,2025-01-13,25,17,Low Attendance
A006901,S17781,C043,2025-06-11,15,12,Present
A006902,S02739,C019,2025-06-06,15,5,Low Attendance
A006903,S04129,C025,2025-04-01,10,5,Low Attendance
A006904,S01919,C023,2025-01-13,15,15,Present
A006905,S17819,C033,2025-07-29,30,0,Low Attendance
A006906,S10976,C006,2025-04-14,30,27,Present
A006907,S09556,C028,2025-12-05,15,3,Low Attendance
A006908,S03891,C038,2025-07-30,25,24,Present
A006909,S13953,C026,2025-07-27,10,9,Present
A006910,S10065,C003,2025-07-25,10,0,Low Attendance
A006911,S10602,C031,2025-08-25,20,5,Low Attendance
A006912,S18872,C038,2025-07-21,20,4,Low Attendance
A006913,S19798,C017,2025-06-01,25,11,Low Attendance
A006914,S10541,C014,2025-12-28,20,6,Low Attendance
A006915,S05132,C026,2025-08-24,25,9,Low Attendance
A006916,S06053,C039,2025-04-09,20,11,Low Attendance
A006917,S17019,C033,2025-08-02,20,17,Present
A006918,S13060,C033,2025-08-19,30,23,Present
A006919,S03053,C033,2025-09-08,20,11,Low Attendance
A006920,S02436,C032,2025-02-12,30,23,Present
A006921,S17453,C027,2025-01-28,25,23,Present
A006922,S19667,C034,2025-12-25,20,9,Low Attendance
A006923,S04082,C026,2025-04-12,30,9,Low Attendance
A006924,S08531,C009,2025-09-12,10,1,Low Attendance
A006925,S09906,C026,2025-03-21,30,2,Low Attendance
A006926,S07302,C041,2025-07-14,20,12,Low Attendance
A006927,S05469,C002,2025-05-13,25,15,Low Attendance
A006928,S11743,C001,2025-12-14,10,7,Low Attendance
A006929,S08716,C030,2025-10-19,20,13,Low Attendance
A006930,S01969,C016,2025-06-27,20,18,Present
A006931,S04757,C007,2025-06-14,20,3,Low Attendance
A006932,S00160,C002,2025-02-02,25,12,Low Attendance
A006933,S08464,C025,2025-09-18,25,14,Low Attendance
A006934,S09494,C007,2025-09-06,15,7,Low Attendance
A006935,S12857,C037,2025-09-06,15,7,Low Attendance
A006936,S08434,C031,2025-11-13,15,5,Low Attendance
A006937,S00448,C031,2025-08-02,15,15,Present
A006938,S02501,C001,2025-03-15,30,12,Low Attendance
A006939,S16938,C042,2025-07-07,20,7,Low Attendance
A006940,S03565,C044,2025-11-18,25,17,Low Attendance
A006941,S14196,C016,2025-08-07,10,9,
A006942,S14990,C009,2025-04-20,30,10,Low Attendance
A006943,S11058,C013,2025-07-03,15,2,Low Attendance
A006944,S06266,C026,2025-04-12,20,17,Present
A006945,S18324,C042,2025-03-17,15,5,Low Attendance
A006946,S17511,C033,2025-09-21,20,3,Low Attendance
A006947,S09592,C040,2025-11-23,25,10,Low Attendance
A006948,S04851,C012,2025-05-17,30,3,Low Attendance
A006949,S06675,C032,2025-10-18,25,23,Present
A006950,S06717,C037,2025-12-15,10,0,Low Attendance
A006951,S03634,C029,2025-03-05,15,11,Low Attendance
A006952,S16426,C029,2025-11-29,25,9,Low Attendance
A006953,S02729,C028,2025-02-26,15,6,Low Attendance
A006954,S09736,C042,2025-02-19,25,1,Low Attendance
A006955,S03354,C048,2025-03-07,20,15,Present
A006956,S04633,C037,2025-12-27,20,6,Low Attendance
A006957,S10146,C019,2025-09-26,15,4,Low Attendance
A006958,S02997,C003,2025-11-24,15,14,Present
A006959,S01080,C012,2025-11-01,10,6,Low Attendance
A006960,S12536,C046,2025-03-19,30,12,Low Attendance
A006961,S06671,C034,2025-03-02,15,15,Present
A006962,S17355,C025,2025-12-21,25,16,Low Attendance
A006963,S08554,C036,2025-10-08,15,9,Low Attendance
A006964,S11780,C027,2025-12-03,30,2,Low Attendance
A006965,S14686,C043,2025-11-04,10,6,Low Attendance
A006966,S01686,C001,2025-09-06,20,20,Present
A006967,S14920,C037,2025-05-26,15,13,Present
A006968,S19886,C023,2025-11-13,30,6,Low Attendance
A006969,S06693,C041,2025-08-05,30,13,Low Attendance
A006970,S19978,C003,2025-05-16,20,17,Present
A006971,S08954,C040,2025-11-16,10,4,Low Attendance
A006972,S02776,C012,2025-10-03,10,0,Low Attendance
A006973,S03720,C012,2025-09-12,10,8,Present
A006974,S07971,C038,2025-07-07,25,6,Low Attendance
A006975,S04389,C013,2025-05-25,10,2,Low Attendance
A006976,S19561,C006,2025-02-10,20,8,Low Attendance
A006977,S06150,C025,2025-07-24,10,10,Present
A006978,S17046,C001,2025-11-28,25,12,Low Attendance
A006979,S08530,C039,2025-11-16,10,0,Low Attendance
A006980,S03712,C013,2025-06-09,25,4,Low Attendance
A006981,S14254,C038,2025-08-05,30,13,Low Attendance
A006982,S19743,C048,2025-02-07,30,29,Present
A006983,S18893,C040,2025-09-23,10,5,Low Attendance
A006984,S01714,C018,2025-07-16,20,0,Low Attendance
A006985,S13613,C045,2025-08-18,25,22,Present
A006986,S09373,C035,2025-09-15,20,19,Present
A006987,S06914,C032,2025-07-30,20,16,Present
A006988,S19634,C001,2025-06-04,30,28,Present
A006989,S04462,C031,2025-01-22,10,1,Low Attendance
A006990,S09086,C029,2025-08-30,30,1,Low Attendance
A006991,S14447,C047,2025-11-22,20,19,Present
A006992,S02198,C025,2025-12-28,15,4,Low Attendance
A006993,S14379,C019,2025-10-04,30,20,Low Attendance
A006994,S10476,C035,2025-09-22,20,11,Low Attendance
A006995,S06365,C013,2025-01-26,30,8,Low Attendance
A006996,S07864,C029,2025-01-10,25,18,Low Attendance
A006997,S16009,C046,2025-08-03,25,10,Low Attendance
A006998,S18715,C012,2025-03-04,10,1,Low Attendance
A006999,S11504,C008,2025-01-01,10,10,Present
A007000,S18489,C044,2025-06-27,30,16,Low Attendance
A007001,S04246,C038,2025-01-04,15,10,Low Attendance
A007002,S16878,C026,2025-10-16,25,13,Low Attendance
A007003,S02294,C008,2025-02-06,15,13,Present
A007004,S11210,C005,2025-03-13,25,21,Present
A007005,S03736,C027,2025-04-30,20,14,Low Attendance
A007006,S16084,C043,2025-11-09,20,3,Low Attendance
A007007,S09515,C009,2025-04-16,25,5,Low Attendance
A007008,S08007,C015,2025-08-25,30,19,Low Attendance
A007009,S01769,C035,2025-01-31,30,7,Low Attendance
A007010,S03648,C014,2025-02-13,20,1,
A007011,S12399,C044,2025-05-21,25,18,Low Attendance
A007012,S15597,C043,2025-07-22,25,19,Present
A007013,S16495,C033,2025-05-24,25,4,Low Attendance
A007014,S03459,C026,2025-08-12,10,2,Low Attendance
A007015,S09301,C019,2025-01-08,30,1,Low Attendance
A007016,S00440,C001,2025-07-12,10,3,Low Attendance
A007017,S18394,C020,2025-02-16,20,15,Present
A007018,S13896,C049,2025-04-08,25,4,Low Attendance
A007019,S13337,C030,2025-12-10,15,13,Present
A007020,S10717,C043,2025-12-30,10,5,Low Attendance
A007021,S15822,C043,2025-03-30,15,2,Low Attendance
A007022,S18152,C016,2025-09-10,20,20,Present
A007023,S10821,C048,2025-03-19,15,2,Low Attendance
A007024,S08740,C002,2025-06-18,30,16,Low Attendance
A007025,S09871,C021,2025-02-03,10,7,Low Attendance
A007026,S05295,C026,2025-03-12,10,4,Low Attendance
A007027,S19500,C003,2025-04-19,30,28,Present
A007028,S03519,C002,2025-03-20,20,13,Low Attendance
A007029,S05349,C047,2025-03-02,25,1,Low Attendance
A007030,S06221,C019,2025-12-27,20,9,Low Attendance
A007031,S06552,C001,2025-02-06,30,14,Low Attendance
A007032,S00536,C033,2025-04-09,25,9,Low Attendance
A007033,S02463,C019,2025-08-21,15,15,Present
A007034,S17162,C002,2025-05-21,25,25,Present
A007035,S17445,C029,2025-04-16,20,9,Low Attendance
A007036,S15772,C007,2025-08-09,20,13,Low Attendance
A007037,S19209,C015,2025-03-25,25,9,Low Attendance
A007038,S11798,C007,2025-06-07,15,15,Present
A007039,S01279,C050,2025-01-26,25,11,Low Attendance
A007040,S13248,C026,2025-07-01,25,22,Present
A007041,S09042,C036,2025-05-31,10,4,Low Attendance
A007042,S06718,C039,2025-02-02,20,4,Low Attendance
A007043,S15018,C021,2025-02-23,30,30,Present
A007044,S13043,C029,2025-10-20,15,1,Low Attendance
A007045,S15359,C006,2025-02-12,10,0,Low Attendance
A007046,S04018,C044,2025-04-21,10,9,Present
A007047,S15616,C007,2025-08-24,20,15,Present
A007048,S18838,C022,2025-10-10,20,1,Low Attendance
A007049,S16651,C002,2025-08-31,30,27,Present
A007050,S11331,C045,2025-10-13,15,0,Low Attendance
A007051,S08253,C029,2025-01-30,20,20,Present
A007052,S17619,C040,2025-09-02,20,12,Low Attendance
A007053,S12074,C025,2025-01-16,20,10,Low Attendance
A007054,S03870,C038,2025-12-13,25,21,Present
A007055,S07203,C035,2025-10-17,20,5,Low Attendance
A007056,S04364,C028,2025-05-20,30,23,Present
A007057,S05971,C039,2025-08-14,10,9,Present
A007058,S10049,C010,2025-10-19,10,9,Present
A007059,S13918,C020,2025-11-18,30,22,Low Attendance
A007060,S01839,C023,2025-08-07,30,4,Low Attendance
A007061,S00355,C047,2025-07-26,30,18,Low Attendance
A007062,S08638,C041,2025-02-22,15,10,Low Attendance
A007063,S16174,C042,2025-04-14,10,2,Low Attendance
A007064,S10590,C037,2025-02-21,20,2,Low Attendance
A007065,S17406,C048,2025-08-26,30,29,Present
A007066,S15805,C019,2025-12-09,30,18,Low Attendance
A007067,S09279,C044,2025-12-05,10,7,Low Attendance
A007068,S00712,C007,2025-07-18,20,15,Present
A007069,S13926,C022,2025-07-26,15,3,Low Attendance
A007070,S08584,C040,2025-09-21,20,13,Low Attendance
A007071,S08784,C031,2025-04-24,25,6,Low Attendance
A007072,S16393,C010,2025-09-22,20,8,Low Attendance
A007073,S01029,C011,2025-08-19,15,0,Low Attendance
A007074,S19093,C028,2025-11-18,20,20,Present
A007075,S12848,C007,2025-03-17,10,0,Low Attendance
A007076,S01233,C019,2025-07-24,25,9,Low Attendance
A007077,S18683,C027,2025-06-05,25,14,Low Attendance
A007078,S13672,C050,2025-09-01,30,11,Low Attendance
A007079,S01491,C029,2025-08-01,10,8,Present
A007080,S11515,C017,2025-03-23,30,7,Low Attendance
A007081,S08415,C039,2025-11-08,10,9,Present
A007082,S12341,C044,2025-05-19,30,29,Present
A007083,S18519,C042,2025-04-30,20,10,Low Attendance
A007084,S06775,C007,2025-04-26,20,12,Low Attendance
A007085,S08099,C029,2025-04-26,30,14,Low Attendance
A007086,S07802,C019,2025-10-02,30,0,Low Attendance
A007087,S09340,C001,2025-05-04,30,14,Low Attendance
A007088,S06493,C012,2025-02-17,10,1,Low Attendance
A007089,S10372,C011,2025-03-17,30,4,Low Attendance
A007090,S17140,C002,2025-02-18,10,6,Low Attendance
A007091,S17262,C037,2025-10-04,15,6,Low Attendance
A007092,S16368,C014,2025-01-21,20,5,Low Attendance
A007093,S13408,C007,2025-11-30,30,27,Present
A007094,S10314,C011,2025-03-11,10,8,Present
A007095,S00081,C031,2025-12-28,25,13,Low Attendance
A007096,S12671,C017,2025-11-15,30,28,Present
A007097,S06231,C049,2025-04-06,25,24,Present
A007098,S11807,C031,2025-03-10,10,5,Low Attendance
A007099,S09055,C020,2025-09-23,20,7,Low Attendance
A007100,S16110,C023,2025-03-22,30,6,Low Attendance
A007101,S07350,C004,2025-01-31,20,14,Low Attendance
A007102,S04683,C030,2025-02-01,10,3,Low Attendance
A007103,S14682,C037,2025-12-04,20,13,Low Attendance
A007104,S18272,C040,2025-01-15,25,23,Present
A007105,S18935,C007,2025-06-07,30,26,Present
A007106,S09768,C028,2025-11-24,20,17,Present
A007107,S18967,C008,2025-12-05,10,6,Low Attendance
A007108,S15562,C003,2025-04-28,10,7,Low Attendance
A007109,S00569,C049,2025-11-30,30,11,Low Attendance
A007110,S08472,C017,2025-09-24,15,10,Low Attendance
A007111,S13475,C018,2025-05-09,15,4,Low Attendance
A007112,S12339,C007,2025-08-17,15,0,Low Attendance
A007113,S08361,C043,2025-04-24,20,1,Low Attendance
A007114,S08389,C022,2025-07-01,10,0,Low Attendance
A007115,S03747,C020,2025-12-23,30,27,Present
A007116,S17535,C026,2025-06-22,15,13,Present
A007117,S17037,C035,2025-08-22,25,18,Low Attendance
A007118,S06180,C022,2025-04-03,15,10,Low Attendance
A007119,S13987,C007,2025-05-29,20,9,Low Attendance
A007120,S19104,C003,2025-07-16,20,12,Low Attendance
A007121,S04339,C040,2025-05-08,20,1,Low Attendance
A007122,S14003,C012,2025-06-26,30,21,Low Attendance
A007123,S14420,C020,2025-05-10,10,9,Present
A007124,S04065,C050,2025-04-20,15,5,Low Attendance
A007125,S19234,C033,2025-02-06,30,18,Low Attendance
A007126,S14752,C019,2025-01-23,10,1,Low Attendance
A007127,S17386,C007,2025-11-24,15,7,Low Attendance
A007128,S19880,C029,2025-07-19,30,8,Low Attendance
A007129,S11032,C038,2025-08-06,15,15,Present
A007130,S05697,C032,2025-12-21,20,20,Present
A007131,S00572,C031,2025-09-20,30,15,Low Attendance
A007132,S05676,C047,2025-12-09,15,13,Present
A007133,S09294,C043,2025-01-13,25,1,Low Attendance
A007134,S13183,C050,2025-10-28,10,0,Low Attendance
A007135,S07665,C014,2025-10-18,20,17,Present
A007136,S11514,C042,2025-09-05,20,5,Low Attendance
A007137,S07897,C024,2025-06-04,25,10,Low Attendance
A007138,S02365,C003,2025-02-20,10,9,Present
A007139,S07184,C007,2025-04-19,25,10,Low Attendance
A007140,S04583,C017,2025-02-12,20,16,Present
A007141,S00211,C038,2025-12-29,15,0,Low Attendance
A007142,S19605,C015,2025-12-09,20,5,
A007143,S14258,C047,2025-07-12,15,1,Low Attendance
A007144,S19626,C001,2025-10-05,20,0,Low Attendance
A007145,S15119,C023,2025-02-09,20,14,Low Attendance
A007146,S04564,C026,2025-04-19,10,3,Low Attendance
A007147,S10659,C031,2025-05-09,30,2,Low Attendance
A007148,S13184,C010,2025-04-05,20,12,Low Attendance
A007149,S04354,C043,2025-08-30,15,9,Low Attendance
A007150,S12674,C026,2025-11-14,15,15,Present
A007151,S14287,C014,2025-05-04,30,16,Low Attendance
A007152,S13642,C022,2025-08-31,10,7,Low Attendance
A007153,S04957,C018,2025-06-14,10,7,Low Attendance
A007154,S08018,C044,2025-11-24,30,23,Present
A007155,S02619,C022,2025-04-14,15,5,Low Attendance
A007156,S15595,C005,2025-03-19,20,11,Low Attendance
A007157,S01159,C050,2025-04-02,10,10,Present
A007158,S17399,C025,2025-01-16,30,7,Low Attendance
A007159,S02769,C008,2025-03-20,20,4,Low Attendance
A007160,S03272,C026,2025-12-02,20,1,Low Attendance
A007161,S19913,C021,2025-02-08,10,10,Present
A007162,S05004,C033,2025-01-19,15,7,Low Attendance
A007163,S14703,C023,2025-12-17,20,11,Low Attendance
A007164,S14178,C011,2025-11-08,30,15,Low Attendance
A007165,S18771,C018,2025-05-31,15,2,Low Attendance
A007166,S16232,C012,2025-08-31,25,20,Present
A007167,S13443,C018,2025-04-02,20,16,Present
A007168,S18771,C028,2025-12-17,25,24,Present
A007169,S02403,C021,2025-07-02,10,4,Low Attendance
A007170,S10019,C017,2025-07-09,20,14,Low Attendance
A007171,S09272,C035,2025-03-30,10,7,Low Attendance
A007172,S10674,C038,2025-03-31,30,2,Low Attendance
A007173,S10738,C037,2025-06-18,10,9,Present
A007174,S06028,C021,2025-08-11,30,5,Low Attendance
A007175,S18559,C036,2025-06-17,30,1,Low Attendance
A007176,S03489,C006,2025-01-09,25,5,Low Attendance
A007177,S08946,C018,2025-03-21,25,20,Present
A007178,S16240,C021,2025-06-23,20,9,Low Attendance
A007179,S18881,C044,2025-05-01,25,15,Low Attendance
A007180,S03381,C007,2025-08-19,25,3,Low Attendance
A007181,S07962,C029,2025-03-09,30,30,Present
A007182,S05928,C020,2025-03-04,20,16,Present
A007183,S13089,C034,2025-11-30,20,2,Low Attendance
A007184,S16500,C006,2025-04-12,30,26,Present
A007185,S07681,C043,2025-07-18,15,12,Present
A007186,S00361,C019,2025-06-07,20,12,Low Attendance
A007187,S08398,C023,2025-08-20,30,25,Present
A007188,S01007,C005,2025-06-27,10,10,Present
A007189,S01350,C005,2025-09-02,15,3,Low Attendance
A007190,S02001,C035,2025-11-16,20,14,Low Attendance
A007191,S18517,C018,2025-12-22,15,7,Low Attendance
A007192,S14092,C007,2025-05-31,30,23,Present
A007193,S02821,C027,2025-04-07,10,6,Low Attendance
A007194,S00169,C001,2025-06-03,15,13,Present
A007195,S10496,C017,2025-11-29,30,26,
A007196,S02264,C050,2025-09-01,15,12,Present
A007197,S18925,C029,2025-05-06,20,9,Low Attendance
A007198,S00469,C004,2025-03-27,15,4,Low Attendance
A007199,S08073,C005,2025-05-14,10,2,Low Attendance
A007200,S04283,C021,2025-08-22,25,7,Low Attendance
A007201,S01082,C043,2025-06-07,10,8,Present
A007202,S03528,C023,2025-03-23,10,2,Low Attendance
A007203,S15502,C012,2025-03-14,30,21,Low Attendance
A007204,S19501,C019,2025-05-16,20,2,Low Attendance
A007205,S15159,C032,2025-05-29,30,15,
A007206,S12543,C046,2025-12-05,15,12,Present
A007207,S12350,C006,2025-10-27,10,6,Low Attendance
A007208,S02696,C005,2025-05-01,30,2,Low Attendance
A007209,S04857,C022,2025-12-11,25,1,Low Attendance
A007210,S02422,C017,2025-06-15,10,2,Low Attendance
A007211,S06549,C028,2025-10-16,15,9,Low Attendance
A007212,S00067,C039,2025-12-16,10,0,Low Attendance
A007213,S15313,C039,2025-10-18,10,8,Present
A007214,S19440,C022,2025-08-03,25,24,Present
A007215,S13000,C025,2025-05-17,25,21,Present
A007216,S17237,C006,2025-01-16,25,2,Low Attendance
A007217,S13395,C025,2025-01-23,10,7,Low Attendance
A007218,S10308,C038,2025-06-06,20,15,Present
A007219,S02153,C020,2025-07-21,25,21,Present
A007220,S12041,C048,2025-03-24,20,12,Low Attendance
A007221,S19477,C050,2025-01-08,15,3,Low Attendance
A007222,S01702,C042,2025-09-02,30,11,Low Attendance
A007223,S03403,C035,2025-10-26,30,13,Low Attendance
A007224,S15907,C020,2025-12-14,20,17,Present
A007225,S16206,C023,2025-06-17,25,12,Low Attendance
A007226,S10367,C041,2025-09-25,20,12,Low Attendance
A007227,S00780,C037,2025-09-08,10,6,Low Attendance
A007228,S18828,C047,2025-01-13,20,17,Present
A007229,S15730,C007,2025-07-19,15,6,Low Attendance
A007230,S06965,C013,2025-09-09,25,3,Low Attendance
A007231,S12014,C044,2025-10-11,15,7,Low Attendance
A007232,S05479,C012,2025-11-11,15,2,Low Attendance
A007233,S05580,C044,2025-04-03,20,20,Present
A007234,S15157,C022,2025-07-31,25,15,Low Attendance
A007235,S05516,C014,2025-03-31,30,8,Low Attendance
A007236,S09384,C031,2025-01-14,15,14,Present
A007237,S16230,C037,2025-01-24,20,5,Low Attendance
A007238,S08047,C019,2025-11-01,15,10,Low Attendance
A007239,S10625,C042,2025-12-01,25,8,Low Attendance
A007240,S03788,C019,2025-09-06,25,24,Present
A007241,S01723,C045,2025-12-12,10,8,Present
A007242,S17082,C039,2025-03-20,10,6,Low Attendance
A007243,S09883,C003,2025-05-07,30,27,Present
A007244,S11446,C016,2025-06-08,20,18,Present
A007245,S04241,C027,2025-10-09,10,5,Low Attendance
A007246,S00379,C012,2025-02-19,10,7,Low Attendance
A007247,S11421,C036,2025-12-20,25,23,Present
A007248,S18136,C033,2025-09-17,30,12,Low Attendance
A007249,S16335,C035,2025-06-16,25,18,Low Attendance
A007250,S12216,C048,2025-11-18,10,4,Low Attendance
A007251,S09765,C022,2025-03-05,25,9,Low Attendance
A007252,S04021,C010,2025-09-16,20,15,Present
A007253,S04480,C005,2025-01-16,30,0,Low Attendance
A007254,S07786,C009,2025-04-10,25,23,Present
A007255,S04700,C020,2025-12-18,15,1,Low Attendance
A007256,S19958,C050,2025-12-29,15,8,Low Attendance
A007257,S18523,C019,2025-09-23,25,21,Present
A007258,S19961,C036,2025-03-02,15,6,Low Attendance
A007259,S14434,C042,2025-09-08,15,12,Present
A007260,S13279,C029,2025-07-09,10,2,Low Attendance
A007261,S15675,C039,2025-04-27,20,3,Low Attendance
A007262,S09627,C019,2025-03-13,30,22,Low Attendance
A007263,S08171,C028,2025-05-04,30,3,Low Attendance
A007264,S09623,C049,2025-09-12,15,13,Present
A007265,S04810,C022,2025-01-29,30,17,Low Attendance
A007266,S04300,C006,2025-04-11,25,21,Present
A007267,S11473,C036,2025-07-11,15,9,Low Attendance
A007268,S00687,C035,2025-01-04,10,9,Present
A007269,S01280,C023,2025-11-02,15,4,Low Attendance
A007270,S17372,C049,2025-10-10,30,19,Low Attendance
A007271,S12570,C023,2025-05-18,10,3,Low Attendance
A007272,S00309,C021,2025-08-30,30,4,Low Attendance
A007273,S19254,C032,2025-04-06,20,15,Present
A007274,S18754,C043,2025-12-20,30,20,Low Attendance
A007275,S14618,C031,2025-11-29,20,5,Low Attendance
A007276,S09024,C034,2025-02-21,10,9,Present
A007277,S04501,C010,2025-11-04,15,11,Low Attendance
A007278,S04447,C001,2025-12-02,10,4,Low Attendance
A007279,S19556,C031,2025-03-02,30,28,Present
A007280,S10901,C006,2025-05-20,20,2,Low Attendance
A007281,S11359,C016,2025-06-26,30,22,Low Attendance
A007282,S01122,C023,2025-02-20,20,10,Low Attendance
A007283,S12926,C043,2025-05-05,15,6,Low Attendance
A007284,S17653,C006,2025-01-30,25,19,Present
A007285,S09447,C022,2025-01-27,15,1,Low Attendance
A007286,S17319,C009,2025-01-29,20,16,Present
A007287,S03056,C038,2025-09-15,10,1,Low Attendance
A007288,S07602,C023,2025-02-14,25,14,Low Attendance
A007289,S14609,C008,2025-01-27,10,0,Low Attendance
A007290,S15604,C049,2025-02-26,25,8,Low Attendance
A007291,S12151,C045,2025-08-06,20,13,Low Attendance
A007292,S03153,C033,2025-10-30,30,0,Low Attendance
A007293,S03106,C001,2025-04-16,20,8,Low Attendance
A007294,S13132,C012,2025-08-19,30,19,Low Attendance
A007295,S01371,C044,2025-08-28,25,1,Low Attendance
A007296,S17224,C003,2025-07-03,30,1,Low Attendance
A007297,S02944,C018,2025-09-08,15,2,Low Attendance
A007298,S02241,C028,2025-02-14,20,4,Low Attendance
A007299,S13504,C029,2025-03-14,30,1,Low Attendance
A007300,S08857,C023,2025-10-09,10,1,Low Attendance
A007301,S16993,C032,2025-06-15,25,23,Present
A007302,S14214,C024,2025-10-02,20,6,Low Attendance
A007303,S11817,C002,2025-07-01,25,1,Low Attendance
A007304,S09245,C013,2025-03-02,30,9,Low Attendance
A007305,S04610,C030,2025-03-03,20,16,Present
A007306,S10793,C012,2025-02-21,30,28,Present
A007307,S01011,C009,2025-08-28,20,11,Low Attendance
A007308,S07192,C027,2025-02-09,25,2,Low Attendance
A007309,S10421,C049,2025-06-26,15,15,Present
A007310,S03797,C011,2025-08-09,20,16,Present
A007311,S16898,C012,2025-09-14,30,27,Present
A007312,S16268,C049,2025-03-14,20,1,Low Attendance
A007313,S03773,C033,2025-07-02,15,4,Low Attendance
A007314,S04559,C023,2025-05-06,20,14,Low Attendance
A007315,S09617,C026,2025-07-24,25,6,Low Attendance
A007316,S09172,C024,2025-07-31,20,13,Low Attendance
A007317,S06988,C048,2025-07-20,25,17,Low Attendance
A007318,S10532,C027,2025-07-01,15,3,Low Attendance
A007319,S05495,C041,2025-04-03,30,20,Low Attendance
A007320,S02389,C041,2025-07-04,20,15,Present
A007321,S05333,C048,2025-11-19,10,1,Low Attendance
A007322,S10048,C029,2025-11-06,20,0,Low Attendance
A007323,S12091,C046,2025-01-17,15,14,Present
A007324,S08731,C002,2025-03-30,10,6,Low Attendance
A007325,S09303,C027,2025-11-21,25,5,Low Attendance
A007326,S15911,C042,2025-10-02,20,3,Low Attendance
A007327,S08370,C017,2025-03-22,25,12,Low Attendance
A007328,S02066,C030,2025-10-16,15,11,Low Attendance
A007329,S15021,C001,2025-02-10,20,12,Low Attendance
A007330,S08105,C037,2025-03-02,30,19,Low Attendance
A007331,S18998,C020,2025-07-03,10,7,Low Attendance
A007332,S06556,C033,2025-05-17,30,13,Low Attendance
A007333,S18910,C021,2025-02-10,30,10,Low Attendance
A007334,S18304,C030,2025-08-21,20,1,Low Attendance
A007335,S12122,C015,2025-07-01,15,12,Present
A007336,S16592,C020,2025-09-22,10,7,Low Attendance
A007337,S08709,C007,2025-09-14,25,0,Low Attendance
A007338,S19431,C044,2025-07-10,30,21,Low Attendance
A007339,S08857,C032,2025-05-06,20,14,Low Attendance
A007340,S05881,C011,2025-10-11,10,10,Present
A007341,S02365,C002,2025-07-12,25,20,Present
A007342,S10421,C021,2025-02-07,10,5,Low Attendance
A007343,S05292,C024,2025-10-24,20,20,Present
A007344,S16641,C018,2025-12-22,25,25,Present
A007345,S17282,C023,2025-02-02,20,13,Low Attendance
A007346,S01281,C029,2025-01-10,20,11,Low Attendance
A007347,S15277,C010,2025-03-13,25,17,Low Attendance
A007348,S06094,C006,2025-12-23,30,16,Low Attendance
A007349,S07299,C004,2025-09-26,20,15,Present
A007350,S16192,C025,2025-09-18,25,20,Present
A007351,S03854,C040,2025-03-14,10,7,Low Attendance
A007352,S03396,C023,2025-05-21,15,13,Present
A007353,S11999,C007,2025-04-18,20,1,Low Attendance
A007354,S14130,C038,2025-01-28,10,5,Low Attendance
A007355,S09531,C027,2025-03-06,20,17,Present
A007356,S15028,C036,2025-06-07,20,6,Low Attendance
A007357,S11699,C047,2025-06-06,30,22,Low Attendance
A007358,S10514,C017,2025-02-03,25,17,Low Attendance
A007359,S11427,C032,2025-06-21,15,9,Low Attendance
A007360,S13660,C029,2025-09-10,30,16,Low Attendance
A007361,S10756,C046,2025-03-05,10,8,Present
A007362,S14122,C016,2025-02-04,25,1,Low Attendance
A007363,S16331,C005,2025-04-20,20,3,Low Attendance
A007364,S16346,C017,2025-08-18,10,7,Low Attendance
A007365,S16891,C019,2025-02-06,25,22,Present
A007366,S02616,C012,2025-10-01,15,13,Present
A007367,S01511,C020,2025-04-09,10,8,Present
A007368,S18996,C004,2025-07-20,30,18,Low Attendance
A007369,S11849,C006,2025-11-30,15,1,Low Attendance
A007370,S08197,C029,2025-04-13,10,2,Low Attendance
A007371,S06587,C034,2025-10-01,15,7,Low Attendance
A007372,S02480,C037,2025-08-24,10,2,Low Attendance
A007373,S19165,C011,2025-12-23,25,4,Low Attendance
A007374,S02956,C005,2025-06-12,30,27,Present
A007375,S06656,C048,2025-03-09,15,9,Low Attendance
A007376,S17519,C046,2025-11-28,20,9,Low Attendance
A007377,S10557,C043,2025-06-09,25,11,Low Attendance
A007378,S05848,C042,2025-10-31,20,11,Low Attendance
A007379,S00132,C035,2025-10-01,30,27,Present
A007380,S01422,C003,2025-07-10,20,15,Present
A007381,S17507,C016,2025-05-30,10,0,Low Attendance
A007382,S12326,C025,2025-12-06,10,8,Present
A007383,S02436,C045,2025-01-10,15,8,Low Attendance
A007384,S14025,C004,2025-07-09,25,9,Low Attendance
A007385,S17580,C020,2025-06-19,10,2,Low Attendance
A007386,S14167,C033,2025-06-30,15,9,Low Attendance
A007387,S17633,C047,2025-09-24,30,21,Low Attendance
A007388,S19023,C024,2025-05-02,10,0,Low Attendance
A007389,S12165,C004,2025-05-18,20,2,Low Attendance
A007390,S19386,C016,2025-06-19,20,7,Low Attendance
A007391,S07105,C019,2025-08-25,20,7,Low Attendance
A007392,S02008,C025,2025-02-28,20,3,Low Attendance
A007393,S03450,C018,2025-10-13,20,1,Low Attendance
A007394,S17350,C001,2025-04-23,30,24,Present
A007395,S04300,C005,2025-03-29,20,16,Present
A007396,S08354,C040,2025-09-19,10,4,Low Attendance
A007397,S08357,C017,2025-04-02,25,2,Low Attendance
A007398,S12381,C016,2025-04-22,30,21,Low Attendance
A007399,S15357,C014,2025-01-20,15,5,Low Attendance
A007400,S00950,C020,2025-07-28,15,13,Present
A007401,S15793,C027,2025-09-07,25,16,Low Attendance
A007402,S08200,C025,2025-12-03,10,2,Low Attendance
A007403,S06324,C030,2025-12-22,25,5,Low Attendance
A007404,S14559,C014,2025-10-17,10,6,Low Attendance
A007405,S09407,C039,2025-02-09,15,7,Low Attendance
A007406,S17035,C024,2025-04-19,20,1,Low Attendance
A007407,S12521,C048,2025-12-22,30,12,Low Attendance
A007408,S02329,C037,2025-08-27,10,10,Present
A007409,S15332,C017,2025-10-21,10,4,Low Attendance
A007410,S04881,C018,2025-07-28,15,9,Low Attendance
A007411,S05603,C024,2025-01-10,25,12,Low Attendance
A007412,S00447,C012,2025-12-19,15,10,Low Attendance
A007413,S16473,C014,2025-02-24,15,8,Low Attendance
A007414,S16181,C002,2025-09-01,10,6,Low Attendance
A007415,S19409,C004,2025-03-04,15,3,Low Attendance
A007416,S01019,C021,2025-08-31,15,4,Low Attendance
A007417,S13333,C015,2025-09-16,10,3,Low Attendance
A007418,S02344,C014,2025-02-10,15,13,Present
A007419,S09998,C037,2025-02-17,10,10,Present
A007420,S14862,C012,2025-03-18,15,11,Low Attendance
A007421,S02197,C017,2025-07-12,10,7,Low Attendance
A007422,S17410,C002,2025-12-19,25,17,Low Attendance
A007423,S05429,C045,2025-06-24,25,9,Low Attendance
A007424,S09897,C020,2025-10-02,15,5,Low Attendance
A007425,S14483,C049,2025-06-27,20,19,Present
A007426,S13734,C010,2025-03-15,10,7,Low Attendance
A007427,S18505,C023,2025-12-12,25,9,Low Attendance
A007428,S14466,C017,2025-09-05,10,2,Low Attendance
A007429,S14097,C046,2025-02-13,10,6,Low Attendance
A007430,S05692,C026,2025-08-02,25,20,Present
A007431,S10124,C035,2025-02-25,15,7,Low Attendance
A007432,S11814,C033,2025-06-24,10,2,Low Attendance
A007433,S04475,C033,2025-09-21,15,3,Low Attendance
A007434,S14380,C038,2025-10-29,15,13,Present
A007435,S13829,C014,2025-02-23,10,10,Present
A007436,S11322,C001,2025-09-16,10,6,Low Attendance
A007437,S13523,C011,2025-05-21,30,27,Present
A007438,S03903,C001,2025-08-23,30,5,Low Attendance
A007439,S05267,C010,2025-09-10,30,7,Low Attendance
A007440,S11118,C013,2025-02-11,10,2,Low Attendance
A007441,S18124,C006,2025-01-20,20,20,Present
A007442,S13584,C040,2025-03-26,20,15,Present
A007443,S01915,C048,2025-04-13,10,5,Low Attendance
A007444,S10044,C008,2025-11-23,20,5,Low Attendance
A007445,S08909,C043,2025-10-08,25,4,Low Attendance
A007446,S07813,C027,2025-09-16,10,5,Low Attendance
A007447,S06974,C037,2025-05-21,15,5,Low Attendance
A007448,S03923,C018,2025-04-19,30,15,Low Attendance
A007449,S11188,C017,2025-03-12,30,20,Low Attendance
A007450,S04030,C015,2025-04-04,20,14,Low Attendance
A007451,S07027,C035,2025-07-08,30,21,Low Attendance
A007452,S13467,C005,2025-06-04,15,7,Low Attendance
A007453,S01835,C002,2025-09-27,10,10,Present
A007454,S03694,C043,2025-06-30,25,7,Low Attendance
A007455,S12883,C010,2025-09-20,20,14,Low Attendance
A007456,S00177,C010,2025-02-08,20,19,Present
A007457,S01666,C016,2025-02-25,25,16,Low Attendance
A007458,S09231,C046,2025-08-12,10,0,Low Attendance
A007459,S15452,C027,2025-04-07,10,8,Present
A007460,S10388,C047,2025-06-19,15,8,Low Attendance
A007461,S14832,C026,2025-02-22,20,17,Present
A007462,S18835,C007,2025-07-12,15,10,Low Attendance
A007463,S07350,C034,2025-09-04,30,9,Low Attendance
A007464,S07099,C050,2025-11-16,25,13,Low Attendance
A007465,S14392,C042,2025-02-04,10,2,Low Attendance
A007466,S17500,C042,2025-06-18,30,1,Low Attendance
A007467,S18966,C034,2025-06-15,15,5,Low Attendance
A007468,S06042,C017,2025-12-06,25,25,Present
A007469,S02198,C031,2025-09-25,25,18,Low Attendance
A007470,S07689,C040,2025-10-01,25,0,Low Attendance
A007471,S08939,C036,2025-06-16,10,0,Low Attendance
A007472,S05861,C010,2025-06-10,25,2,Low Attendance
A007473,S10336,C003,2025-12-15,20,20,Present
A007474,S04669,C016,2025-03-05,30,1,Low Attendance
A007475,S04916,C003,2025-10-05,30,3,Low Attendance
A007476,S17328,C012,2025-10-31,10,3,Low Attendance
A007477,S15913,C038,2025-02-03,25,16,Low Attendance
A007478,S14031,C041,2025-02-20,20,5,Low Attendance
A007479,S00988,C023,2025-10-22,25,16,Low Attendance
A007480,S11952,C033,2025-11-29,25,16,Low Attendance
A007481,S10138,C012,2025-08-14,20,7,Low Attendance
A007482,S08009,C048,2025-05-15,25,16,Low Attendance
A007483,S03704,C013,2025-06-29,15,4,Low Attendance
A007484,S06413,C010,2025-03-01,15,6,Low Attendance
A007485,S09440,C044,2025-02-23,15,11,Low Attendance
A007486,S10712,C030,2025-09-22,10,3,Low Attendance
A007487,S01564,C029,2025-03-14,30,25,Present
A007488,S05590,C047,2025-11-16,10,4,Low Attendance
A007489,S15492,C034,2025-04-14,10,0,Low Attendance
A007490,S04996,C041,2025-12-01,30,13,Low Attendance
A007491,S07546,C043,2025-05-17,10,4,Low Attendance
A007492,S19451,C032,2025-11-18,30,24,Present
A007493,S07892,C036,2025-02-11,20,13,Low Attendance
A007494,S00704,C020,2025-09-11,20,0,Low Attendance
A007495,S00302,C036,2025-07-18,15,2,Low Attendance
A007496,S03131,C046,2025-03-28,15,1,Low Attendance
A007497,S11365,C048,2025-10-13,15,1,Low Attendance
A007498,S14489,C010,2025-05-27,25,13,Low Attendance
A007499,S11453,C023,2025-10-18,25,19,Present
A007500,S05892,C020,2025-02-24,25,7,Low Attendance
A007501,S01625,C010,2025-03-20,25,18,Low Attendance
A007502,S04784,C032,2025-07-07,15,14,Present
A007503,S14000,C041,2025-06-26,10,5,Low Attendance
A007504,S03425,C029,2025-03-19,30,5,Low Attendance
A007505,S13821,C043,2025-11-23,30,18,Low Attendance
A007506,S17670,C020,2025-06-16,30,5,Low Attendance
A007507,S01761,C011,2025-01-08,30,25,Present
A007508,S14942,C041,2025-03-29,15,4,Low Attendance
A007509,S05061,C007,2025-08-26,10,0,Low Attendance
A007510,S13248,C037,2025-04-19,25,8,Low Attendance
A007511,S11106,C001,2025-02-07,15,2,Low Attendance
A007512,S03505,C003,2025-07-22,25,23,Present
A007513,S19252,C014,2025-12-22,30,25,Present
A007514,S10784,C030,2025-12-03,20,19,Present
A007515,S02687,C019,2025-12-18,10,3,Low Attendance
A007516,S17384,C047,2025-02-16,20,2,Low Attendance
A007517,S11607,C044,2025-08-02,10,4,Low Attendance
A007518,S07110,C025,2025-01-23,10,2,Low Attendance
A007519,S19995,C009,2025-04-21,30,30,Present
A007520,S00572,C024,2025-05-29,25,0,Low Attendance
A007521,S19425,C005,2025-06-24,20,10,Low Attendance
A007522,S09273,C018,2025-10-05,15,2,Low Attendance
A007523,S18142,C047,2025-05-23,30,19,Low Attendance
A007524,S19036,C010,2025-12-18,20,18,Present
A007525,S14994,C011,2025-06-05,30,6,Low Attendance
A007526,S19042,C034,2025-11-02,15,5,Low Attendance
A007527,S04334,C008,2025-11-09,30,23,Present
A007528,S08450,C035,2025-04-09,15,2,Low Attendance
A007529,S04364,C007,2025-04-23,25,25,Present
A007530,S16682,C045,2025-03-03,15,9,Low Attendance
A007531,S18254,C015,2025-02-28,30,2,Low Attendance
A007532,S09651,C027,2025-01-08,30,16,Low Attendance
A007533,S08249,C032,2025-08-29,15,15,Present
A007534,S18651,C020,2025-11-26,10,7,Low Attendance
A007535,S06019,C032,2025-11-02,10,0,Low Attendance
A007536,S14947,C020,2025-08-20,20,11,Low Attendance
A007537,S03955,C009,2025-07-17,10,1,Low Attendance
A007538,S18736,C022,2025-08-17,15,9,Low Attendance
A007539,S19067,C025,2025-11-09,25,8,Low Attendance
A007540,S19330,C044,2025-12-16,15,15,Present
A007541,S00963,C044,2025-03-07,10,2,Low Attendance
A007542,S09334,C039,2025-09-10,15,14,Present
A007543,S10881,C006,2025-06-26,20,6,Low Attendance
A007544,S08866,C023,2025-01-24,25,24,Present
A007545,S09264,C022,2025-03-21,15,1,Low Attendance
A007546,S09376,C004,2025-10-11,25,12,Low Attendance
A007547,S04948,C003,2025-11-13,25,12,Low Attendance
A007548,S18081,C018,2025-08-31,30,2,Low Attendance
A007549,S14485,C015,2025-06-02,10,0,Low Attendance
A007550,S00322,C042,2025-02-25,20,20,Present
A007551,S11027,C025,2025-09-28,15,6,Low Attendance
A007552,S12554,C025,2025-12-07,10,5,Low Attendance
A007553,S17367,C006,2025-11-27,10,10,Present
A007554,S10424,C029,2025-01-20,25,14,Low Attendance
A007555,S15299,C048,2025-08-30,10,7,Low Attendance
A007556,S00062,C011,2025-06-02,20,12,Low Attendance
A007557,S04591,C016,2025-10-03,30,11,Low Attendance
A007558,S07446,C036,2025-03-01,20,5,Low Attendance
A007559,S01571,C021,2025-03-29,25,20,Present
A007560,S09861,C031,2025-05-26,25,7,Low Attendance
A007561,S09480,C007,2025-01-02,20,3,Low Attendance
A007562,S03207,C012,2025-06-02,20,14,Low Attendance
A007563,S12542,C009,2025-03-14,30,25,Present
A007564,S08499,C007,2025-04-16,20,15,Present
A007565,S15265,C037,2025-12-25,25,8,Low Attendance
A007566,S09863,C043,2025-01-10,30,18,Low Attendance
A007567,S15419,C021,2025-07-23,15,4,Low Attendance
A007568,S13215,C024,2025-01-31,25,17,Low Attendance
A007569,S15489,C042,2025-04-30,10,6,Low Attendance
A007570,S09434,C012,2025-05-18,15,2,Low Attendance
A007571,S16055,C021,2025-03-14,15,6,Low Attendance
A007572,S05921,C007,2025-02-25,30,27,Present
A007573,S03240,C004,2025-07-07,30,2,Low Attendance
A007574,S09210,C026,2025-02-03,10,0,Low Attendance
A007575,S16719,C008,2025-07-08,30,8,Low Attendance
A007576,S00948,C006,2025-12-17,10,8,Present
A007577,S12601,C041,2025-12-09,30,9,Low Attendance
A007578,S13181,C050,2025-05-03,10,2,Low Attendance
A007579,S18920,C022,2025-03-20,25,24,Present
A007580,S05716,C006,2025-02-15,20,20,Present
A007581,S02395,C019,2025-11-25,10,0,Low Attendance
A007582,S18792,C021,2025-02-22,10,5,Low Attendance
A007583,S00702,C043,2025-12-21,20,18,Present
A007584,S02765,C004,2025-05-06,30,10,Low Attendance
A007585,S19612,C012,2025-05-22,15,15,Present
A007586,S14250,C002,2025-07-30,10,4,Low Attendance
A007587,S00859,C007,2025-01-10,15,12,Present
A007588,S08596,C016,2025-05-25,30,0,Low Attendance
A007589,S15544,C004,2025-01-26,25,15,Low Attendance
A007590,S00711,C034,2025-11-27,30,14,Low Attendance
A007591,S07409,C037,2025-12-20,30,11,Low Attendance
A007592,S00863,C011,2025-12-17,30,29,Present
A007593,S09228,C009,2025-04-11,10,9,Present
A007594,S13081,C005,2025-06-27,25,17,Low Attendance
A007595,S08807,C001,2025-03-13,10,0,Low Attendance
A007596,S12982,C043,2025-02-24,25,11,Low Attendance
A007597,S08394,C024,2025-03-16,25,18,Low Attendance
A007598,S08271,C011,2025-01-08,15,12,Present
A007599,S05563,C003,2025-08-11,25,18,Low Attendance
A007600,S11828,C033,2025-02-13,30,5,Low Attendance
A007601,S00442,C027,2025-09-23,30,20,Low Attendance
A007602,S05305,C016,2025-01-20,10,6,Low Attendance
A007603,S00621,C049,2025-05-20,15,9,Low Attendance
A007604,S02957,C009,2025-11-24,10,7,Low Attendance
A007605,S15955,C036,2025-02-14,30,14,Low Attendance
A007606,S02002,C012,2025-07-13,10,1,Low Attendance
A007607,S11275,C004,2025-10-11,20,19,Present
A007608,S07156,C034,2025-03-01,30,1,Low Attendance
A007609,S05191,C007,2025-03-03,20,9,Low Attendance
A007610,S10914,C012,2025-10-31,15,15,Present
A007611,S03256,C016,2025-10-31,20,11,Low Attendance
A007612,S06019,C011,2025-07-17,10,3,Low Attendance
A007613,S19859,C026,2025-08-09,20,4,Low Attendance
A007614,S17853,C015,2025-08-15,20,7,Low Attendance
A007615,S02528,C039,2025-08-03,25,10,Low Attendance
A007616,S04262,C013,2025-09-18,20,3,Low Attendance
A007617,S11966,C014,2025-07-07,30,13,Low Attendance
A007618,S00056,C022,2025-04-02,10,9,Present
A007619,S10007,C036,2025-08-25,10,5,Low Attendance
A007620,S12791,C042,2025-08-10,25,20,Present
A007621,S18289,C046,2025-03-01,30,6,Low Attendance
A007622,S03476,C034,2025-11-13,15,15,Present
A007623,S11844,C015,2025-07-26,10,5,Low Attendance
A007624,S18797,C029,2025-10-26,10,0,Low Attendance
A007625,S03030,C034,2025-01-02,15,11,Low Attendance
A007626,S06251,C020,2025-10-09,30,13,Low Attendance
A007627,S12695,C012,2025-03-26,30,27,Present
A007628,S01760,C007,2025-04-16,20,9,Low Attendance
A007629,S02510,C048,2025-04-28,25,11,Low Attendance
A007630,S19239,C002,2025-06-22,10,8,Present
A007631,S14855,C049,2025-02-18,25,6,Low Attendance
A007632,S09952,C049,2025-05-05,15,1,Low Attendance
A007633,S18712,C025,2025-07-09,25,7,Low Attendance
A007634,S06751,C015,2025-09-14,25,16,Low Attendance
A007635,S07167,C045,2025-09-20,30,0,Low Attendance
A007636,S10115,C050,2025-10-14,30,4,Low Attendance
A007637,S04314,C043,2025-04-20,25,15,Low Attendance
A007638,S00742,C001,2025-09-09,10,10,Present
A007639,S14511,C030,2025-03-24,15,1,Low Attendance
A007640,S07601,C033,2025-07-19,30,8,Low Attendance
A007641,S09799,C002,2025-12-21,30,27,Present
A007642,S13571,C030,2025-03-31,25,18,Low Attendance
A007643,S16377,C034,2025-11-18,15,14,Present
A007644,S04772,C050,2025-05-06,10,7,Low Attendance
A007645,S10364,C022,2025-08-13,10,3,Low Attendance
A007646,S18475,C049,2025-11-29,30,3,Low Attendance
A007647,S15974,C023,2025-08-02,20,14,Low Attendance
A007648,S15311,C014,2025-11-05,10,7,Low Attendance
A007649,S19090,C017,2025-02-14,10,8,Present
A007650,S03275,C015,2025-03-11,10,8,Present
A007651,S01403,C004,2025-08-17,15,15,Present
A007652,S06362,C033,2025-12-15,15,2,Low Attendance
A007653,S03747,C044,2025-12-05,30,27,Present
A007654,S06458,C009,2025-07-10,10,4,Low Attendance
A007655,S00403,C043,2025-02-17,10,8,Present
A007656,S18898,C046,2025-06-05,30,25,Present
A007657,S07464,C011,2025-09-07,20,16,Present
A007658,S08149,C015,2025-07-18,25,24,Present
A007659,S02997,C046,2025-02-13,15,2,Low Attendance
A007660,S02923,C007,2025-05-25,30,22,Low Attendance
A007661,S14479,C020,2025-10-19,30,16,Low Attendance
A007662,S18729,C004,2025-05-15,30,21,Low Attendance
A007663,S00374,C027,2025-08-04,10,10,Present
A007664,S14020,C004,2025-09-11,20,19,Present
A007665,S15307,C022,2025-04-14,15,15,Present
A007666,S02934,C035,2025-12-26,15,7,Low Attendance
A007667,S08482,C018,2025-05-10,20,16,Present
A007668,S17831,C017,2025-02-24,20,12,Low Attendance
A007669,S00071,C038,2025-02-27,15,6,Low Attendance
A007670,S12526,C010,2025-10-17,20,16,Present
A007671,S16826,C001,2025-10-01,10,1,Low Attendance
A007672,S15702,C043,2025-04-23,10,7,Low Attendance
A007673,S11301,C017,2025-05-13,15,5,Low Attendance
A007674,S08245,C008,2025-12-31,25,9,Low Attendance
A007675,S11493,C022,2025-12-06,20,3,Low Attendance
A007676,S05204,C049,2025-09-23,15,10,Low Attendance
A007677,S10958,C012,2025-10-18,20,14,Low Attendance
A007678,S19565,C044,2025-06-23,20,6,Low Attendance
A007679,S08984,C048,2025-02-06,20,9,Low Attendance
A007680,S15035,C034,2025-08-12,30,4,Low Attendance
A007681,S08533,C020,2025-10-19,15,10,Low Attendance
A007682,S11451,C046,2025-07-02,10,3,Low Attendance
A007683,S16725,C029,2025-11-20,25,2,Low Attendance
A007684,S15842,C020,2025-05-18,10,4,Low Attendance
A007685,S16195,C006,2025-04-13,30,5,Low Attendance
A007686,S18865,C011,2025-04-13,15,13,Present
A007687,S07091,C037,2025-06-29,25,20,Present
A007688,S11913,C038,2025-06-02,20,15,Present
A007689,S18289,C007,2025-04-28,10,2,Low Attendance
A007690,S01232,C020,2025-11-26,25,4,Low Attendance
A007691,S02349,C011,2025-09-18,10,7,Low Attendance
A007692,S16583,C048,2025-09-04,30,2,Low Attendance
A007693,S08965,C033,2025-12-08,25,21,Present
A007694,S18950,C007,2025-01-19,30,5,Low Attendance
A007695,S18430,C044,2025-12-07,25,22,Present
A007696,S14723,C009,2025-04-10,10,3,Low Attendance
A007697,S11149,C025,2025-03-25,10,1,Low Attendance
A007698,S13417,C049,2025-10-05,10,9,Present
A007699,S07111,C046,2025-02-23,15,4,Low Attendance
A007700,S09950,C004,2025-08-14,15,3,Low Attendance
A007701,S10761,C019,2025-03-05,20,16,Present
A007702,S07880,C022,2025-01-11,25,18,Low Attendance
A007703,S03180,C050,2025-02-02,20,15,Present
A007704,S08303,C006,2025-10-02,20,13,Low Attendance
A007705,S09126,C047,2025-11-07,10,10,Present
A007706,S08517,C030,2025-11-25,30,26,Present
A007707,S04527,C001,2025-01-15,20,1,Low Attendance
A007708,S13179,C041,2025-01-31,20,7,Low Attendance
A007709,S06732,C015,2025-06-24,15,0,Low Attendance
A007710,S07649,C044,2025-12-05,15,10,Low Attendance
A007711,S16339,C023,2025-11-26,20,3,Low Attendance
A007712,S02660,C012,2025-02-12,20,17,Present
A007713,S08791,C036,2025-07-09,30,24,Present
A007714,S03465,C041,2025-01-06,10,7,Low Attendance
A007715,S08019,C014,2025-06-05,10,5,Low Attendance
A007716,S10340,C021,2025-06-10,30,19,Low Attendance
A007717,S12718,C013,2025-10-12,15,7,Low Attendance
A007718,S18822,C035,2025-09-01,10,5,Low Attendance
A007719,S14620,C011,2025-03-14,10,5,Low Attendance
A007720,S11833,C006,2025-09-25,25,5,Low Attendance
A007721,S09803,C035,2025-08-09,10,10,Present
A007722,S10781,C042,2025-08-26,15,0,Low Attendance
A007723,S13723,C029,2025-04-15,20,15,Present
A007724,S00194,C028,2025-11-16,20,18,Present
A007725,S05084,C020,2025-04-02,15,2,Low Attendance
A007726,S04506,C009,2025-03-12,15,6,Low Attendance
A007727,S17249,C030,2025-07-26,15,5,Low Attendance
A007728,S09464,C005,2025-07-25,15,14,Present
A007729,S12516,C047,2025-05-06,30,30,Present
A007730,S06173,C044,2025-02-07,10,3,Low Attendance
A007731,S13852,C019,2025-06-07,20,11,Low Attendance
A007732,S16139,C024,2025-08-07,15,8,Low Attendance
A007733,S18230,C034,2025-06-05,15,14,Present
A007734,S17731,C005,2025-09-17,30,16,Low Attendance
A007735,S00217,C030,2025-10-18,30,0,Low Attendance
A007736,S12549,C021,2025-03-17,25,1,Low Attendance
A007737,S13296,C046,2025-02-11,25,1,Low Attendance
A007738,S04810,C032,2025-04-25,25,22,Present
A007739,S05849,C007,2025-09-10,25,5,Low Attendance
A007740,S02659,C011,2025-05-08,30,16,Low Attendance
A007741,S16294,C039,2025-10-22,10,10,Present
A007742,S10413,C009,2025-11-26,20,4,Low Attendance
A007743,S01804,C043,2025-08-21,25,9,Low Attendance
A007744,S09361,C039,2025-01-02,25,12,Low Attendance
A007745,S17828,C030,2025-01-26,15,8,Low Attendance
A007746,S04338,C023,2025-02-11,25,11,Low Attendance
A007747,S11217,C022,2025-01-03,10,0,Low Attendance
A007748,S16321,C017,2025-01-14,30,1,Low Attendance
A007749,S16534,C048,2025-08-02,10,1,Low Attendance
A007750,S15793,C036,2025-08-14,30,27,Present
A007751,S17596,C050,2025-04-18,30,26,Present
A007752,S09267,C019,2025-02-05,15,15,Present
A007753,S08187,C005,2025-07-03,25,24,Present
A007754,S01167,C013,2025-02-25,25,11,Low Attendance
A007755,S01438,C008,2025-05-12,15,5,Low Attendance
A007756,S12072,C020,2025-11-25,10,3,Low Attendance
A007757,S11232,C002,2025-01-15,10,1,Low Attendance
A007758,S15254,C048,2025-09-07,15,2,Low Attendance
A007759,S04893,C040,2025-10-04,15,11,Low Attendance
A007760,S04129,C030,2025-10-16,30,9,Low Attendance
A007761,S13965,C032,2025-01-17,25,10,Low Attendance
A007762,S00551,C026,2025-12-25,30,26,Present
A007763,S10494,C050,2025-12-10,25,14,Low Attendance
A007764,S09784,C049,2025-02-01,25,19,Present
A007765,S12110,C021,2025-08-28,10,10,Present
A007766,S19135,C019,2025-06-24,20,6,Low Attendance
A007767,S03625,C010,2025-01-13,30,21,Low Attendance
A007768,S11351,C046,2025-10-02,20,8,Low Attendance
A007769,S00363,C005,2025-07-08,15,10,Low Attendance
A007770,S15436,C001,2025-06-14,15,7,Low Attendance
A007771,S04026,C030,2025-10-15,15,1,Low Attendance
A007772,S15553,C009,2025-01-10,15,14,Present
A007773,S05035,C034,2025-11-14,10,9,Present
A007774,S16293,C040,2025-11-24,25,22,Present
A007775,S00867,C009,2025-01-25,20,11,Low Attendance
A007776,S11990,C037,2025-12-06,25,8,Low Attendance
A007777,S07806,C019,2025-12-16,20,10,Low Attendance
A007778,S00158,C026,2025-06-06,15,10,Low Attendance
A007779,S00259,C029,2025-07-28,15,12,Present
A007780,S00649,C022,2025-10-25,20,2,Low Attendance
A007781,S04838,C033,2025-06-15,25,14,Low Attendance
A007782,S00003,C003,2025-03-27,10,7,Low Attendance
A007783,S08228,C027,2025-05-07,20,19,Present
A007784,S04554,C031,2025-01-15,20,5,Low Attendance
A007785,S11642,C026,2025-10-10,25,21,Present
A007786,S06299,C037,2025-10-16,25,4,Low Attendance
A007787,S09530,C038,2025-04-10,25,22,Present
A007788,S06091,C030,2025-12-28,10,7,Low Attendance
A007789,S06973,C014,2025-05-05,20,1,Low Attendance
A007790,S15738,C038,2025-08-23,15,8,Low Attendance
A007791,S00164,C010,2025-04-09,15,7,Low Attendance
A007792,S18189,C036,2025-12-19,25,15,Low Attendance
A007793,S15582,C007,2025-11-08,30,13,Low Attendance
A007794,S12038,C015,2025-07-22,15,8,Low Attendance
A007795,S00424,C014,2025-10-05,15,9,Low Attendance
A007796,S18307,C043,2025-05-19,30,1,Low Attendance
A007797,S14339,C047,2025-01-18,25,19,Present
A007798,S00286,C035,2025-04-28,30,12,Low Attendance
A007799,S14535,C028,2025-08-18,25,20,Present
A007800,S15087,C022,2025-02-01,25,21,Present
A007801,S17172,C034,2025-01-09,10,9,Present
A007802,S15845,C028,2025-02-12,20,16,Present
A007803,S16866,C009,2025-03-13,10,9,Present
A007804,S17009,C029,2025-04-10,25,24,Present
A007805,S19982,C029,2025-03-21,15,3,Low Attendance
A007806,S16786,C016,2025-03-20,15,8,Low Attendance
A007807,S18819,C021,2025-09-03,10,7,Low Attendance
A007808,S02880,C038,2025-02-26,15,10,Low Attendance
A007809,S11594,C043,2025-09-25,20,8,Low Attendance
A007810,S00582,C004,2025-09-18,20,2,Low Attendance
A007811,S14800,C021,2025-11-11,30,9,Low Attendance
A007812,S10680,C043,2025-08-14,25,6,Low Attendance
A007813,S00480,C028,2025-12-22,30,20,Low Attendance
A007814,S13028,C035,2025-04-22,30,27,Present
A007815,S01849,C042,2025-11-28,10,9,Present
A007816,S16598,C035,2025-05-15,25,18,Low Attendance
A007817,S19369,C001,2025-12-05,10,10,Present
A007818,S16926,C036,2025-01-04,15,10,Low Attendance
A007819,S05478,C035,2025-02-11,15,9,Low Attendance
A007820,S01738,C042,2025-05-12,20,10,Low Attendance
A007821,S12179,C015,2025-01-03,10,7,Low Attendance
A007822,S02078,C033,2025-06-12,10,1,Low Attendance
A007823,S05725,C014,2025-02-08,15,8,Low Attendance
A007824,S03147,C039,2025-02-05,30,26,Present
A007825,S08260,C039,2025-11-16,30,9,Low Attendance
A007826,S09328,C024,2025-11-21,20,17,Present
A007827,S17971,C002,2025-08-18,10,9,Present
A007828,S10154,C002,2025-10-20,20,15,Present
A007829,S13251,C017,2025-05-27,20,10,Low Attendance
A007830,S14735,C014,2025-06-16,25,15,Low Attendance
A007831,S09930,C024,2025-08-04,10,4,Low Attendance
A007832,S00664,C047,2025-09-28,30,14,Low Attendance
A007833,S15968,C017,2025-11-05,20,0,Low Attendance
A007834,S06345,C014,2025-05-29,10,1,Low Attendance
A007835,S04362,C021,2025-06-20,30,2,Low Attendance
A007836,S15050,C024,2025-05-20,25,4,Low Attendance
A007837,S05019,C048,2025-05-20,30,6,Low Attendance
A007838,S01524,C010,2025-03-07,15,6,Low Attendance
A007839,S07571,C036,2025-03-04,20,5,Low Attendance
A007840,S04256,C014,2025-01-07,15,5,Low Attendance
A007841,S18455,C029,2025-10-19,20,10,Low Attendance
A007842,S10565,C025,2025-12-01,20,8,Low Attendance
A007843,S00500,C017,2025-07-08,15,10,Low Attendance
A007844,S00090,C013,2025-03-12,30,15,Low Attendance
A007845,S02171,C017,2025-10-24,10,4,Low Attendance
A007846,S06783,C008,2025-10-19,25,12,Low Attendance
A007847,S18430,C032,2025-03-24,30,23,Present
A007848,S07584,C041,2025-12-05,25,22,Present
A007849,S11562,C048,2025-01-08,25,15,Low Attendance
A007850,S04819,C043,2025-12-29,10,4,Low Attendance
A007851,S06434,C012,2025-12-01,15,4,Low Attendance
A007852,S19440,C042,2025-10-30,10,6,Low Attendance
A007853,S12421,C020,2025-08-08,30,13,Low Attendance
A007854,S12437,C049,2025-06-12,20,1,Low Attendance
A007855,S10548,C039,2025-07-28,25,7,Low Attendance
A007856,S06606,C030,2025-11-26,20,4,Low Attendance
A007857,S11741,C020,2025-11-20,10,2,Low Attendance
A007858,S06074,C005,2025-03-26,20,12,Low Attendance
A007859,S06436,C048,2025-06-23,30,15,Low Attendance
A007860,S18516,C019,2025-05-09,20,5,Low Attendance
A007861,S17534,C046,2025-03-12,30,21,Low Attendance
A007862,S19503,C024,2025-04-27,30,11,Low Attendance
A007863,S19334,C021,2025-11-03,10,1,Low Attendance
A007864,S01346,C015,2025-10-13,10,3,Low Attendance
A007865,S17080,C019,2025-04-25,30,4,Low Attendance
A007866,S13929,C040,2025-12-22,30,27,Present
A007867,S08995,C039,2025-01-15,20,16,Present
A007868,S08109,C002,2025-08-11,25,19,Present
A007869,S12444,C003,2025-12-08,15,12,
A007870,S00807,C035,2025-08-30,30,15,Low Attendance
A007871,S16766,C029,2025-10-13,10,2,Low Attendance
A007872,S10356,C026,2025-05-03,10,10,Present
A007873,S17655,C022,2025-03-01,30,17,Low Attendance
A007874,S15603,C035,2025-08-09,10,10,Present
A007875,S19205,C014,2025-10-10,15,9,Low Attendance
A007876,S08804,C036,2025-10-25,30,27,Present
A007877,S07727,C025,2025-05-30,25,11,Low Attendance
A007878,S01481,C045,2025-09-05,15,4,Low Attendance
A007879,S17174,C043,2025-03-31,30,24,Present
A007880,S00751,C010,2025-03-19,10,7,Low Attendance
A007881,S05281,C011,2025-08-28,20,3,Low Attendance
A007882,S09029,C029,2025-02-08,30,27,Present
A007883,S15485,C033,2025-11-28,15,7,Low Attendance
A007884,S10879,C041,2025-03-21,20,15,Present
A007885,S09277,C007,2025-07-31,20,3,Low Attendance
A007886,S19548,C008,2025-05-06,20,6,Low Attendance
A007887,S10240,C038,2025-02-27,25,20,Present
A007888,S01668,C037,2025-11-29,20,10,Low Attendance
A007889,S11983,C042,2025-12-02,30,13,Low Attendance
A007890,S11447,C012,2025-10-11,15,0,Low Attendance
A007891,S16127,C036,2025-11-16,30,6,Low Attendance
A007892,S05212,C012,2025-05-09,15,14,Present
A007893,S00544,C030,2025-08-11,15,3,Low Attendance
A007894,S03469,C012,2025-05-25,20,5,Low Attendance
A007895,S00240,C038,2025-06-30,25,16,Low Attendance
A007896,S01629,C034,2025-06-05,10,5,Low Attendance
A007897,S09934,C033,2025-05-11,30,23,Present
A007898,S11370,C030,2025-11-16,25,25,Present
A007899,S12471,C009,2025-03-30,25,13,Low Attendance
A007900,S07165,C046,2025-11-14,10,3,Low Attendance
A007901,S16268,C030,2025-09-29,30,20,Low Attendance
A007902,S10421,C007,2025-07-21,30,5,Low Attendance
A007903,S14495,C006,2025-10-08,10,9,Present
A007904,S00860,C022,2025-08-28,20,2,Low Attendance
A007905,S15969,C007,2025-11-12,25,18,Low Attendance
A007906,S06530,C014,2025-02-27,20,5,Low Attendance
A007907,S02162,C035,2025-06-02,30,0,Low Attendance
A007908,S17997,C042,2025-01-27,25,25,Present
A007909,S00845,C030,2025-08-22,30,30,Present
A007910,S08878,C034,2025-04-05,15,14,Present
A007911,S13136,C050,2025-06-16,10,9,Present
A007912,S14198,C046,2025-01-11,20,2,Low Attendance
A007913,S16698,C026,2025-06-17,20,10,Low Attendance
A007914,S16926,C021,2025-11-10,20,16,Present
A007915,S18588,C036,2025-08-14,20,14,Low Attendance
A007916,S11143,C012,2025-12-17,25,19,Present
A007917,S19265,C038,2025-03-05,30,14,Low Attendance
A007918,S01478,C027,2025-05-30,15,11,Low Attendance
A007919,S18613,C030,2025-08-04,10,2,Low Attendance
A007920,S06290,C022,2025-02-03,20,2,Low Attendance
A007921,S10939,C018,2025-01-06,20,7,Low Attendance
A007922,S02769,C042,2025-05-17,20,6,Low Attendance
A007923,S18760,C030,2025-02-03,15,8,Low Attendance
A007924,S18948,C001,2025-07-22,10,7,Low Attendance
A007925,S06694,C028,2025-01-08,15,1,Low Attendance
A007926,S04992,C002,2025-03-11,10,1,Low Attendance
A007927,S07633,C021,2025-09-24,25,7,Low Attendance
A007928,S00626,C034,2025-11-25,30,22,Low Attendance
A007929,S15139,C006,2025-01-22,10,7,Low Attendance
A007930,S00605,C040,2025-03-19,20,18,Present
A007931,S09627,C035,2025-08-11,20,14,Low Attendance
A007932,S03518,C033,2025-02-20,15,5,Low Attendance
A007933,S05597,C023,2025-10-05,30,3,Low Attendance
A007934,S02178,C026,2025-04-01,30,7,Low Attendance
A007935,S01025,C035,2025-05-11,20,8,Low Attendance
A007936,S00638,C032,2025-11-01,15,4,Low Attendance
A007937,S00949,C031,2025-10-20,20,15,Present
A007938,S03503,C037,2025-09-07,20,5,Low Attendance
A007939,S16281,C016,2025-02-13,10,10,Present
A007940,S12513,C022,2025-11-26,10,4,Low Attendance
A007941,S04062,C048,2025-11-02,25,0,Low Attendance
A007942,S17213,C043,2025-11-30,10,4,Low Attendance
A007943,S09952,C006,2025-08-02,20,10,Low Attendance
A007944,S04965,C004,2025-04-07,30,4,Low Attendance
A007945,S10670,C022,2025-01-21,25,11,Low Attendance
A007946,S19803,C042,2025-12-05,10,9,Present
A007947,S11793,C014,2025-12-16,20,19,Present
A007948,S12557,C021,2025-03-23,30,1,Low Attendance
A007949,S15264,C026,2025-02-22,20,20,Present
A007950,S12752,C028,2025-04-22,10,8,Present
A007951,S02804,C021,2025-08-04,30,20,Low Attendance
A007952,S02636,C026,2025-09-30,15,13,Present
A007953,S14563,C046,2025-03-06,20,4,Low Attendance
A007954,S17936,C050,2025-10-07,15,3,Low Attendance
A007955,S07614,C046,2025-03-27,25,18,Low Attendance
A007956,S13960,C027,2025-08-27,25,23,Present
A007957,S12669,C029,2025-07-15,15,7,Low Attendance
A007958,S11306,C007,2025-10-09,15,3,Low Attendance
A007959,S18369,C047,2025-06-19,10,4,
A007960,S14352,C043,2025-02-01,15,11,Low Attendance
A007961,S14196,C004,2025-08-25,10,9,Present
A007962,S05056,C037,2025-10-29,20,7,Low Attendance
A007963,S03245,C035,2025-11-02,15,15,Present
A007964,S02492,C021,2025-04-25,10,3,Low Attendance
A007965,S00466,C008,2025-07-08,10,9,Present
A007966,S16606,C012,2025-02-14,25,10,Low Attendance
A007967,S06768,C016,2025-10-26,20,9,Low Attendance
A007968,S17401,C016,2025-04-11,20,18,Present
A007969,S17517,C018,2025-11-12,15,11,Low Attendance
A007970,S13391,C038,2025-05-31,25,11,Low Attendance
A007971,S16938,C028,2025-09-08,20,7,Low Attendance
A007972,S11905,C050,2025-05-26,20,5,Low Attendance
A007973,S03680,C040,2025-06-12,10,0,Low Attendance
A007974,S07241,C015,2025-02-05,10,1,Low Attendance
A007975,S19911,C035,2025-04-12,20,3,Low Attendance
A007976,S11389,C005,2025-12-24,30,25,Present
A007977,S11773,C025,2025-10-01,25,25,Present
A007978,S16581,C048,2025-11-05,10,1,Low Attendance
A007979,S09252,C015,2025-04-20,30,5,Low Attendance
A007980,S10772,C040,2025-02-04,30,6,Low Attendance
A007981,S01403,C036,2025-02-02,25,17,Low Attendance
A007982,S08327,C003,2025-08-01,20,16,Present
A007983,S18961,C043,2025-02-08,30,29,Present
A007984,S05740,C026,2025-08-04,25,21,Present
A007985,S13368,C043,2025-01-27,25,8,Low Attendance
A007986,S15355,C013,2025-03-07,20,2,Low Attendance
A007987,S16916,C005,2025-12-24,10,0,Low Attendance
A007988,S06296,C047,2025-06-16,15,5,Low Attendance
A007989,S12224,C003,2025-08-17,10,9,Present
A007990,S11452,C048,2025-11-12,25,14,Low Attendance
A007991,S01711,C046,2025-10-27,10,3,Low Attendance
A007992,S16015,C049,2025-01-01,15,10,Low Attendance
A007993,S02523,C026,2025-04-15,15,13,Present
A007994,S14924,C019,2025-07-16,30,14,Low Attendance
A007995,S18391,C019,2025-05-16,10,3,Low Attendance
A007996,S09905,C007,2025-02-19,10,1,Low Attendance
A007997,S07349,C025,2025-03-21,30,14,Low Attendance
A007998,S02060,C016,2025-08-14,30,20,Low Attendance
A007999,S09036,C043,2025-05-23,30,11,Low Attendance
A008000,S16496,C049,2025-04-14,20,0,Low Attendance
A008001,S05893,C034,2025-06-03,25,10,Low Attendance
A008002,S15909,C017,2025-04-03,25,22,Present
A008003,S01587,C006,2025-10-12,15,15,Present
A008004,S17123,C005,2025-03-17,10,5,Low Attendance
A008005,S19473,C004,2025-02-23,30,16,Low Attendance
A008006,S16500,C022,2025-10-20,10,9,Present
A008007,S14527,C013,2025-07-16,30,26,Present
A008008,S08384,C036,2025-12-14,20,13,Low Attendance
A008009,S14608,C021,2025-04-20,30,30,Present
A008010,S06340,C011,2025-12-16,30,10,Low Attendance
A008011,S02183,C006,2025-01-16,25,6,Low Attendance
A008012,S03985,C017,2025-02-02,25,23,Present
A008013,S04690,C047,2025-09-28,20,5,Low Attendance
A008014,S15582,C026,2025-04-23,25,12,Low Attendance
A008015,S02255,C029,2025-11-17,30,22,Low Attendance
A008016,S08562,C033,2025-10-08,25,2,Low Attendance
A008017,S17308,C045,2025-11-15,30,20,Low Attendance
A008018,S02413,C019,2025-06-20,25,13,Low Attendance
A008019,S13795,C024,2025-08-27,30,21,Low Attendance
A008020,S19397,C049,2025-12-07,25,18,Low Attendance
A008021,S03800,C007,2025-07-26,25,4,Low Attendance
A008022,S14910,C022,2025-10-04,15,4,Low Attendance
A008023,S12175,C001,2025-09-23,30,23,Present
A008024,S00264,C037,2025-09-29,15,9,Low Attendance
A008025,S09500,C005,2025-10-07,25,7,Low Attendance
A008026,S04765,C028,2025-09-28,15,3,Low Attendance
A008027,S09552,C044,2025-04-01,20,11,Low Attendance
A008028,S07546,C013,2025-12-21,15,6,Low Attendance
A008029,S00289,C035,2025-08-28,10,2,Low Attendance
A008030,S10341,C014,2025-09-28,20,9,Low Attendance
A008031,S06367,C004,2025-03-20,30,20,Low Attendance
A008032,S19623,C023,2025-01-01,25,19,Present
A008033,S16733,C048,2025-11-23,25,1,Low Attendance
A008034,S16928,C029,2025-01-05,25,10,Low Attendance
A008035,S18369,C012,2025-07-04,20,12,Low Attendance
A008036,S17247,C044,2025-05-29,30,4,Low Attendance
A008037,S01828,C031,2025-12-28,10,0,Low Attendance
A008038,S19874,C023,2025-01-05,10,6,Low Attendance
A008039,S00928,C038,2025-02-04,15,4,Low Attendance
A008040,S10022,C018,2025-06-03,10,6,Low Attendance
A008041,S18580,C050,2025-07-29,15,14,Present
A008042,S19453,C012,2025-09-02,10,3,Low Attendance
A008043,S08027,C023,2025-12-04,20,9,Low Attendance
A008044,S06168,C020,2025-09-25,15,5,Low Attendance
A008045,S05276,C042,2025-11-27,25,13,Low Attendance
A008046,S17310,C035,2025-11-21,20,17,Present
A008047,S15063,C021,2025-08-18,25,12,Low Attendance
A008048,S09144,C045,2025-04-24,20,13,Low Attendance
A008049,S11538,C048,2025-06-22,20,13,Low Attendance
A008050,S15007,C006,2025-07-03,25,23,Present
A008051,S07786,C011,2025-06-23,20,14,Low Attendance
A008052,S00813,C043,2025-01-14,30,0,Low Attendance
A008053,S08536,C047,2025-05-28,30,19,Low Attendance
A008054,S07148,C033,2025-09-24,30,28,Present
A008055,S19779,C020,2025-07-02,30,3,Low Attendance
A008056,S01283,C001,2025-05-05,25,21,Present
A008057,S16967,C009,2025-04-26,30,10,Low Attendance
A008058,S05052,C047,2025-04-22,15,7,Low Attendance
A008059,S01791,C050,2025-03-19,10,10,Present
A008060,S12598,C019,2025-04-11,30,12,Low Attendance
A008061,S13253,C034,2025-01-04,15,10,Low Attendance
A008062,S04048,C046,2025-09-12,15,12,Present
A008063,S07612,C028,2025-09-18,25,13,Low Attendance
A008064,S00299,C042,2025-05-22,30,13,Low Attendance
A008065,S04709,C018,2025-09-25,10,3,Low Attendance
A008066,S03134,C005,2025-01-10,20,18,Present
A008067,S18183,C038,2025-10-21,15,4,Low Attendance
A008068,S15596,C043,2025-05-18,30,0,Low Attendance
A008069,S03457,C017,2025-03-05,20,7,Low Attendance
A008070,S14141,C013,2025-01-11,25,10,Low Attendance
A008071,S11016,C001,2025-03-11,25,0,Low Attendance
A008072,S13828,C028,2025-01-02,20,6,Low Attendance
A008073,S09872,C010,2025-02-26,25,19,Present
A008074,S07985,C040,2025-04-28,30,17,Low Attendance
A008075,S10139,C013,2025-05-14,25,2,Low Attendance
A008076,S08208,C045,2025-01-02,30,12,Low Attendance
A008077,S18323,C041,2025-07-28,15,5,Low Attendance
A008078,S00773,C048,2025-08-10,15,2,Low Attendance
A008079,S15505,C018,2025-10-23,25,7,Low Attendance
A008080,S12287,C042,2025-01-03,10,4,Low Attendance
A008081,S07726,C043,2025-10-20,20,13,Low Attendance
A008082,S09774,C034,2025-10-11,20,20,Present
A008083,S11127,C014,2025-03-30,30,25,Present
A008084,S03601,C041,2025-05-22,30,13,Low Attendance
A008085,S10868,C018,2025-05-12,20,7,Low Attendance
A008086,S11665,C013,2025-06-29,20,10,Low Attendance
A008087,S03391,C006,2025-08-12,25,10,Low Attendance
A008088,S03256,C028,2025-04-12,15,8,Low Attendance
A008089,S08581,C031,2025-12-05,30,27,Present
A008090,S15494,C012,2025-12-01,25,0,Low Attendance
A008091,S15305,C005,2025-01-22,10,1,Low Attendance
A008092,S18761,C019,2025-06-17,10,2,Low Attendance
A008093,S12698,C010,2025-05-24,10,7,Low Attendance
A008094,S14533,C028,2025-10-06,25,8,Low Attendance
A008095,S05331,C029,2025-09-04,25,25,Present
A008096,S13680,C009,2025-06-13,25,8,Low Attendance
A008097,S12836,C040,2025-09-10,30,15,Low Attendance
A008098,S10641,C028,2025-02-06,20,10,Low Attendance
A008099,S12427,C036,2025-09-13,15,7,Low Attendance
A008100,S06866,C036,2025-05-01,30,22,Low Attendance
A008101,S06422,C004,2025-01-03,10,2,Low Attendance
A008102,S03590,C009,2025-10-20,10,8,Present
A008103,S06714,C042,2025-01-10,20,2,Low Attendance
A008104,S14817,C032,2025-02-09,10,5,Low Attendance
A008105,S03559,C006,2025-11-01,25,11,Low Attendance
A008106,S02418,C015,2025-07-02,15,12,Present
A008107,S10574,C008,2025-11-10,10,6,Low Attendance
A008108,S02647,C045,2025-08-20,30,25,Present
A008109,S09410,C025,2025-11-22,15,6,Low Attendance
A008110,S19253,C034,2025-01-31,25,12,Low Attendance
A008111,S05638,C018,2025-11-18,15,0,Low Attendance
A008112,S14700,C027,2025-11-08,20,15,Present
A008113,S02304,C004,2025-06-23,15,9,Low Attendance
A008114,S08031,C024,2025-10-28,30,0,Low Attendance
A008115,S01486,C004,2025-02-09,10,10,Present
A008116,S05426,C047,2025-05-30,25,12,Low Attendance
A008117,S17228,C027,2025-08-24,20,19,Present
A008118,S08742,C042,2025-05-28,20,9,Low Attendance
A008119,S09320,C003,2025-05-26,10,2,Low Attendance
A008120,S08553,C019,2025-04-30,25,8,Low Attendance
A008121,S06481,C036,2025-06-20,30,30,Present
A008122,S10171,C019,2025-10-18,25,23,Present
A008123,S17096,C038,2025-03-11,25,14,Low Attendance
A008124,S10479,C009,2025-08-03,20,20,Present
A008125,S01221,C040,2025-09-06,15,13,Present
A008126,S04011,C044,2025-10-21,15,12,Present
A008127,S02387,C005,2025-12-31,20,19,Present
A008128,S17227,C025,2025-08-13,10,2,Low Attendance
A008129,S14523,C038,2025-09-06,30,16,Low Attendance
A008130,S07083,C026,2025-09-30,30,13,Low Attendance
A008131,S15930,C044,2025-07-26,15,0,Low Attendance
A008132,S11865,C020,2025-03-01,25,6,Low Attendance
A008133,S14897,C050,2025-09-11,20,6,Low Attendance
A008134,S01413,C027,2025-07-26,25,11,Low Attendance
A008135,S13811,C008,2025-11-17,30,13,Low Attendance
A008136,S09868,C001,2025-07-24,30,4,Low Attendance
A008137,S09839,C020,2025-10-26,20,13,Low Attendance
A008138,S05408,C009,2025-11-18,20,3,Low Attendance
A008139,S08702,C044,2025-11-06,30,8,Low Attendance
A008140,S11107,C008,2025-12-27,25,17,Low Attendance
A008141,S07391,C010,2025-10-02,10,2,Low Attendance
A008142,S04900,C019,2025-10-25,30,11,Low Attendance
A008143,S16839,C049,2025-07-26,15,4,Low Attendance
A008144,S18054,C040,2025-03-13,25,18,Low Attendance
A008145,S00532,C047,2025-09-07,20,7,Low Attendance
A008146,S17731,C009,2025-04-15,25,3,Low Attendance
A008147,S05365,C011,2025-04-14,30,15,Low Attendance
A008148,S02604,C002,2025-11-25,20,7,Low Attendance
A008149,S10841,C008,2025-12-28,20,16,Present
A008150,S06781,C040,2025-10-22,25,6,Low Attendance
A008151,S14010,C046,2025-10-27,25,24,Present
A008152,S04048,C011,2025-11-23,15,5,Low Attendance
A008153,S06715,C047,2025-09-10,25,6,Low Attendance
A008154,S18429,C012,2025-02-11,10,9,Present
A008155,S04604,C013,2025-04-23,15,12,Present
A008156,S09493,C011,2025-11-09,25,24,Present
A008157,S15748,C023,2025-12-30,15,4,Low Attendance
A008158,S16180,C027,2025-07-09,20,2,Low Attendance
A008159,S08799,C031,2025-06-24,25,15,Low Attendance
A008160,S18979,C022,2025-10-22,10,6,Low Attendance
A008161,S08581,C025,2025-06-02,25,2,Low Attendance
A008162,S13957,C029,2025-09-04,25,13,Low Attendance
A008163,S13773,C035,2025-11-14,10,5,Low Attendance
A008164,S12963,C036,2025-04-13,25,23,Present
A008165,S14048,C038,2025-06-28,25,3,Low Attendance
A008166,S18441,C023,2025-08-08,25,21,Present
A008167,S02728,C044,2025-11-17,30,17,Low Attendance
A008168,S04688,C030,2025-05-06,25,25,Present
A008169,S18518,C046,2025-11-02,30,6,Low Attendance
A008170,S08534,C003,2025-05-06,10,0,Low Attendance
A008171,S08047,C021,2025-08-04,30,19,Low Attendance
A008172,S04975,C035,2025-10-31,10,2,Low Attendance
A008173,S06758,C013,2025-12-12,30,18,Low Attendance
A008174,S10494,C028,2025-04-27,30,6,Low Attendance
A008175,S14062,C022,2025-09-09,20,15,Present
A008176,S15355,C033,2025-02-27,25,17,Low Attendance
A008177,S18247,C007,2025-05-14,15,8,Low Attendance
A008178,S03769,C043,2025-06-11,10,10,Present
A008179,S12405,C028,2025-12-11,25,11,Low Attendance
A008180,S06537,C012,2025-04-05,30,9,Low Attendance
A008181,S17295,C033,2025-06-29,30,14,Low Attendance
A008182,S01124,C042,2025-06-16,15,15,Present
A008183,S00312,C045,2025-03-23,30,17,Low Attendance
A008184,S02612,C030,2025-08-29,20,12,Low Attendance
A008185,S14607,C002,2025-06-17,15,7,Low Attendance
A008186,S15512,C004,2025-11-23,25,1,Low Attendance
A008187,S07600,C050,2025-09-09,15,10,Low Attendance
A008188,S07561,C027,2025-05-27,20,6,Low Attendance
A008189,S01607,C047,2025-01-05,20,13,Low Attendance
A008190,S15282,C012,2025-10-10,10,8,Present
A008191,S07841,C045,2025-04-06,20,11,Low Attendance
A008192,S14860,C046,2025-12-13,30,4,Low Attendance
A008193,S07084,C006,2025-09-16,25,21,Present
A008194,S03540,C038,2025-03-20,15,0,Low Attendance
A008195,S11520,C034,2025-09-14,30,9,Low Attendance
A008196,S17949,C036,2025-02-13,25,22,Present
A008197,S09575,C005,2025-02-14,20,18,Present
A008198,S01565,C002,2025-12-02,30,4,Low Attendance
A008199,S02410,C050,2025-12-17,30,28,Present
A008200,S01601,C024,2025-11-26,25,22,Present
A008201,S13572,C045,2025-10-22,20,14,Low Attendance
A008202,S13921,C032,2025-07-04,25,24,Present
A008203,S18416,C021,2025-10-25,20,6,Low Attendance
A008204,S13971,C017,2025-05-02,25,5,Low Attendance
A008205,S04411,C034,2025-02-14,15,1,Low Attendance
A008206,S04460,C005,2025-03-10,30,5,Low Attendance
A008207,S06764,C035,2025-12-07,10,9,Present
A008208,S04747,C008,2025-09-28,30,17,Low Attendance
A008209,S17407,C021,2025-09-15,20,6,Low Attendance
A008210,S04321,C039,2025-02-10,25,21,Present
A008211,S00705,C026,2025-07-13,25,6,Low Attendance
A008212,S19026,C049,2025-07-03,20,14,Low Attendance
A008213,S05829,C011,2025-09-12,25,23,Present
A008214,S06644,C043,2025-07-28,15,1,Low Attendance
A008215,S03789,C010,2025-09-17,20,1,Low Attendance
A008216,S17181,C049,2025-03-07,10,8,Present
A008217,S13737,C012,2025-09-18,20,5,Low Attendance
A008218,S12716,C022,2025-10-22,15,15,Present
A008219,S00125,C030,2025-03-07,30,19,Low Attendance
A008220,S10024,C035,2025-02-17,15,6,Low Attendance
A008221,S01044,C002,2025-02-07,20,16,Present
A008222,S06034,C031,2025-07-29,30,19,Low Attendance
A008223,S00287,C004,2025-08-03,10,0,Low Attendance
A008224,S05480,C044,2025-09-23,20,13,Low Attendance
A008225,S16709,C006,2025-04-05,10,4,Low Attendance
A008226,S09539,C036,2025-09-24,15,15,Present
A008227,S05902,C036,2025-01-22,20,9,Low Attendance
A008228,S12681,C026,2025-06-16,15,9,Low Attendance
A008229,S10287,C032,2025-08-25,25,18,Low Attendance
A008230,S03023,C004,2025-05-29,20,15,Present
A008231,S02809,C022,2025-02-24,20,13,Low Attendance
A008232,S10945,C034,2025-09-11,30,5,Low Attendance
A008233,S13682,C001,2025-07-29,20,14,Low Attendance
A008234,S03629,C036,2025-08-28,15,4,Low Attendance
A008235,S06066,C023,2025-02-05,10,7,Low Attendance
A008236,S14335,C016,2025-01-31,15,15,Present
A008237,S13852,C036,2025-11-28,10,7,Low Attendance
A008238,S05174,C047,2025-05-02,25,6,Low Attendance
A008239,S14419,C027,2025-05-08,15,13,Present
A008240,S11040,C039,2025-06-01,25,18,Low Attendance
A008241,S12049,C005,2025-11-12,10,10,Present
A008242,S05189,C025,2025-01-01,30,15,Low Attendance
A008243,S09459,C045,2025-06-22,25,18,Low Attendance
A008244,S03334,C005,2025-11-26,10,1,Low Attendance
A008245,S16352,C037,2025-08-17,10,2,Low Attendance
A008246,S17348,C024,2025-08-17,15,3,Low Attendance
A008247,S11210,C045,2025-03-09,30,22,Low Attendance
A008248,S08671,C034,2025-12-05,25,4,Low Attendance
A008249,S15019,C042,2025-12-19,20,13,Low Attendance
A008250,S03055,C035,2025-12-06,10,3,Low Attendance
A008251,S12458,C022,2025-09-05,30,24,Present
A008252,S09094,C016,2025-08-20,25,2,Low Attendance
A008253,S08229,C011,2025-11-01,20,12,Low Attendance
A008254,S01614,C009,2025-10-22,25,15,Low Attendance
A008255,S13973,C038,2025-04-30,25,17,Low Attendance
A008256,S02580,C032,2025-10-31,15,9,Low Attendance
A008257,S07110,C014,2025-10-12,30,15,Low Attendance
A008258,S00395,C028,2025-03-31,15,8,Low Attendance
A008259,S18295,C040,2025-04-10,25,10,Low Attendance
A008260,S17696,C025,2025-09-09,25,7,Low Attendance
A008261,S12172,C024,2025-11-20,25,25,Present
A008262,S18645,C029,2025-07-01,10,4,Low Attendance
A008263,S07886,C005,2025-06-09,15,10,Low Attendance
A008264,S07325,C001,2025-04-01,25,19,Present
A008265,S07170,C011,2025-06-16,25,19,Present
A008266,S17439,C013,2025-01-18,20,20,Present
A008267,S05299,C041,2025-09-12,15,12,Present
A008268,S12936,C003,2025-05-19,10,0,Low Attendance
A008269,S16633,C042,2025-10-11,30,28,Present
A008270,S13677,C008,2025-01-08,30,0,Low Attendance
A008271,S13239,C007,2025-08-25,30,9,Low Attendance
A008272,S06294,C015,2025-08-12,15,5,Low Attendance
A008273,S08117,C046,2025-01-12,30,16,Low Attendance
A008274,S11396,C032,2025-02-27,25,12,Low Attendance
A008275,S07027,C033,2025-05-24,25,6,Low Attendance
A008276,S10583,C022,2025-10-25,10,1,Low Attendance
A008277,S13325,C013,2025-12-22,20,14,Low Attendance
A008278,S08794,C030,2025-05-28,30,14,Low Attendance
A008279,S17594,C020,2025-10-01,25,22,Present
A008280,S11535,C041,2025-08-07,10,6,Low Attendance
A008281,S08825,C020,2025-09-07,15,11,Low Attendance
A008282,S07604,C044,2025-03-03,25,0,Low Attendance
A008283,S15435,C050,2025-10-12,20,11,Low Attendance
A008284,S19908,C010,2025-06-26,20,10,Low Attendance
A008285,S09023,C033,2025-01-06,30,0,Low Attendance
A008286,S17092,C015,2025-05-19,10,3,Low Attendance
A008287,S08711,C013,2025-01-10,30,29,Present
A008288,S07491,C027,2025-04-13,20,4,Low Attendance
A008289,S12415,C006,2025-04-20,30,0,Low Attendance
A008290,S18430,C023,2025-06-20,15,4,Low Attendance
A008291,S13936,C031,2025-11-30,25,22,Present
A008292,S14751,C010,2025-06-12,10,7,Low Attendance
A008293,S04983,C018,2025-02-01,30,18,Low Attendance
A008294,S09050,C007,2025-09-18,15,0,Low Attendance
A008295,S04696,C029,2025-09-09,10,5,Low Attendance
A008296,S15298,C002,2025-08-17,30,15,Low Attendance
A008297,S09231,C044,2025-05-23,30,29,Present
A008298,S00713,C025,2025-04-16,20,9,Low Attendance
A008299,S06055,C010,2025-01-04,30,13,Low Attendance
A008300,S08479,C037,2025-07-18,25,1,Low Attendance
A008301,S11319,C021,2025-08-21,30,1,Low Attendance
A008302,S06364,C022,2025-09-04,20,7,Low Attendance
A008303,S01460,C032,2025-12-26,10,3,Low Attendance
A008304,S09629,C013,2025-12-06,20,20,Present
A008305,S17275,C014,2025-07-01,10,1,Low Attendance
A008306,S04882,C042,2025-11-28,30,24,Present
A008307,S12260,C012,2025-02-10,20,2,Low Attendance
A008308,S01282,C035,2025-05-24,10,10,Present
A008309,S13974,C009,2025-01-09,15,4,Low Attendance
A008310,S14231,C016,2025-12-10,20,0,Low Attendance
A008311,S15545,C037,2025-12-24,20,20,Present
A008312,S11993,C030,2025-07-07,20,5,Low Attendance
A008313,S18027,C037,2025-10-02,20,17,Present
A008314,S15651,C008,2025-05-09,25,3,Low Attendance
A008315,S04284,C029,2025-07-08,25,9,Low Attendance
A008316,S06678,C047,2025-09-09,25,20,Present
A008317,S12650,C016,2025-04-22,25,8,Low Attendance
A008318,S06457,C038,2025-06-02,30,20,Low Attendance
A008319,S08032,C012,2025-12-14,15,3,Low Attendance
A008320,S09440,C013,2025-02-27,30,6,Low Attendance
A008321,S16922,C039,2025-05-12,20,5,Low Attendance
A008322,S15976,C030,2025-01-22,15,13,Present
A008323,S09589,C050,2025-03-13,10,7,Low Attendance
A008324,S19892,C001,2025-01-19,15,15,Present
A008325,S05064,C001,2025-03-24,10,3,Low Attendance
A008326,S06046,C016,2025-07-19,30,0,Low Attendance
A008327,S15934,C012,2025-02-16,30,6,Low Attendance
A008328,S04551,C025,2025-10-26,15,13,Present
A008329,S02427,C014,2025-10-05,10,5,Low Attendance
A008330,S13437,C006,2025-05-14,15,13,Present
A008331,S15192,C013,2025-09-26,10,2,Low Attendance
A008332,S14890,C002,2025-04-25,25,2,Low Attendance
A008333,S17146,C012,2025-09-21,15,10,Low Attendance
A008334,S08192,C037,2025-01-11,30,23,Present
A008335,S09879,C014,2025-11-15,30,15,Low Attendance
A008336,S07735,C017,2025-09-26,30,22,Low Attendance
A008337,S04466,C032,2025-02-15,20,2,Low Attendance
A008338,S13460,C039,2025-10-11,25,20,Present
A008339,S12500,C016,2025-08-01,25,9,Low Attendance
A008340,S07414,C022,2025-02-23,10,3,Low Attendance
A008341,S14921,C039,2025-10-13,25,21,Present
A008342,S06487,C007,2025-09-19,30,14,Low Attendance
A008343,S15027,C040,2025-02-28,30,26,Present
A008344,S05511,C025,2025-08-27,10,4,Low Attendance
A008345,S06792,C008,2025-05-29,10,2,Low Attendance
A008346,S02168,C027,2025-07-02,15,15,Present
A008347,S13035,C039,2025-10-05,20,4,Low Attendance
A008348,S01523,C032,2025-01-08,10,7,Low Attendance
A008349,S11406,C039,2025-01-15,30,6,Low Attendance
A008350,S12045,C027,2025-06-19,25,4,Low Attendance
A008351,S19050,C006,2025-10-06,25,13,Low Attendance
A008352,S12899,C010,2025-04-25,30,13,Low Attendance
A008353,S11585,C045,2025-08-03,25,21,Present
A008354,S07965,C014,2025-07-20,25,18,Low Attendance
A008355,S16721,C035,2025-08-19,15,11,Low Attendance
A008356,S04248,C031,2025-02-07,30,21,Low Attendance
A008357,S17748,C027,2025-11-15,30,20,Low Attendance
A008358,S09924,C050,2025-09-05,10,8,Present
A008359,S10058,C010,2025-11-26,30,11,Low Attendance
A008360,S07323,C023,2025-12-09,15,10,Low Attendance
A008361,S01864,C032,2025-10-03,30,0,Low Attendance
A008362,S17648,C028,2025-01-12,10,10,Present
A008363,S19421,C039,2025-07-09,10,3,Low Attendance
A008364,S14244,C034,2025-06-21,15,5,Low Attendance
A008365,S08515,C004,2025-01-05,20,11,Low Attendance
A008366,S14291,C009,2025-07-19,10,7,Low Attendance
A008367,S00062,C008,2025-06-21,10,4,Low Attendance
A008368,S08650,C048,2025-01-05,10,4,Low Attendance
A008369,S16510,C042,2025-07-08,15,6,Low Attendance
A008370,S18475,C039,2025-05-03,15,13,Present
A008371,S06831,C029,2025-07-01,20,1,Low Attendance
A008372,S13104,C020,2025-01-20,15,0,Low Attendance
A008373,S06180,C046,2025-08-15,25,6,Low Attendance
A008374,S09522,C047,2025-10-13,15,5,Low Attendance
A008375,S03591,C007,2025-07-19,25,14,Low Attendance
A008376,S01341,C005,2025-02-22,15,4,Low Attendance
A008377,S13450,C022,2025-11-13,15,14,Present
A008378,S10584,C008,2025-07-08,20,20,Present
A008379,S05812,C047,2025-04-06,30,30,Present
A008380,S06566,C025,2025-08-10,10,7,Low Attendance
A008381,S13603,C029,2025-09-05,15,12,Present
A008382,S13420,C044,2025-01-12,15,8,Low Attendance
A008383,S12767,C001,2025-07-21,15,2,Low Attendance
A008384,S06154,C012,2025-08-03,30,18,Low Attendance
A008385,S00808,C034,2025-01-12,10,9,Present
A008386,S19820,C001,2025-10-21,25,11,Low Attendance
A008387,S19322,C044,2025-05-13,30,27,Present
A008388,S13250,C033,2025-02-08,20,15,Present
A008389,S00228,C036,2025-06-29,20,13,Low Attendance
A008390,S17956,C043,2025-03-03,10,1,Low Attendance
A008391,S14565,C004,2025-03-17,10,5,Low Attendance
A008392,S00388,C039,2025-06-18,30,1,Low Attendance
A008393,S18748,C020,2025-10-17,20,16,Present
A008394,S07160,C047,2025-12-07,30,1,Low Attendance
A008395,S19479,C049,2025-07-17,15,7,Low Attendance
A008396,S10081,C013,2025-02-23,15,1,Low Attendance
A008397,S12270,C043,2025-02-14,30,24,Present
A008398,S08360,C017,2025-08-25,25,12,Low Attendance
A008399,S06268,C011,2025-08-13,15,5,Low Attendance
A008400,S07596,C030,2025-10-24,10,4,Low Attendance
A008401,S05591,C003,2025-12-29,25,3,Low Attendance
A008402,S10088,C037,2025-02-13,30,16,Low Attendance
A008403,S17941,C005,2025-06-14,30,22,Low Attendance
A008404,S01567,C036,2025-04-29,25,19,Present
A008405,S02804,C009,2025-06-07,20,14,Low Attendance
A008406,S16851,C030,2025-01-13,30,10,Low Attendance
A008407,S03179,C004,2025-12-02,15,15,Present
A008408,S16729,C009,2025-02-27,10,0,Low Attendance
A008409,S05490,C010,2025-01-15,10,4,Low Attendance
A008410,S18033,C032,2025-03-13,30,12,Low Attendance
A008411,S05406,C040,2025-10-17,30,28,Present
A008412,S09269,C007,2025-06-15,30,12,Low Attendance
A008413,S07818,C003,2025-11-02,15,11,Low Attendance
A008414,S10322,C017,2025-06-29,25,4,Low Attendance
A008415,S17082,C046,2025-01-08,25,5,Low Attendance
A008416,S05735,C039,2025-09-19,30,18,Low Attendance
A008417,S03381,C007,2025-01-08,20,13,Low Attendance
A008418,S08869,C031,2025-06-17,25,22,Present
A008419,S13053,C024,2025-04-28,30,26,Present
A008420,S06547,C022,2025-12-14,20,1,Low Attendance
A008421,S05354,C003,2025-07-09,25,25,Present
A008422,S01238,C040,2025-08-24,10,9,Present
A008423,S02341,C025,2025-06-19,25,20,Present
A008424,S09511,C022,2025-08-09,25,3,Low Attendance
A008425,S11927,C034,2025-07-09,30,1,Low Attendance
A008426,S00469,C004,2025-07-10,15,7,Low Attendance
A008427,S08021,C019,2025-05-27,30,12,Low Attendance
A008428,S09461,C028,2025-11-02,20,5,Low Attendance
A008429,S00369,C010,2025-01-29,30,20,Low Attendance
A008430,S00149,C026,2025-09-20,30,15,Low Attendance
A008431,S01889,C015,2025-01-12,20,1,Low Attendance
A008432,S15804,C013,2025-04-14,30,29,Present
A008433,S10643,C050,2025-09-29,25,20,Present
A008434,S16061,C002,2025-08-29,10,10,Present
A008435,S08433,C010,2025-12-10,15,1,Low Attendance
A008436,S16854,C044,2025-03-23,30,5,Low Attendance
A008437,S06711,C024,2025-01-14,25,5,Low Attendance
A008438,S02375,C038,2025-03-03,10,7,Low Attendance
A008439,S02922,C005,2025-02-18,15,8,Low Attendance
A008440,S06881,C046,2025-05-03,30,22,Low Attendance
A008441,S03097,C033,2025-03-07,20,11,Low Attendance
A008442,S10669,C011,2025-04-26,20,1,Low Attendance
A008443,S06742,C031,2025-05-02,20,14,Low Attendance
A008444,S05153,C018,2025-03-08,25,10,Low Attendance
A008445,S01640,C013,2025-01-31,15,2,Low Attendance
A008446,S13089,C017,2025-06-13,20,3,Low Attendance
A008447,S15460,C022,2025-11-15,10,0,Low Attendance
A008448,S16474,C021,2025-03-21,20,17,Present
A008449,S10043,C017,2025-05-05,10,8,Present
A008450,S14761,C040,2025-01-08,10,10,Present
A008451,S10288,C023,2025-09-27,15,10,Low Attendance
A008452,S13155,C015,2025-08-02,10,4,Low Attendance
A008453,S17795,C024,2025-08-14,20,4,Low Attendance
A008454,S04161,C025,2025-04-18,25,12,Low Attendance
A008455,S09509,C049,2025-08-13,30,8,Low Attendance
A008456,S01848,C013,2025-05-31,30,5,Low Attendance
A008457,S10605,C015,2025-11-08,30,3,Low Attendance
A008458,S16957,C016,2025-03-04,20,2,Low Attendance
A008459,S17047,C036,2025-11-24,10,5,Low Attendance
A008460,S18419,C045,2025-06-21,10,10,Present
A008461,S05400,C034,2025-05-02,30,6,Low Attendance
A008462,S13925,C041,2025-03-15,20,19,Present
A008463,S05999,C014,2025-04-18,15,7,Low Attendance
A008464,S01480,C039,2025-02-27,30,29,Present
A008465,S06435,C013,2025-08-13,30,18,Low Attendance
A008466,S19868,C025,2025-12-16,25,19,Present
A008467,S08027,C031,2025-08-11,20,8,Low Attendance
A008468,S14520,C027,2025-02-17,30,4,Low Attendance
A008469,S13221,C020,2025-11-29,25,14,Low Attendance
A008470,S01176,C021,2025-06-12,15,5,Low Attendance
A008471,S08018,C029,2025-01-28,10,7,Low Attendance
A008472,S00114,C030,2025-10-02,30,17,Low Attendance
A008473,S03716,C005,2025-08-14,10,10,Present
A008474,S09464,C016,2025-04-09,15,5,Low Attendance
A008475,S13233,C021,2025-02-06,20,7,Low Attendance
A008476,S12436,C027,2025-07-11,25,13,Low Attendance
A008477,S05737,C039,2025-06-06,30,13,Low Attendance
A008478,S11496,C019,2025-11-10,30,30,Present
A008479,S05732,C009,2025-02-26,10,9,Present
A008480,S12609,C002,2025-10-21,20,19,Present
A008481,S19963,C042,2025-02-18,15,8,Low Attendance
A008482,S18344,C032,2025-02-18,30,10,Low Attendance
A008483,S07409,C016,2025-11-07,15,1,Low Attendance
A008484,S10297,C003,2025-11-10,25,20,Present
A008485,S14241,C008,2025-03-13,15,3,Low Attendance
A008486,S12573,C047,2025-04-19,30,11,Low Attendance
A008487,S05408,C045,2025-04-01,20,4,Low Attendance
A008488,S17077,C047,2025-10-21,25,10,Low Attendance
A008489,S06143,C023,2025-04-20,20,5,Low Attendance
A008490,S15156,C018,2025-01-02,10,7,Low Attendance
A008491,S14437,C031,2025-10-06,25,15,Low Attendance
A008492,S12760,C050,2025-09-16,20,11,Low Attendance
A008493,S13838,C029,2025-05-02,30,25,Present
A008494,S19050,C005,2025-09-23,30,4,Low Attendance
A008495,S19906,C016,2025-03-30,25,18,Low Attendance
A008496,S17729,C043,2025-09-17,25,2,Low Attendance
A008497,S13632,C014,2025-12-21,10,9,Present
A008498,S12432,C036,2025-01-11,25,17,Low Attendance
A008499,S00988,C037,2025-07-24,30,5,Low Attendance
A008500,S00846,C007,2025-05-25,25,9,Low Attendance
A008501,S06279,C003,2025-02-28,25,18,Low Attendance
A008502,S02003,C045,2025-08-03,15,1,Low Attendance
A008503,S11500,C041,2025-12-22,15,11,Low Attendance
A008504,S00226,C016,2025-04-21,25,20,Present
A008505,S13817,C002,2025-04-09,15,10,Low Attendance
A008506,S15821,C013,2025-03-13,25,21,Present
A008507,S15809,C043,2025-11-22,25,23,Present
A008508,S08253,C005,2025-08-16,30,23,Present
A008509,S16554,C010,2025-05-21,30,4,Low Attendance
A008510,S08812,C050,2025-06-03,30,12,Low Attendance
A008511,S15426,C011,2025-08-18,20,7,Low Attendance
A008512,S16463,C037,2025-10-26,25,11,Low Attendance
A008513,S12136,C016,2025-04-13,30,4,Low Attendance
A008514,S00982,C045,2025-03-07,10,10,Present
A008515,S19991,C005,2025-03-02,15,6,Low Attendance
A008516,S05591,C005,2025-11-10,10,1,Low Attendance
A008517,S01027,C021,2025-05-31,10,6,Low Attendance
A008518,S10494,C009,2025-03-19,25,4,Low Attendance
A008519,S14807,C049,2025-05-11,15,1,Low Attendance
A008520,S14945,C028,2025-04-10,10,1,Low Attendance
A008521,S18431,C028,2025-02-06,25,12,Low Attendance
A008522,S19438,C044,2025-06-01,30,19,Low Attendance
A008523,S11236,C036,2025-12-01,25,7,Low Attendance
A008524,S16161,C021,2025-01-17,10,1,Low Attendance
A008525,S17133,C048,2025-05-25,20,2,Low Attendance
A008526,S02729,C029,2025-01-03,15,8,Low Attendance
A008527,S06394,C013,2025-04-20,20,12,Low Attendance
A008528,S10946,C010,2025-07-19,30,6,Low Attendance
A008529,S01068,C004,2025-03-10,25,4,Low Attendance
A008530,S05965,C001,2025-05-25,30,30,Present
A008531,S13259,C037,2025-05-01,20,5,Low Attendance
A008532,S09526,C018,2025-03-26,25,16,Low Attendance
A008533,S00314,C006,2025-01-15,25,3,Low Attendance
A008534,S16320,C047,2025-09-23,10,6,Low Attendance
A008535,S18827,C034,2025-01-14,20,9,Low Attendance
A008536,S05519,C011,2025-09-25,30,19,Low Attendance
A008537,S00935,C017,2025-10-08,15,4,Low Attendance
A008538,S16979,C017,2025-11-18,25,22,Present
A008539,S01692,C012,2025-12-14,20,16,Present
A008540,S13557,C010,2025-05-04,30,14,Low Attendance
A008541,S14362,C001,2025-08-03,10,4,Low Attendance
A008542,S09310,C050,2025-12-30,10,3,Low Attendance
A008543,S15861,C021,2025-10-12,20,8,Low Attendance
A008544,S17547,C030,2025-04-09,25,21,Present
A008545,S01395,C024,2025-11-15,30,0,Low Attendance
A008546,S08123,C037,2025-07-09,10,4,Low Attendance
A008547,S06463,C017,2025-06-30,15,11,Low Attendance
A008548,S18999,C029,2025-11-14,10,5,Low Attendance
A008549,S02630,C001,2025-04-03,25,2,Low Attendance
A008550,S08742,C018,2025-09-06,15,8,Low Attendance
A008551,S18779,C047,2025-09-11,20,11,Low Attendance
A008552,S15049,C021,2025-12-22,10,3,Low Attendance
A008553,S00682,C028,2025-01-04,15,2,Low Attendance
A008554,S12357,C039,2025-08-23,25,17,Low Attendance
A008555,S02485,C042,2025-09-26,15,4,Low Attendance
A008556,S03155,C030,2025-03-04,30,26,Present
A008557,S19695,C010,2025-07-22,15,12,Present
A008558,S03271,C040,2025-06-29,30,16,Low Attendance
A008559,S03275,C009,2025-02-02,10,6,Low Attendance
A008560,S05323,C014,2025-11-01,30,19,Low Attendance
A008561,S02797,C002,2025-06-18,10,5,Low Attendance
A008562,S14927,C030,2025-08-26,15,14,Present
A008563,S13293,C045,2025-06-22,30,23,Present
A008564,S19378,C027,2025-12-25,20,1,Low Attendance
A008565,S09283,C044,2025-07-30,20,4,Low Attendance
A008566,S01686,C043,2025-03-31,25,12,Low Attendance
A008567,S04741,C034,2025-10-14,30,30,Present
A008568,S07883,C001,2025-07-27,30,21,Low Attendance
A008569,S08229,C001,2025-02-21,30,0,Low Attendance
A008570,S18159,C035,2025-07-17,30,4,Low Attendance
A008571,S17690,C019,2025-10-03,30,12,Low Attendance
A008572,S07157,C035,2025-02-15,25,18,Low Attendance
A008573,S06186,C041,2025-10-28,20,3,Low Attendance
A008574,S11423,C027,2025-06-21,20,9,Low Attendance
A008575,S05669,C046,2025-10-31,20,0,Low Attendance
A008576,S16428,C038,2025-03-04,20,17,Present
A008577,S17438,C018,2025-02-22,15,3,Low Attendance
A008578,S09452,C032,2025-11-14,25,3,Low Attendance
A008579,S08462,C032,2025-01-05,10,10,Present
A008580,S02491,C029,2025-06-15,25,19,Present
A008581,S00248,C007,2025-11-28,15,15,Present
A008582,S18604,C009,2025-08-08,10,10,Present
A008583,S01158,C034,2025-08-08,25,15,Low Attendance
A008584,S15594,C016,2025-07-04,30,18,Low Attendance
A008585,S19772,C001,2025-01-09,25,16,Low Attendance
A008586,S17880,C045,2025-11-18,15,1,Low Attendance
A008587,S18002,C040,2025-04-09,30,20,Low Attendance
A008588,S15216,C031,2025-10-19,25,23,Present
A008589,S06889,C007,2025-07-22,20,16,Present
A008590,S16487,C036,2025-04-08,20,18,Present
A008591,S12372,C032,2025-11-03,30,3,Low Attendance
A008592,S02782,C036,2025-09-05,25,21,Present
A008593,S08065,C009,2025-07-15,10,3,Low Attendance
A008594,S09332,C006,2025-01-18,20,0,Low Attendance
A008595,S17350,C019,2025-03-01,15,7,Low Attendance
A008596,S10326,C009,2025-03-18,30,6,Low Attendance
A008597,S13025,C028,2025-06-22,30,29,Present
A008598,S14952,C009,2025-04-20,25,22,Present
A008599,S03650,C020,2025-02-13,10,8,Present
A008600,S18336,C019,2025-05-14,15,9,Low Attendance
A008601,S04972,C001,2025-09-15,30,30,Present
A008602,S06247,C027,2025-10-02,15,9,Low Attendance
A008603,S00656,C023,2025-03-30,10,9,Present
A008604,S08278,C002,2025-07-11,30,20,Low Attendance
A008605,S19457,C037,2025-05-28,25,23,Present
A008606,S11988,C024,2025-11-24,20,3,Low Attendance
A008607,S13358,C048,2025-07-03,15,9,Low Attendance
A008608,S01689,C007,2025-07-23,20,6,Low Attendance
A008609,S05360,C020,2025-06-12,10,0,Low Attendance
A008610,S08298,C011,2025-12-04,25,14,Low Attendance
A008611,S09701,C049,2025-11-12,30,1,Low Attendance
A008612,S11604,C049,2025-11-20,15,15,Present
A008613,S02274,C048,2025-08-07,15,11,Low Attendance
A008614,S15263,C021,2025-12-27,30,11,Low Attendance
A008615,S00863,C039,2025-12-11,30,10,Low Attendance
A008616,S11982,C035,2025-08-14,10,10,Present
A008617,S14120,C047,2025-04-21,20,13,Low Attendance
A008618,S19622,C038,2025-04-04,15,7,Low Attendance
A008619,S11970,C037,2025-02-24,20,3,Low Attendance
A008620,S09727,C044,2025-11-15,10,5,Low Attendance
A008621,S08569,C005,2025-06-11,25,18,Low Attendance
A008622,S13129,C028,2025-08-30,30,17,Low Attendance
A008623,S04202,C047,2025-04-19,25,25,Present
A008624,S01260,C013,2025-09-14,15,9,Low Attendance
A008625,S16257,C038,2025-04-13,10,10,Present
A008626,S06283,C004,2025-05-20,30,3,Low Attendance
A008627,S07812,C020,2025-01-21,25,8,Low Attendance
A008628,S03589,C041,2025-03-29,10,3,Low Attendance
A008629,S00422,C050,2025-09-08,30,12,Low Attendance
A008630,S14623,C008,2025-07-14,15,12,Present
A008631,S17896,C033,2025-08-15,15,13,Present
A008632,S15621,C031,2025-06-10,30,16,Low Attendance
A008633,S00641,C004,2025-09-15,10,3,Low Attendance
A008634,S18088,C037,2025-12-20,30,6,Low Attendance
A008635,S05055,C016,2025-04-10,20,15,Present
A008636,S15073,C010,2025-09-08,15,2,Low Attendance
A008637,S19948,C032,2025-08-31,15,14,Present
A008638,S06998,C045,2025-01-29,30,15,Low Attendance
A008639,S15228,C017,2025-11-22,20,5,Low Attendance
A008640,S11384,C036,2025-07-18,10,3,Low Attendance
A008641,S16532,C017,2025-04-29,10,5,Low Attendance
A008642,S00946,C011,2025-06-04,25,25,Present
A008643,S13195,C027,2025-01-24,30,11,Low Attendance
A008644,S03006,C021,2025-08-27,25,12,Low Attendance
A008645,S17133,C036,2025-03-15,15,6,Low Attendance
A008646,S14445,C045,2025-08-29,30,26,Present
A008647,S17054,C032,2025-12-16,25,16,Low Attendance
A008648,S18829,C040,2025-01-11,15,13,Present
A008649,S00750,C046,2025-10-28,30,13,Low Attendance
A008650,S12512,C004,2025-06-17,10,9,Present
A008651,S18654,C037,2025-04-09,30,24,Present
A008652,S09725,C027,2025-01-30,25,23,Present
A008653,S04823,C011,2025-06-18,30,2,Low Attendance
A008654,S13384,C016,2025-11-20,15,2,Low Attendance
A008655,S03427,C008,2025-06-29,20,6,Low Attendance
A008656,S06593,C029,2025-08-16,30,8,Low Attendance
A008657,S17232,C029,2025-11-25,15,2,Low Attendance
A008658,S13670,C037,2025-11-28,10,2,Low Attendance
A008659,S14926,C010,2025-03-05,10,0,Low Attendance
A008660,S04145,C011,2025-10-19,20,7,Low Attendance
A008661,S17404,C048,2025-06-13,30,16,Low Attendance
A008662,S15842,C015,2025-05-15,20,18,Present
A008663,S15163,C032,2025-11-22,30,15,Low Attendance
A008664,S06222,C016,2025-02-11,30,12,Low Attendance
A008665,S01729,C013,2025-08-21,15,15,Present
A008666,S01737,C047,2025-12-31,10,10,Present
A008667,S07206,C023,2025-04-26,20,10,Low Attendance
A008668,S19434,C017,2025-03-26,15,15,Present
A008669,S02003,C023,2025-05-18,20,0,Low Attendance
A008670,S11783,C041,2025-11-18,15,12,Present
A008671,S07362,C028,2025-09-25,25,19,Present
A008672,S09265,C037,2025-02-17,20,20,Present
A008673,S05451,C043,2025-10-16,20,1,Low Attendance
A008674,S15356,C006,2025-12-30,15,5,Low Attendance
A008675,S18500,C036,2025-08-14,10,2,Low Attendance
A008676,S14558,C016,2025-01-14,10,10,Present
A008677,S18210,C046,2025-08-31,20,2,Low Attendance
A008678,S13687,C049,2025-08-26,10,9,Present
A008679,S15933,C025,2025-01-25,30,4,Low Attendance
A008680,S08457,C001,2025-11-19,20,15,Present
A008681,S18209,C041,2025-05-20,25,3,Low Attendance
A008682,S03161,C001,2025-10-11,15,10,Low Attendance
A008683,S05634,C036,2025-12-23,15,14,Present
A008684,S15562,C006,2025-02-13,25,19,Present
A008685,S06330,C018,2025-07-27,15,6,Low Attendance
A008686,S15446,C026,2025-05-06,20,3,Low Attendance
A008687,S06084,C006,2025-10-09,25,13,Low Attendance
A008688,S17884,C018,2025-11-10,30,21,Low Attendance
A008689,S14831,C015,2025-10-22,30,28,Present
A008690,S16017,C001,2025-11-28,20,19,Present
A008691,S00815,C010,2025-12-18,15,11,Low Attendance
A008692,S17330,C047,2025-01-31,30,10,Low Attendance
A008693,S03712,C047,2025-06-26,15,7,Low Attendance
A008694,S06493,C007,2025-09-23,15,5,Low Attendance
A008695,S04431,C038,2025-04-12,25,8,Low Attendance
A008696,S19919,C023,2025-09-29,25,19,Present
A008697,S16024,C028,2025-09-17,30,10,Low Attendance
A008698,S16542,C008,2025-04-10,20,19,Present
A008699,S11250,C041,2025-04-28,25,18,Low Attendance
A008700,S19717,C047,2025-03-31,30,30,Present
A008701,S02402,C018,2025-01-23,25,14,Low Attendance
A008702,S14933,C013,2025-03-05,10,9,Present
A008703,S13781,C005,2025-10-26,10,4,Low Attendance
A008704,S03294,C015,2025-05-03,10,5,Low Attendance
A008705,S04041,C044,2025-02-05,20,16,Present
A008706,S05868,C047,2025-10-04,20,13,Low Attendance
A008707,S12163,C019,2025-04-25,30,28,Present
A008708,S00016,C023,2025-10-04,10,2,Low Attendance
A008709,S09235,C009,2025-05-18,30,30,Present
A008710,S01056,C042,2025-11-08,20,12,Low Attendance
A008711,S09085,C045,2025-10-25,10,5,Low Attendance
A008712,S02107,C022,2025-06-09,25,14,Low Attendance
A008713,S10065,C033,2025-09-09,15,6,Low Attendance
A008714,S04564,C022,2025-09-12,15,7,Low Attendance
A008715,S00500,C046,2025-02-09,30,8,Low Attendance
A008716,S04286,C022,2025-08-31,10,2,Low Attendance
A008717,S07426,C002,2025-08-05,30,29,Present
A008718,S04550,C042,2025-03-30,30,15,Low Attendance
A008719,S11744,C034,2025-04-14,20,16,Present
A008720,S04006,C010,2025-09-08,20,4,Low Attendance
A008721,S11325,C017,2025-03-23,15,8,Low Attendance
A008722,S01910,C040,2025-11-25,30,19,Low Attendance
A008723,S16441,C014,2025-06-23,10,1,Low Attendance
A008724,S08063,C005,2025-01-04,10,10,Present
A008725,S00565,C013,2025-06-15,30,22,Low Attendance
A008726,S09198,C008,2025-10-05,15,10,Low Attendance
A008727,S19512,C013,2025-10-03,25,21,Present
A008728,S03714,C008,2025-07-07,15,13,Present
A008729,S11335,C024,2025-05-14,30,1,Low Attendance
A008730,S07965,C043,2025-03-06,20,12,Low Attendance
A008731,S10817,C027,2025-03-30,15,5,
A008732,S13140,C033,2025-04-30,20,20,Present
A008733,S07488,C009,2025-08-15,20,6,Low Attendance
A008734,S15946,C008,2025-05-29,25,19,Present
A008735,S12180,C028,2025-02-02,15,0,Low Attendance
A008736,S13256,C045,2025-08-08,20,8,Low Attendance
A008737,S04682,C027,2025-03-15,20,18,Present
A008738,S14201,C010,2025-10-04,25,3,Low Attendance
A008739,S09704,C034,2025-05-30,15,7,Low Attendance
A008740,S12892,C035,2025-03-19,25,2,Low Attendance
A008741,S15708,C008,2025-07-19,15,11,Low Attendance
A008742,S19834,C038,2025-02-11,30,8,Low Attendance
A008743,S19257,C018,2025-06-13,15,10,Low Attendance
A008744,S02576,C012,2025-03-02,10,9,Present
A008745,S14317,C021,2025-10-07,30,8,Low Attendance
A008746,S16128,C043,2025-03-31,15,5,Low Attendance
A008747,S16119,C004,2025-01-19,30,5,Low Attendance
A008748,S06181,C047,2025-11-11,25,17,Low Attendance
A008749,S04404,C017,2025-06-23,25,9,Low Attendance
A008750,S16370,C007,2025-11-23,30,28,Present
A008751,S12609,C010,2025-12-16,20,4,Low Attendance
A008752,S07234,C022,2025-05-23,10,0,Low Attendance
A008753,S09426,C013,2025-02-02,20,20,Present
A008754,S03968,C011,2025-07-09,15,7,Low Attendance
A008755,S04600,C046,2025-02-03,30,27,Present
A008756,S10546,C031,2025-08-22,10,5,Low Attendance
A008757,S14438,C039,2025-05-12,30,1,Low Attendance
A008758,S02623,C041,2025-06-01,25,6,Low Attendance
A008759,S15454,C034,2025-04-23,30,21,Low Attendance
A008760,S07321,C037,2025-11-16,10,0,Low Attendance
A008761,S15483,C022,2025-09-27,20,9,Low Attendance
A008762,S13743,C039,2025-09-04,20,12,Low Attendance
A008763,S11003,C036,2025-12-13,20,17,Present
A008764,S15204,C046,2025-01-05,15,14,Present
A008765,S13147,C050,2025-08-27,30,6,Low Attendance
A008766,S13542,C025,2025-03-28,25,8,Low Attendance
A008767,S01645,C026,2025-11-01,10,7,Low Attendance
A008768,S04469,C005,2025-08-05,20,11,Low Attendance
A008769,S16052,C026,2025-08-26,25,14,Low Attendance
A008770,S06443,C039,2025-06-12,30,11,Low Attendance
A008771,S05991,C045,2025-08-18,15,13,Present
A008772,S01212,C039,2025-07-31,20,1,Low Attendance
A008773,S10499,C031,2025-03-17,15,8,Low Attendance
A008774,S08841,C020,2025-05-15,25,20,Present
A008775,S18436,C031,2025-07-11,30,15,Low Attendance
A008776,S06169,C011,2025-12-02,25,12,Low Attendance
A008777,S15074,C027,2025-12-14,30,5,Low Attendance
A008778,S13676,C002,2025-09-23,30,25,Present
A008779,S16039,C043,2025-09-12,15,3,Low Attendance
A008780,S10800,C007,2025-05-05,20,14,Low Attendance
A008781,S14935,C020,2025-02-01,20,20,Present
A008782,S04196,C004,2025-09-20,10,7,Low Attendance
A008783,S14153,C007,2025-07-24,20,5,Low Attendance
A008784,S01591,C049,2025-08-13,25,21,Present
A008785,S18749,C001,2025-09-15,10,3,Low Attendance
A008786,S16339,C020,2025-07-07,10,10,Present
A008787,S03954,C049,2025-06-04,10,9,Present
A008788,S19764,C016,2025-11-17,20,13,Low Attendance
A008789,S15948,C039,2025-11-24,20,7,Low Attendance
A008790,S17702,C004,2025-02-08,30,26,Present
A008791,S00284,C020,2025-02-21,15,7,Low Attendance
A008792,S10677,C043,2025-02-10,25,1,Low Attendance
A008793,S14704,C002,2025-01-08,20,13,Low Attendance
A008794,S09624,C037,2025-12-29,25,9,Low Attendance
A008795,S19423,C039,2025-12-01,25,3,Low Attendance
A008796,S03137,C014,2025-03-04,15,3,Low Attendance
A008797,S14797,C048,2025-01-01,15,14,Present
A008798,S19004,C047,2025-04-19,10,8,Present
A008799,S00161,C026,2025-06-07,20,4,Low Attendance
A008800,S16615,C045,2025-09-14,25,0,Low Attendance
A008801,S10515,C030,2025-07-17,10,3,Low Attendance
A008802,S19548,C031,2025-11-14,10,0,Low Attendance
A008803,S09869,C004,2025-04-27,30,19,Low Attendance
A008804,S15106,C030,2025-05-19,20,1,Low Attendance
A008805,S13862,C040,2025-11-14,10,10,Present
A008806,S12850,C024,2025-08-16,15,4,Low Attendance
A008807,S19972,C008,2025-05-10,20,9,Low Attendance
A008808,S05458,C016,2025-02-07,20,15,Present
A008809,S03348,C031,2025-06-08,30,14,Low Attendance
A008810,S17947,C001,2025-08-29,20,5,Low Attendance
A008811,S00587,C024,2025-05-15,30,5,Low Attendance
A008812,S11349,C019,2025-04-04,25,8,Low Attendance
A008813,S08418,C029,2025-12-27,10,2,Low Attendance
A008814,S14119,C021,2025-11-29,20,18,Present
A008815,S06014,C007,2025-07-21,10,9,Present
A008816,S18635,C027,2025-07-28,25,14,Low Attendance
A008817,S12660,C041,2025-11-22,20,8,Low Attendance
A008818,S07711,C003,2025-02-21,15,9,Low Attendance
A008819,S05877,C005,2025-09-21,30,22,Low Attendance
A008820,S07301,C035,2025-10-09,25,17,Low Attendance
A008821,S16299,C039,2025-11-30,15,4,Low Attendance
A008822,S06612,C035,2025-06-11,15,11,Low Attendance
A008823,S12607,C024,2025-06-15,25,18,Low Attendance
A008824,S08879,C026,2025-07-06,25,21,Present
A008825,S05005,C004,2025-11-14,30,3,Low Attendance
A008826,S04791,C031,2025-09-16,30,6,Low Attendance
A008827,S07485,C022,2025-07-06,25,6,Low Attendance
A008828,S06752,C028,2025-09-20,20,2,Low Attendance
A008829,S03174,C001,2025-09-05,15,12,Present
A008830,S18674,C027,2025-09-23,10,3,Low Attendance
A008831,S15394,C002,2025-11-02,10,8,Present
A008832,S07638,C046,2025-02-07,30,26,Present
A008833,S12826,C030,2025-11-02,10,6,Low Attendance
A008834,S02471,C037,2025-11-29,20,3,Low Attendance
A008835,S13129,C021,2025-11-24,25,7,Low Attendance
A008836,S09212,C043,2025-04-06,20,13,Low Attendance
A008837,S08440,C021,2025-02-07,20,8,Low Attendance
A008838,S06629,C004,2025-01-04,10,10,Present
A008839,S02047,C044,2025-12-10,10,10,
A008840,S00046,C010,2025-08-21,30,28,Present
A008841,S02144,C008,2025-06-27,20,7,Low Attendance
A008842,S08056,C049,2025-03-17,25,21,Present
A008843,S08247,C039,2025-10-26,25,15,Low Attendance
A008844,S06055,C027,2025-10-18,30,27,Present
A008845,S15500,C012,2025-06-15,10,4,Low Attendance
A008846,S06446,C039,2025-01-29,15,2,Low Attendance
A008847,S18359,C006,2025-07-27,20,3,Low Attendance
A008848,S06352,C043,2025-08-10,10,7,Low Attendance
A008849,S12885,C047,2025-11-14,25,10,Low Attendance
A008850,S09047,C023,2025-12-29,10,7,Low Attendance
A008851,S03222,C046,2025-07-09,15,8,Low Attendance
A008852,S00687,C023,2025-12-22,10,5,Low Attendance
A008853,S17239,C033,2025-12-07,30,28,Present
A008854,S03829,C040,2025-10-08,20,16,Present
A008855,S01977,C022,2025-04-18,15,14,Present
A008856,S19005,C005,2025-02-27,10,7,Low Attendance
A008857,S19378,C014,2025-02-18,10,0,Low Attendance
A008858,S01090,C048,2025-08-30,25,15,Low Attendance
A008859,S19956,C039,2025-04-10,20,20,Present
A008860,S10114,C049,2025-09-21,15,6,Low Attendance
A008861,S05123,C025,2025-09-15,10,3,Low Attendance
A008862,S01440,C001,2025-02-19,15,7,Low Attendance
A008863,S11102,C032,2025-01-15,10,9,Present
A008864,S00862,C001,2025-10-25,30,29,Present
A008865,S12803,C003,2025-02-06,10,2,Low Attendance
A008866,S15815,C016,2025-11-13,25,21,Present
A008867,S19691,C006,2025-08-29,20,8,Low Attendance
A008868,S03180,C020,2025-12-21,15,10,Low Attendance
A008869,S08233,C050,2025-01-20,10,0,Low Attendance
A008870,S16003,C008,2025-08-16,10,9,Present
A008871,S05312,C037,2025-08-27,10,10,Present
A008872,S19029,C029,2025-08-24,30,2,Low Attendance
A008873,S07113,C040,2025-12-15,10,8,Present
A008874,S12795,C011,2025-04-16,15,0,Low Attendance
A008875,S12386,C013,2025-11-14,30,23,Present
A008876,S18935,C020,2025-02-17,15,4,Low Attendance
A008877,S02092,C016,2025-02-28,25,15,Low Attendance
A008878,S03133,C013,2025-04-04,30,18,Low Attendance
A008879,S19651,C028,2025-10-01,30,15,Low Attendance
A008880,S13649,C016,2025-03-27,20,18,Present
A008881,S15615,C018,2025-03-02,10,4,Low Attendance
A008882,S00094,C033,2025-01-05,10,1,Low Attendance
A008883,S05791,C003,2025-08-18,20,6,Low Attendance
A008884,S18201,C032,2025-05-19,15,14,Present
A008885,S04617,C041,2025-10-23,10,6,Low Attendance
A008886,S00120,C006,2025-09-28,25,10,Low Attendance
A008887,S18956,C031,2025-02-04,10,2,Low Attendance
A008888,S07944,C041,2025-11-08,20,20,Present
A008889,S15343,C028,2025-08-12,25,6,Low Attendance
A008890,S03840,C031,2025-04-12,20,20,Present
A008891,S05249,C030,2025-03-25,30,19,Low Attendance
A008892,S13924,C015,2025-12-16,30,10,Low Attendance
A008893,S03598,C001,2025-04-09,10,0,Low Attendance
A008894,S19095,C039,2025-02-02,25,3,Low Attendance
A008895,S02537,C013,2025-04-08,15,6,Low Attendance
A008896,S09591,C048,2025-09-29,25,25,Present
A008897,S11015,C004,2025-08-28,10,7,Low Attendance
A008898,S16253,C047,2025-09-25,20,15,Present
A008899,S14770,C024,2025-01-16,10,5,Low Attendance
A008900,S11571,C008,2025-08-12,15,5,Low Attendance
A008901,S04305,C035,2025-01-09,25,13,Low Attendance
A008902,S02715,C017,2025-08-27,10,2,Low Attendance
A008903,S07865,C040,2025-08-16,15,14,Present
A008904,S10049,C009,2025-01-20,30,6,Low Attendance
A008905,S13440,C023,2025-02-21,15,12,Present
A008906,S17921,C046,2025-08-08,20,17,Present
A008907,S02151,C029,2025-09-18,15,4,Low Attendance
A008908,S07424,C019,2025-05-05,20,17,Present
A008909,S17978,C032,2025-05-10,10,7,Low Attendance
A008910,S07187,C041,2025-07-22,20,0,Low Attendance
A008911,S02505,C017,2025-06-27,10,8,Present
A008912,S11491,C013,2025-06-15,15,6,Low Attendance
A008913,S18490,C013,2025-05-31,10,2,Low Attendance
A008914,S03629,C040,2025-06-17,30,15,Low Attendance
A008915,S13511,C003,2025-07-09,15,12,Present
A008916,S00194,C033,2025-01-21,30,18,Low Attendance
A008917,S11034,C008,2025-12-09,10,8,Present
A008918,S09252,C040,2025-04-28,20,15,Present
A008919,S08970,C049,2025-11-06,20,9,Low Attendance
A008920,S11401,C023,2025-07-23,15,12,Present
A008921,S00581,C036,2025-04-27,30,29,Present
A008922,S14105,C012,2025-03-13,10,6,Low Attendance
A008923,S06798,C024,2025-12-23,20,4,Low Attendance
A008924,S03283,C028,2025-07-23,30,25,Present
A008925,S00753,C046,2025-04-22,15,1,Low Attendance
A008926,S01728,C046,2025-03-01,20,11,Low Attendance
A008927,S17305,C045,2025-08-05,25,1,Low Attendance
A008928,S11652,C038,2025-03-15,15,9,Low Attendance
A008929,S02718,C031,2025-08-07,15,7,Low Attendance
A008930,S14704,C003,2025-12-29,15,4,Low Attendance
A008931,S18403,C024,2025-06-30,15,1,Low Attendance
A008932,S16848,C007,2025-04-06,30,14,Low Attendance
A008933,S17327,C002,2025-04-27,30,1,Low Attendance
A008934,S04485,C032,2025-12-16,10,3,Low Attendance
A008935,S12812,C023,2025-01-12,10,1,Low Attendance
A008936,S15714,C027,2025-02-05,10,5,Low Attendance
A008937,S19841,C021,2025-04-30,15,8,Low Attendance
A008938,S18376,C013,2025-07-09,10,2,Low Attendance
A008939,S02439,C040,2025-11-07,15,15,Present
A008940,S07110,C006,2025-04-16,30,11,Low Attendance
A008941,S10464,C027,2025-03-23,10,7,Low Attendance
A008942,S02160,C035,2025-08-19,25,22,Present
A008943,S15258,C009,2025-01-27,25,21,Present
A008944,S15416,C010,2025-07-27,15,7,Low Attendance
A008945,S09789,C007,2025-04-07,15,8,Low Attendance
A008946,S04236,C007,2025-10-25,25,20,Present
A008947,S11845,C028,2025-01-25,30,18,Low Attendance
A008948,S00376,C025,2025-12-20,15,14,Present
A008949,S06699,C001,2025-05-17,30,24,Present
A008950,S07000,C031,2025-09-21,10,10,Present
A008951,S19490,C045,2025-02-14,20,6,Low Attendance
A008952,S08467,C026,2025-08-07,30,21,Low Attendance
A008953,S18866,C047,2025-07-25,15,6,Low Attendance
A008954,S02981,C027,2025-11-28,30,26,Present
A008955,S15307,C042,2025-04-01,30,6,Low Attendance
A008956,S02456,C024,2025-08-05,25,25,Present
A008957,S04257,C042,2025-12-29,10,9,Present
A008958,S02865,C010,2025-09-05,25,6,Low Attendance
A008959,S11420,C042,2025-08-29,25,15,Low Attendance
A008960,S11964,C045,2025-04-30,10,1,Low Attendance
A008961,S14125,C014,2025-01-05,10,1,Low Attendance
A008962,S13318,C027,2025-05-23,10,4,Low Attendance
A008963,S16879,C032,2025-03-26,30,6,Low Attendance
A008964,S19956,C038,2025-08-02,10,9,Present
A008965,S12349,C029,2025-03-15,30,2,Low Attendance
A008966,S14198,C031,2025-03-16,30,6,Low Attendance
A008967,S16240,C036,2025-05-23,25,15,Low Attendance
A008968,S05126,C014,2025-12-14,30,17,Low Attendance
A008969,S08741,C024,2025-08-28,25,20,Present
A008970,S00876,C030,2025-01-28,20,18,Present
A008971,S11403,C041,2025-04-28,25,13,Low Attendance
A008972,S01103,C041,2025-06-07,15,2,Low Attendance
A008973,S16628,C036,2025-06-07,20,8,Low Attendance
A008974,S08370,C025,2025-12-13,10,1,Low Attendance
A008975,S04642,C007,2025-05-11,25,15,Low Attendance
A008976,S15082,C037,2025-04-04,10,4,Low Attendance
A008977,S17127,C036,2025-09-21,30,1,Low Attendance
A008978,S13756,C025,2025-04-18,10,1,Low Attendance
A008979,S10425,C043,2025-11-02,30,26,Present
A008980,S06141,C026,2025-06-10,30,3,Low Attendance
A008981,S14658,C014,2025-05-28,15,14,Present
A008982,S16174,C033,2025-07-29,30,9,Low Attendance
A008983,S15625,C002,2025-05-09,25,11,Low Attendance
A008984,S11733,C021,2025-08-18,20,6,Low Attendance
A008985,S14434,C030,2025-02-19,20,17,Present
A008986,S09185,C040,2025-03-15,30,25,Present
A008987,S10046,C031,2025-11-06,10,3,Low Attendance
A008988,S03567,C046,2025-08-09,10,2,Low Attendance
A008989,S09393,C049,2025-11-18,30,29,Present
A008990,S19290,C042,2025-06-03,25,25,Present
A008991,S05935,C004,2025-05-18,30,18,Low Attendance
A008992,S08553,C025,2025-03-30,15,11,Low Attendance
A008993,S08062,C038,2025-04-11,10,5,Low Attendance
A008994,S10241,C011,2025-04-16,15,0,Low Attendance
A008995,S13205,C044,2025-09-24,15,4,Low Attendance
A008996,S03999,C040,2025-03-09,25,11,Low Attendance
A008997,S18532,C033,2025-10-22,15,13,Present
A008998,S19821,C014,2025-11-05,25,18,Low Attendance
A008999,S06112,C012,2025-10-23,30,23,Present
A009000,S13521,C006,2025-08-10,30,12,Low Attendance
A009001,S02569,C042,2025-02-10,25,11,Low Attendance
A009002,S16827,C018,2025-08-03,15,8,Low Attendance
A009003,S17009,C003,2025-08-02,20,11,Low Attendance
A009004,S13742,C032,2025-08-06,20,9,Low Attendance
A009005,S00680,C017,2025-08-04,25,23,Present
A009006,S13474,C024,2025-10-02,10,6,Low Attendance
A009007,S00329,C035,2025-07-16,20,13,Low Attendance
A009008,S13691,C002,2025-11-09,10,9,Present
A009009,S11197,C026,2025-09-18,15,1,Low Attendance
A009010,S17231,C030,2025-10-31,20,13,Low Attendance
A009011,S13182,C037,2025-04-08,15,4,Low Attendance
A009012,S16452,C027,2025-05-23,10,2,Low Attendance
A009013,S13324,C018,2025-04-30,30,3,Low Attendance
A009014,S08531,C014,2025-02-05,10,3,Low Attendance
A009015,S13062,C020,2025-07-29,10,7,Low Attendance
A009016,S06445,C020,2025-05-25,10,0,Low Attendance
A009017,S08195,C044,2025-11-27,20,0,Low Attendance
A009018,S10428,C041,2025-12-07,15,12,Present
A009019,S11737,C030,2025-06-26,15,10,Low Attendance
A009020,S02078,C031,2025-12-11,10,6,Low Attendance
A009021,S03611,C048,2025-08-30,30,24,Present
A009022,S06110,C033,2025-10-22,15,12,Present
A009023,S18944,C027,2025-03-05,15,4,Low Attendance
A009024,S09968,C043,2025-03-11,15,4,Low Attendance
A009025,S10938,C033,2025-01-25,10,0,Low Attendance
A009026,S10083,C020,2025-05-29,25,7,Low Attendance
A009027,S02537,C003,2025-03-22,25,4,Low Attendance
A009028,S19173,C046,2025-02-02,25,10,Low Attendance
A009029,S19071,C019,2025-03-31,30,8,Low Attendance
A009030,S16455,C007,2025-07-15,10,4,Low Attendance
A009031,S02286,C027,2025-02-20,30,30,Present
A009032,S02638,C006,2025-07-06,25,6,Low Attendance
A009033,S15973,C029,2025-04-03,30,19,Low Attendance
A009034,S09805,C041,2025-06-18,20,13,Low Attendance
A009035,S02804,C026,2025-05-14,10,0,Low Attendance
A009036,S12020,C017,2025-04-16,10,2,Low Attendance
A009037,S12233,C048,2025-08-22,20,7,Low Attendance
A009038,S08094,C002,2025-01-02,20,0,Low Attendance
A009039,S03945,C021,2025-05-06,30,11,Low Attendance
A009040,S02163,C048,2025-06-27,30,24,Present
A009041,S16199,C048,2025-11-29,25,17,Low Attendance
A009042,S12464,C050,2025-02-21,25,18,Low Attendance
A009043,S12286,C024,2025-09-03,15,15,Present
A009044,S12684,C033,2025-07-06,20,2,Low Attendance
A009045,S09521,C014,2025-08-18,15,9,Low Attendance
A009046,S04311,C034,2025-01-05,20,1,Low Attendance
A009047,S10789,C005,2025-07-16,25,25,Present
A009048,S04222,C003,2025-04-14,10,7,Low Attendance
A009049,S02861,C017,2025-05-23,10,6,Low Attendance
A009050,S01329,C006,2025-09-10,20,6,Low Attendance
A009051,S03198,C016,2025-03-07,30,9,Low Attendance
A009052,S09032,C002,2025-10-23,30,14,Low Attendance
A009053,S00309,C020,2025-06-18,20,12,Low Attendance
A009054,S10381,C050,2025-05-22,15,4,Low Attendance
A009055,S14103,C048,2025-08-20,30,7,Low Attendance
A009056,S04802,C017,2025-03-05,25,0,Low Attendance
A009057,S13509,C008,2025-08-09,10,9,Present
A009058,S06400,C025,2025-08-24,10,10,Present
A009059,S18172,C008,2025-02-16,30,1,Low Attendance
A009060,S02702,C029,2025-02-27,25,21,Present
A009061,S01433,C018,2025-04-17,20,6,Low Attendance
A009062,S09697,C046,2025-07-20,15,15,Present
A009063,S06993,C001,2025-10-05,20,3,Low Attendance
A009064,S06648,C007,2025-01-31,30,7,Low Attendance
A009065,S10528,C010,2025-10-19,15,6,Low Attendance
A009066,S19889,C022,2025-08-24,10,3,Low Attendance
A009067,S08654,C008,2025-03-31,15,6,Low Attendance
A009068,S11612,C030,2025-01-19,15,12,Present
A009069,S05212,C015,2025-08-26,15,12,Present
A009070,S16664,C022,2025-07-27,30,0,Low Attendance
A009071,S11892,C015,2025-10-01,30,30,Present
A009072,S07474,C050,2025-02-17,15,1,Low Attendance
A009073,S10984,C041,2025-03-06,15,13,Present
A009074,S14602,C043,2025-06-03,10,0,Low Attendance
A009075,S08557,C032,2025-11-19,20,5,Low Attendance
A009076,S09670,C017,2025-02-08,30,15,Low Attendance
A009077,S19785,C033,2025-12-30,30,18,Low Attendance
A009078,S00953,C019,2025-08-13,15,6,Low Attendance
A009079,S09643,C004,2025-12-16,15,0,Low Attendance
A009080,S13983,C026,2025-05-15,15,2,Low Attendance
A009081,S18271,C021,2025-10-31,25,17,Low Attendance
A009082,S17846,C012,2025-07-23,30,23,Present
A009083,S16569,C012,2025-06-08,15,8,Low Attendance
A009084,S05576,C044,2025-07-23,25,0,Low Attendance
A009085,S16811,C010,2025-01-18,20,2,Low Attendance
A009086,S00145,C044,2025-11-17,15,8,Low Attendance
A009087,S06663,C017,2025-03-25,25,14,Low Attendance
A009088,S17775,C042,2025-03-28,20,6,Low Attendance
A009089,S04253,C048,2025-02-06,20,12,Low Attendance
A009090,S13945,C028,2025-08-19,25,4,Low Attendance
A009091,S18262,C044,2025-04-28,30,16,Low Attendance
A009092,S11799,C010,2025-05-26,15,14,Present
A009093,S15894,C011,2025-06-09,30,25,Present
A009094,S13737,C002,2025-12-27,20,4,Low Attendance
A009095,S12287,C005,2025-01-11,30,20,Low Attendance
A009096,S09940,C033,2025-05-13,30,16,Low Attendance
A009097,S00887,C046,2025-11-04,20,20,Present
A009098,S00637,C001,2025-10-27,30,21,Low Attendance
A009099,S17347,C022,2025-01-29,10,4,Low Attendance
A009100,S18924,C046,2025-12-09,20,12,Low Attendance
A009101,S15687,C049,2025-04-11,20,11,Low Attendance
A009102,S13346,C021,2025-02-19,15,13,Present
A009103,S09983,C040,2025-11-21,10,2,Low Attendance
A009104,S10044,C013,2025-10-14,10,10,Present
A009105,S17227,C016,2025-06-29,10,4,Low Attendance
A009106,S12631,C044,2025-09-12,30,13,Low Attendance
A009107,S00711,C006,2025-01-29,25,17,Low Attendance
A009108,S01952,C042,2025-09-16,30,29,Present
A009109,S13064,C031,2025-09-03,20,2,Low Attendance
A009110,S04389,C028,2025-09-24,30,7,Low Attendance
A009111,S17700,C033,2025-03-26,30,8,Low Attendance
A009112,S13777,C026,2025-06-23,15,5,Low Attendance
A009113,S02479,C030,2025-04-16,20,13,Low Attendance
A009114,S01502,C043,2025-08-24,10,7,Low Attendance
A009115,S09310,C044,2025-05-17,15,13,Present
A009116,S11742,C046,2025-04-29,20,13,Low Attendance
A009117,S07322,C018,2025-12-12,25,17,Low Attendance
A009118,S07249,C001,2025-11-15,25,7,Low Attendance
A009119,S10241,C031,2025-07-19,30,30,Present
A009120,S14674,C043,2025-01-20,20,11,Low Attendance
A009121,S19141,C009,2025-06-20,10,5,Low Attendance
A009122,S18546,C015,2025-01-03,15,4,Low Attendance
A009123,S18618,C023,2025-11-22,20,7,Low Attendance
A009124,S18648,C016,2025-12-28,10,4,Low Attendance
A009125,S08136,C023,2025-10-10,20,13,Low Attendance
A009126,S06317,C039,2025-03-27,20,14,Low Attendance
A009127,S10901,C028,2025-06-13,30,14,Low Attendance
A009128,S02616,C026,2025-09-10,30,6,Low Attendance
A009129,S03455,C045,2025-12-17,30,12,Low Attendance
A009130,S00302,C021,2025-08-09,10,9,Present
A009131,S05940,C011,2025-05-13,30,24,Present
A009132,S04020,C042,2025-05-25,20,0,Low Attendance
A009133,S17332,C011,2025-08-18,30,25,Present
A009134,S11346,C014,2025-02-22,10,4,Low Attendance
A009135,S14882,C038,2025-11-23,25,15,Low Attendance
A009136,S06026,C043,2025-08-09,10,1,Low Attendance
A009137,S04433,C050,2025-03-12,25,25,Present
A009138,S13480,C006,2025-01-25,20,17,Present
A009139,S02386,C013,2025-04-28,30,26,Present
A009140,S13600,C046,2025-08-23,20,11,Low Attendance
A009141,S13817,C013,2025-10-25,10,7,Low Attendance
A009142,S08208,C045,2025-05-30,10,1,Low Attendance
A009143,S01665,C035,2025-10-24,25,4,Low Attendance
A009144,S00109,C019,2025-06-18,25,7,Low Attendance
A009145,S14093,C023,2025-08-26,10,1,Low Attendance
A009146,S12643,C036,2025-01-28,15,7,Low Attendance
A009147,S05467,C042,2025-11-19,30,19,Low Attendance
A009148,S16740,C049,2025-08-06,20,16,Present
A009149,S10730,C050,2025-08-14,25,12,Low Attendance
A009150,S17711,C040,2025-03-12,20,6,Low Attendance
A009151,S06340,C024,2025-04-26,10,9,Present
A009152,S10478,C033,2025-05-12,25,16,Low Attendance
A009153,S17504,C001,2025-08-01,20,20,Present
A009154,S19846,C044,2025-07-28,30,1,Low Attendance
A009155,S03127,C027,2025-09-08,30,13,Low Attendance
A009156,S12978,C047,2025-03-25,20,1,Low Attendance
A009157,S05123,C004,2025-09-13,10,10,Present
A009158,S11517,C008,2025-03-18,25,5,Low Attendance
A009159,S18935,C011,2025-10-26,30,24,Present
A009160,S13180,C045,2025-11-17,20,14,Low Attendance
A009161,S17120,C024,2025-02-10,30,29,Present
A009162,S13272,C049,2025-10-28,20,16,Present
A009163,S01588,C048,2025-04-05,30,28,Present
A009164,S16372,C011,2025-09-14,20,9,Low Attendance
A009165,S03963,C029,2025-12-22,30,20,Low Attendance
A009166,S07799,C032,2025-01-22,10,3,Low Attendance
A009167,S17128,C016,2025-01-22,25,16,Low Attendance
A009168,S07574,C011,2025-10-31,20,11,Low Attendance
A009169,S16228,C001,2025-06-12,20,14,Low Attendance
A009170,S14930,C013,2025-08-23,20,15,Present
A009171,S09634,C022,2025-02-25,30,26,Present
A009172,S01891,C043,2025-11-07,20,6,Low Attendance
A009173,S00035,C039,2025-10-23,30,7,Low Attendance
A009174,S09236,C013,2025-05-26,15,12,Present
A009175,S06774,C023,2025-10-25,10,6,Low Attendance
A009176,S07475,C020,2025-04-03,20,6,Low Attendance
A009177,S12806,C023,2025-08-03,20,17,Present
A009178,S12021,C020,2025-06-23,30,6,Low Attendance
A009179,S01608,C043,2025-05-09,15,7,Low Attendance
A009180,S16757,C035,2025-12-25,25,8,Low Attendance
A009181,S00780,C012,2025-04-09,25,15,Low Attendance
A009182,S17989,C022,2025-10-18,25,5,Low Attendance
A009183,S05017,C022,2025-03-04,25,5,Low Attendance
A009184,S12659,C042,2025-03-01,15,6,Low Attendance
A009185,S04188,C047,2025-02-03,15,6,Low Attendance
A009186,S08573,C036,2025-12-24,20,5,Low Attendance
A009187,S09418,C049,2025-06-09,25,7,Low Attendance
A009188,S18414,C019,2025-03-09,25,8,Low Attendance
A009189,S19119,C002,2025-02-05,10,1,Low Attendance
A009190,S09836,C046,2025-02-28,15,15,Present
A009191,S08205,C012,2025-05-13,25,6,Low Attendance
A009192,S06951,C050,2025-08-07,20,6,Low Attendance
A009193,S08099,C025,2025-04-05,25,15,Low Attendance
A009194,S12593,C013,2025-09-10,20,16,Present
A009195,S01086,C022,2025-05-18,30,11,Low Attendance
A009196,S13034,C028,2025-11-16,10,9,Present
A009197,S10476,C014,2025-08-29,10,5,Low Attendance
A009198,S03723,C016,2025-09-28,10,3,Low Attendance
A009199,S15017,C040,2025-02-01,15,13,Present
A009200,S15870,C035,2025-09-27,25,3,Low Attendance
A009201,S17943,C037,2025-03-05,20,0,Low Attendance
A009202,S05732,C014,2025-06-25,15,7,Low Attendance
A009203,S10551,C008,2025-08-01,25,11,Low Attendance
A009204,S07281,C017,2025-01-19,10,6,Low Attendance
A009205,S05421,C036,2025-03-24,10,4,Low Attendance
A009206,S08212,C001,2025-09-15,15,6,Low Attendance
A009207,S12396,C009,2025-11-10,15,1,Low Attendance
A009208,S03930,C035,2025-04-03,20,9,Low Attendance
A009209,S03036,C004,2025-08-04,15,8,Low Attendance
A009210,S05193,C032,2025-03-29,15,12,Present
A009211,S07685,C044,2025-05-26,25,8,Low Attendance
A009212,S06494,C029,2025-09-21,10,3,Low Attendance
A009213,S19501,C015,2025-03-26,25,7,Low Attendance
A009214,S01998,C015,2025-08-20,10,0,Low Attendance
A009215,S09461,C034,2025-09-20,10,5,Low Attendance
A009216,S09760,C025,2025-06-23,10,6,Low Attendance
A009217,S13512,C037,2025-07-07,10,7,Low Attendance
A009218,S08737,C011,2025-03-22,20,5,Low Attendance
A009219,S02417,C022,2025-11-06,10,7,Low Attendance
A009220,S10554,C009,2025-05-11,25,4,Low Attendance
A009221,S13377,C031,2025-10-08,15,8,Low Attendance
A009222,S14724,C016,2025-02-13,20,12,Low Attendance
A009223,S01206,C041,2025-08-05,10,7,Low Attendance
A009224,S06884,C021,2025-01-28,10,2,Low Attendance
A009225,S09085,C040,2025-04-01,15,12,Present
A009226,S17734,C031,2025-04-15,10,8,Present
A009227,S03998,C024,2025-07-31,10,7,Low Attendance
A009228,S03210,C039,2025-04-25,20,5,Low Attendance
A009229,S10171,C005,2025-01-01,30,18,Low Attendance
A009230,S19265,C017,2025-01-17,10,8,Present
A009231,S15228,C026,2025-05-04,25,5,Low Attendance
A009232,S18246,C006,2025-10-15,15,11,Low Attendance
A009233,S04063,C004,2025-06-06,20,17,Present
A009234,S00476,C033,2025-05-01,10,3,Low Attendance
A009235,S07655,C010,2025-12-21,30,11,Low Attendance
A009236,S07434,C038,2025-01-31,25,5,Low Attendance
A009237,S08624,C021,2025-12-01,15,13,Present
A009238,S00531,C025,2025-10-30,20,9,Low Attendance
A009239,S13362,C021,2025-02-05,30,29,Present
A009240,S03762,C041,2025-03-26,20,5,Low Attendance
A009241,S17196,C032,2025-02-07,25,9,Low Attendance
A009242,S01844,C029,2025-07-06,15,4,Low Attendance
A009243,S07658,C013,2025-11-07,20,0,Low Attendance
A009244,S16786,C047,2025-04-06,30,28,Present
A009245,S14348,C048,2025-07-19,25,10,Low Attendance
A009246,S02661,C039,2025-03-05,30,7,Low Attendance
A009247,S07410,C035,2025-09-27,25,19,Present
A009248,S16584,C008,2025-07-09,10,1,Low Attendance
A009249,S05088,C047,2025-04-21,15,8,Low Attendance
A009250,S13464,C018,2025-05-18,15,3,Low Attendance
A009251,S13299,C004,2025-07-16,25,14,Low Attendance
A009252,S07091,C046,2025-08-10,10,0,Low Attendance
A009253,S11036,C029,2025-12-22,15,11,Low Attendance
A009254,S00096,C027,2025-08-04,25,21,Present
A009255,S09133,C012,2025-12-27,25,9,Low Attendance
A009256,S07368,C037,2025-09-16,30,17,Low Attendance
A009257,S05107,C001,2025-05-28,15,3,Low Attendance
A009258,S18101,C040,2025-03-23,20,8,Low Attendance
A009259,S02162,C035,2025-06-07,15,1,Low Attendance
A009260,S08871,C040,2025-03-28,15,6,Low Attendance
A009261,S17538,C047,2025-10-08,15,4,Low Attendance
A009262,S07152,C012,2025-12-26,30,2,Low Attendance
A009263,S17887,C049,2025-12-02,20,12,Low Attendance
A009264,S11216,C030,2025-06-21,10,8,Present
A009265,S12746,C045,2025-01-20,25,14,Low Attendance
A009266,S17883,C003,2025-08-30,20,20,Present
A009267,S11225,C032,2025-04-16,30,25,Present
A009268,S05653,C048,2025-02-20,25,23,Present
A009269,S00437,C029,2025-11-20,30,7,Low Attendance
A009270,S08347,C024,2025-02-16,25,0,Low Attendance
A009271,S03538,C031,2025-03-30,25,6,Low Attendance
A009272,S10853,C033,2025-09-04,15,4,Low Attendance
A009273,S00106,C042,2025-12-31,20,7,Low Attendance
A009274,S05598,C025,2025-06-06,15,13,Present
A009275,S09235,C029,2025-09-18,25,21,Present
A009276,S18994,C039,2025-10-28,10,10,Present
A009277,S11550,C047,2025-05-10,25,15,Low Attendance
A009278,S12495,C030,2025-07-11,20,0,Low Attendance
A009279,S00076,C015,2025-08-12,15,7,Low Attendance
A009280,S16600,C029,2025-10-06,20,15,Present
A009281,S12074,C026,2025-06-20,20,7,Low Attendance
A009282,S14011,C043,2025-03-02,30,24,Present
A009283,S06722,C043,2025-06-27,30,28,Present
A009284,S00152,C041,2025-03-22,10,4,Low Attendance
A009285,S12788,C045,2025-07-30,10,1,Low Attendance
A009286,S13666,C034,2025-01-26,30,12,Low Attendance
A009287,S01364,C038,2025-08-03,30,13,Low Attendance
A009288,S13940,C007,2025-01-13,20,2,Low Attendance
A009289,S00065,C009,2025-07-28,15,14,Present
A009290,S11507,C047,2025-08-01,30,5,Low Attendance
A009291,S19477,C013,2025-07-20,10,4,Low Attendance
A009292,S05250,C008,2025-04-06,20,7,Low Attendance
A009293,S07634,C026,2025-02-23,10,0,Low Attendance
A009294,S13770,C025,2025-05-02,30,4,Low Attendance
A009295,S12782,C035,2025-06-27,30,16,Low Attendance
A009296,S05785,C019,2025-04-08,20,16,Present
A009297,S09557,C012,2025-08-10,30,6,Low Attendance
A009298,S09048,C039,2025-07-06,20,3,Low Attendance
A009299,S05466,C047,2025-05-22,10,10,Present
A009300,S07045,C020,2025-12-26,30,0,Low Attendance
A009301,S03546,C025,2025-04-26,10,2,Low Attendance
A009302,S09111,C030,2025-02-27,15,12,Present
A009303,S17810,C013,2025-01-23,30,11,Low Attendance
A009304,S05944,C001,2025-10-01,30,26,Present
A009305,S17400,C017,2025-06-17,20,13,Low Attendance
A009306,S11959,C026,2025-08-21,20,20,Present
A009307,S04050,C015,2025-05-07,25,0,Low Attendance
A009308,S10188,C029,2025-06-09,15,4,Low Attendance
A009309,S17921,C014,2025-09-01,30,12,Low Attendance
A009310,S05535,C026,2025-03-02,25,15,Low Attendance
A009311,S07519,C010,2025-01-08,25,0,Low Attendance
A009312,S00947,C001,2025-08-12,10,10,Present
A009313,S09688,C039,2025-05-04,10,8,Present
A009314,S09969,C013,2025-10-30,30,5,Low Attendance
A009315,S00605,C005,2025-03-25,30,4,Low Attendance
A009316,S00432,C025,2025-11-16,10,7,Low Attendance
A009317,S06196,C032,2025-02-11,20,19,Present
A009318,S04781,C033,2025-01-24,20,1,Low Attendance
A009319,S03497,C003,2025-09-03,20,16,Present
A009320,S16277,C015,2025-02-09,30,13,Low Attendance
A009321,S05838,C028,2025-04-15,30,3,Low Attendance
A009322,S07022,C020,2025-06-10,20,4,Low Attendance
A009323,S19046,C016,2025-07-10,10,3,Low Attendance
A009324,S03695,C022,2025-09-02,30,24,Present
A009325,S17225,C014,2025-03-23,20,5,Low Attendance
A009326,S04555,C015,2025-04-07,25,22,Present
A009327,S15065,C033,2025-05-02,10,8,Present
A009328,S15570,C008,2025-11-23,30,11,Low Attendance
A009329,S06164,C047,2025-08-09,10,8,Present
A009330,S16534,C011,2025-12-11,25,14,Low Attendance
A009331,S11529,C026,2025-05-09,15,6,Low Attendance
A009332,S15016,C037,2025-10-04,20,10,Low Attendance
A009333,S05256,C050,2025-06-27,25,18,Low Attendance
A009334,S02344,C012,2025-01-27,30,16,Low Attendance
A009335,S15778,C026,2025-03-21,20,4,Low Attendance
A009336,S00800,C004,2025-09-10,25,11,Low Attendance
A009337,S07333,C035,2025-01-06,30,27,Present
A009338,S19356,C027,2025-01-02,25,3,Low Attendance
A009339,S05954,C044,2025-12-28,25,19,Present
A009340,S00257,C009,2025-05-11,10,5,Low Attendance
A009341,S13034,C040,2025-02-24,30,8,Low Attendance
A009342,S06423,C032,2025-02-01,30,0,Low Attendance
A009343,S13667,C035,2025-12-28,10,5,Low Attendance
A009344,S18471,C033,2025-07-06,15,15,Present
A009345,S01697,C016,2025-10-13,25,12,Low Attendance
A009346,S10388,C014,2025-08-20,30,9,Low Attendance
A009347,S19634,C021,2025-10-03,30,9,Low Attendance
A009348,S09602,C026,2025-03-19,15,9,Low Attendance
A009349,S19876,C029,2025-05-29,10,3,Low Attendance
A009350,S04496,C009,2025-01-03,15,6,Low Attendance
A009351,S18508,C043,2025-03-29,20,8,Low Attendance
A009352,S13922,C039,2025-09-18,10,5,Low Attendance
A009353,S04891,C037,2025-08-03,30,0,Low Attendance
A009354,S01756,C034,2025-08-01,30,20,Low Attendance
A009355,S11859,C010,2025-09-17,20,1,Low Attendance
A009356,S15760,C008,2025-11-27,10,0,Low Attendance
A009357,S06215,C026,2025-04-21,30,3,Low Attendance
A009358,S07233,C031,2025-11-14,20,8,Low Attendance
A009359,S16791,C009,2025-10-22,20,14,Low Attendance
A009360,S06099,C006,2025-10-03,25,7,Low Attendance
A009361,S04333,C029,2025-01-07,25,8,Low Attendance
A009362,S02944,C046,2025-01-02,25,25,Present
A009363,S07753,C008,2025-04-06,30,30,Present
A009364,S04704,C039,2025-05-27,15,6,Low Attendance
A009365,S06010,C005,2025-03-06,30,1,Low Attendance
A009366,S02131,C032,2025-12-18,30,30,Present
A009367,S02129,C012,2025-08-15,25,4,Low Attendance
A009368,S05598,C015,2025-04-08,20,12,Low Attendance
A009369,S04025,C011,2025-03-14,10,3,Low Attendance
A009370,S15170,C030,2025-07-13,25,0,Low Attendance
A009371,S01256,C026,2025-11-11,10,4,Low Attendance
A009372,S15266,C037,2025-05-24,20,1,Low Attendance
A009373,S05757,C035,2025-04-06,15,5,Low Attendance
A009374,S09483,C011,2025-06-27,25,11,Low Attendance
A009375,S15987,C017,2025-03-28,10,10,Present
A009376,S18438,C030,2025-10-15,10,5,Low Attendance
A009377,S10191,C020,2025-04-04,30,17,Low Attendance
A009378,S03133,C004,2025-10-31,25,8,Low Attendance
A009379,S00585,C030,2025-11-28,25,8,Low Attendance
A009380,S10735,C047,2025-12-11,20,17,Present
A009381,S11937,C004,2025-11-08,10,3,
A009382,S03273,C037,2025-06-12,15,8,Low Attendance
A009383,S16881,C019,2025-01-27,25,25,Present
A009384,S14441,C023,2025-12-20,10,1,Low Attendance
A009385,S11047,C035,2025-07-16,20,16,Present
A009386,S16093,C016,2025-09-21,25,17,Low Attendance
A009387,S16268,C030,2025-10-22,30,25,Present
A009388,S15494,C036,2025-12-18,15,14,Present
A009389,S15919,C036,2025-06-12,20,3,Low Attendance
A009390,S14957,C014,2025-02-02,15,8,Low Attendance
A009391,S00777,C001,2025-10-25,10,1,Low Attendance
A009392,S09945,C026,2025-05-17,10,9,Present
A009393,S11963,C021,2025-02-10,20,5,Low Attendance
A009394,S14634,C015,2025-12-09,25,5,Low Attendance
A009395,S19201,C045,2025-04-11,10,10,Present
A009396,S19888,C002,2025-07-17,15,15,Present
A009397,S01785,C020,2025-09-02,15,13,Present
A009398,S01728,C040,2025-08-24,30,6,Low Attendance
A009399,S03784,C036,2025-03-29,15,1,Low Attendance
A009400,S18320,C027,2025-10-06,20,11,Low Attendance
A009401,S11180,C015,2025-05-12,25,12,Low Attendance
A009402,S17087,C043,2025-10-19,15,13,Present
A009403,S06571,C042,2025-01-02,10,1,Low Attendance
A009404,S05969,C012,2025-11-06,15,4,Low Attendance
A009405,S06542,C024,2025-12-02,15,0,Low Attendance
A009406,S11915,C048,2025-11-16,15,11,Low Attendance
A009407,S00589,C022,2025-01-31,30,9,Low Attendance
A009408,S11139,C033,2025-05-27,30,29,Present
A009409,S11781,C046,2025-02-27,30,4,Low Attendance
A009410,S14159,C029,2025-11-28,15,11,Low Attendance
A009411,S11553,C045,2025-11-16,15,9,Low Attendance
A009412,S07190,C050,2025-10-08,10,3,Low Attendance
A009413,S17466,C025,2025-07-20,10,2,Low Attendance
A009414,S17334,C038,2025-03-25,15,0,Low Attendance
A009415,S09619,C015,2025-06-19,10,5,Low Attendance
A009416,S06723,C026,2025-05-06,20,12,Low Attendance
A009417,S05037,C020,2025-08-01,15,0,Low Attendance
A009418,S00473,C029,2025-03-17,30,19,Low Attendance
A009419,S07271,C039,2025-10-16,10,10,Present
A009420,S12672,C036,2025-04-03,20,12,Low Attendance
A009421,S10673,C030,2025-10-17,15,3,Low Attendance
A009422,S03300,C036,2025-01-25,10,3,Low Attendance
A009423,S14580,C035,2025-07-29,15,10,Low Attendance
A009424,S05614,C016,2025-07-15,10,3,Low Attendance
A009425,S14041,C050,2025-04-20,10,3,Low Attendance
A009426,S10086,C022,2025-04-28,25,11,Low Attendance
A009427,S10436,C010,2025-03-18,30,0,Low Attendance
A009428,S04635,C018,2025-11-12,25,17,Low Attendance
A009429,S02830,C018,2025-12-13,25,11,Low Attendance
A009430,S12722,C003,2025-11-25,15,1,Low Attendance
A009431,S10520,C015,2025-04-10,15,6,Low Attendance
A009432,S08248,C028,2025-09-30,30,0,Low Attendance
A009433,S02821,C023,2025-05-19,15,0,Low Attendance
A009434,S11914,C014,2025-10-13,30,15,Low Attendance
A009435,S01567,C043,2025-10-02,10,1,Low Attendance
A009436,S09206,C003,2025-09-23,20,7,Low Attendance
A009437,S16171,C020,2025-12-09,10,5,Low Attendance
A009438,S11686,C008,2025-09-28,25,20,Present
A009439,S01598,C021,2025-12-25,30,17,Low Attendance
A009440,S15277,C008,2025-05-27,20,12,Low Attendance
A009441,S15475,C027,2025-10-27,10,4,Low Attendance
A009442,S12036,C041,2025-10-31,10,2,Low Attendance
A009443,S10262,C015,2025-05-29,15,1,Low Attendance
A009444,S01017,C014,2025-08-01,20,16,Present
A009445,S18247,C019,2025-03-31,20,12,Low Attendance
A009446,S13296,C039,2025-01-30,30,17,Low Attendance
A009447,S13545,C045,2025-08-04,10,5,Low Attendance
A009448,S17456,C031,2025-08-11,30,0,Low Attendance
A009449,S05947,C029,2025-02-17,30,7,Low Attendance
A009450,S09289,C042,2025-04-02,30,27,Present
A009451,S09103,C008,2025-06-06,30,29,Present
A009452,S10281,C002,2025-09-11,15,1,Low Attendance
A009453,S12303,C017,2025-10-29,20,5,Low Attendance
A009454,S11711,C025,2025-04-25,15,3,Low Attendance
A009455,S04092,C039,2025-10-29,25,6,Low Attendance
A009456,S10067,C020,2025-01-07,20,16,Present
A009457,S15158,C002,2025-10-06,25,20,Present
A009458,S05252,C018,2025-04-26,20,1,Low Attendance
A009459,S15535,C002,2025-12-18,15,14,Present
A009460,S07699,C007,2025-08-13,10,3,Low Attendance
A009461,S07197,C021,2025-02-12,30,0,Low Attendance
A009462,S06192,C002,2025-01-31,15,2,Low Attendance
A009463,S09204,C020,2025-03-14,10,9,Present
A009464,S14833,C006,2025-06-23,20,7,Low Attendance
A009465,S09767,C023,2025-07-14,30,14,Low Attendance
A009466,S02455,C008,2025-10-12,10,9,Present
A009467,S02714,C036,2025-01-01,20,9,Low Attendance
A009468,S17912,C015,2025-10-15,15,11,Low Attendance
A009469,S04930,C018,2025-04-22,10,10,Present
A009470,S17708,C016,2025-07-24,20,1,Low Attendance
A009471,S13886,C044,2025-06-04,30,9,Low Attendance
A009472,S02888,C041,2025-01-02,15,11,Low Attendance
A009473,S05911,C014,2025-03-14,20,3,Low Attendance
A009474,S05826,C009,2025-02-18,10,8,Present
A009475,S08244,C017,2025-05-26,25,1,Low Attendance
A009476,S16033,C045,2025-02-11,15,2,Low Attendance
A009477,S00600,C020,2025-03-27,25,2,Low Attendance
A009478,S02581,C007,2025-04-03,10,3,Low Attendance
A009479,S05820,C007,2025-02-13,20,14,Low Attendance
A009480,S16022,C031,2025-11-25,25,11,Low Attendance
A009481,S13270,C015,2025-02-15,15,4,Low Attendance
A009482,S15332,C047,2025-08-29,15,1,Low Attendance
A009483,S09033,C015,2025-12-11,15,9,Low Attendance
A009484,S00001,C005,2025-06-09,15,14,Present
A009485,S01180,C049,2025-10-17,25,9,Low Attendance
A009486,S08993,C031,2025-10-14,15,2,Low Attendance
A009487,S01051,C015,2025-07-18,15,1,Low Attendance
A009488,S14805,C041,2025-02-22,30,28,Present
A009489,S09041,C032,2025-09-09,20,0,Low Attendance
A009490,S06435,C001,2025-07-26,10,10,Present
A009491,S10410,C025,2025-05-27,20,9,Low Attendance
A009492,S14127,C034,2025-09-23,20,0,Low Attendance
A009493,S19373,C019,2025-11-03,20,14,Low Attendance
A009494,S00468,C042,2025-01-03,15,13,Present
A009495,S01125,C039,2025-02-25,30,10,Low Attendance
A009496,S15348,C030,2025-07-22,10,4,Low Attendance
A009497,S15190,C004,2025-06-17,30,6,Low Attendance
A009498,S01252,C001,2025-10-31,25,5,Low Attendance
A009499,S14712,C033,2025-08-19,15,3,Low Attendance
A009500,S02378,C014,2025-04-23,30,14,Low Attendance
A009501,S09081,C047,2025-01-11,15,14,Present
A009502,S11261,C025,2025-05-19,15,6,Low Attendance
A009503,S12235,C010,2025-04-01,25,17,Low Attendance
A009504,S04897,C002,2025-05-27,20,5,Low Attendance
A009505,S14432,C046,2025-10-01,15,3,Low Attendance
A009506,S10198,C028,2025-07-31,25,15,Low Attendance
A009507,S00966,C006,2025-02-08,10,2,Low Attendance
A009508,S03734,C030,2025-04-16,25,5,Low Attendance
A009509,S01110,C007,2025-09-20,15,4,Low Attendance
A009510,S16143,C038,2025-01-24,30,28,Present
A009511,S01606,C033,2025-12-08,30,17,Low Attendance
A009512,S09436,C039,2025-08-29,10,9,Present
A009513,S12888,C019,2025-05-23,25,9,Low Attendance
A009514,S06560,C022,2025-11-15,25,4,Low Attendance
A009515,S05542,C025,2025-08-02,30,6,Low Attendance
A009516,S15255,C021,2025-07-15,25,4,Low Attendance
A009517,S08221,C048,2025-02-16,25,18,Low Attendance
A009518,S12373,C016,2025-06-08,15,1,Low Attendance
A009519,S13603,C027,2025-02-05,15,4,Low Attendance
A009520,S13539,C023,2025-11-23,30,4,Low Attendance
A009521,S02159,C014,2025-10-26,10,3,Low Attendance
A009522,S19912,C045,2025-01-09,20,5,Low Attendance
A009523,S01017,C049,2025-11-15,20,2,Low Attendance
A009524,S01570,C021,2025-09-19,20,20,Present
A009525,S12556,C023,2025-02-13,15,4,Low Attendance
A009526,S11633,C036,2025-06-13,20,14,Low Attendance
A009527,S15762,C029,2025-11-24,25,22,Present
A009528,S03804,C013,2025-07-15,30,17,Low Attendance
A009529,S12461,C027,2025-05-15,20,6,Low Attendance
A009530,S11775,C044,2025-05-27,20,18,Present
A009531,S18015,C042,2025-06-24,20,3,Low Attendance
A009532,S12818,C019,2025-07-26,30,13,Low Attendance
A009533,S11552,C017,2025-08-02,25,21,Present
A009534,S08847,C012,2025-10-01,15,9,Low Attendance
A009535,S05069,C010,2025-02-25,20,20,Present
A009536,S16760,C011,2025-04-29,25,19,Present
A009537,S18105,C042,2025-11-30,15,12,Present
A009538,S18836,C049,2025-03-16,10,8,Present
A009539,S09920,C026,2025-12-19,10,0,Low Attendance
A009540,S17677,C015,2025-02-22,10,1,Low Attendance
A009541,S11132,C031,2025-09-28,15,4,Low Attendance
A009542,S13222,C026,2025-03-14,30,6,Low Attendance
A009543,S00795,C048,2025-01-08,25,2,Low Attendance
A009544,S13655,C041,2025-10-01,10,5,Low Attendance
A009545,S14688,C004,2025-08-13,25,16,Low Attendance
A009546,S17642,C016,2025-02-15,20,17,Present
A009547,S13119,C017,2025-03-03,15,3,Low Attendance
A009548,S18847,C021,2025-08-04,25,9,Low Attendance
A009549,S06523,C044,2025-07-29,20,13,Low Attendance
A009550,S14867,C030,2025-05-27,25,14,Low Attendance
A009551,S01004,C020,2025-10-16,30,5,Low Attendance
A009552,S09821,C009,2025-04-21,25,9,Low Attendance
A009553,S15133,C043,2025-04-03,25,24,Present
A009554,S06192,C050,2025-10-10,25,13,Low Attendance
A009555,S02845,C050,2025-01-20,20,15,Present
A009556,S16667,C009,2025-07-18,10,10,Present
A009557,S16611,C046,2025-01-16,30,8,Low Attendance
A009558,S04199,C027,2025-07-16,20,6,Low Attendance
A009559,S06246,C005,2025-12-07,20,17,Present
A009560,S05632,C019,2025-02-18,25,17,Low Attendance
A009561,S06738,C036,2025-05-05,20,9,Low Attendance
A009562,S07752,C045,2025-01-20,10,5,Low Attendance
A009563,S07837,C044,2025-03-29,25,13,Low Attendance
A009564,S09544,C029,2025-08-03,30,2,Low Attendance
A009565,S11673,C011,2025-06-13,10,5,Low Attendance
A009566,S05946,C041,2025-02-05,20,2,Low Attendance
A009567,S10541,C001,2025-08-30,20,1,Low Attendance
A009568,S18559,C048,2025-01-05,30,11,Low Attendance
A009569,S00460,C048,2025-12-22,20,8,Low Attendance
A009570,S01943,C048,2025-03-13,25,18,Low Attendance
A009571,S16972,C012,2025-08-08,30,1,Low Attendance
A009572,S15424,C021,2025-03-23,15,2,
A009573,S04771,C026,2025-09-05,10,6,Low Attendance
A009574,S07658,C012,2025-04-14,30,2,Low Attendance
A009575,S09885,C005,2025-02-09,10,10,Present
A009576,S09727,C004,2025-11-02,25,4,Low Attendance
A009577,S04875,C023,2025-01-14,30,22,Low Attendance
A009578,S03087,C030,2025-07-18,20,18,Present
A009579,S02779,C027,2025-11-09,30,5,Low Attendance
A009580,S17036,C045,2025-10-03,15,6,Low Attendance
A009581,S03213,C037,2025-09-21,25,10,Low Attendance
A009582,S18089,C014,2025-11-21,15,0,Low Attendance
A009583,S16045,C011,2025-05-23,30,29,Present
A009584,S15997,C041,2025-03-03,10,3,Low Attendance
A009585,S05088,C044,2025-02-14,15,13,Present
A009586,S14264,C004,2025-01-14,20,2,Low Attendance
A009587,S13861,C004,2025-04-30,30,1,Low Attendance
A009588,S16249,C014,2025-07-12,25,23,Present
A009589,S19786,C039,2025-05-17,15,10,Low Attendance
A009590,S11436,C001,2025-07-05,20,8,Low Attendance
A009591,S18691,C017,2025-02-01,25,8,Low Attendance
A009592,S17352,C022,2025-11-11,15,11,Low Attendance
A009593,S13004,C022,2025-05-05,30,1,Low Attendance
A009594,S06322,C005,2025-10-31,10,8,Present
A009595,S00319,C036,2025-11-26,10,9,Present
A009596,S00059,C046,2025-04-26,20,15,Present
A009597,S05720,C023,2025-05-03,15,6,Low Attendance
A009598,S01396,C019,2025-07-31,25,3,Low Attendance
A009599,S05212,C049,2025-03-27,15,4,Low Attendance
A009600,S10583,C022,2025-12-05,20,13,Low Attendance
A009601,S17008,C046,2025-10-26,25,12,Low Attendance
A009602,S11358,C013,2025-01-10,25,25,Present
A009603,S16858,C016,2025-11-11,15,3,Low Attendance
A009604,S09946,C026,2025-08-18,10,10,Present
A009605,S16356,C015,2025-01-24,10,4,Low Attendance
A009606,S12099,C040,2025-05-15,20,9,Low Attendance
A009607,S07500,C006,2025-11-03,25,2,Low Attendance
A009608,S01796,C022,2025-09-08,10,1,Low Attendance
A009609,S02692,C011,2025-06-01,10,5,Low Attendance
A009610,S18596,C023,2025-09-23,25,13,Low Attendance
A009611,S06108,C009,2025-01-07,15,9,Low Attendance
A009612,S07799,C037,2025-09-13,20,13,Low Attendance
A009613,S13877,C050,2025-02-01,25,19,Present
A009614,S02158,C003,2025-09-14,30,7,Low Attendance
A009615,S18322,C024,2025-08-25,25,2,Low Attendance
A009616,S08481,C007,2025-02-11,20,11,Low Attendance
A009617,S06819,C043,2025-09-14,20,1,Low Attendance
A009618,S19564,C041,2025-07-18,20,1,Low Attendance
A009619,S12388,C040,2025-12-13,25,8,Low Attendance
A009620,S06203,C027,2025-02-27,15,9,Low Attendance
A009621,S05442,C041,2025-01-01,20,8,Low Attendance
A009622,S19913,C020,2025-06-07,20,20,Present
A009623,S16028,C017,2025-02-21,15,2,Low Attendance
A009624,S02225,C042,2025-11-24,25,1,Low Attendance
A009625,S00392,C007,2025-10-16,20,15,Present
A009626,S06513,C021,2025-07-07,20,14,Low Attendance
A009627,S07881,C017,2025-11-05,30,17,Low Attendance
A009628,S18905,C047,2025-09-28,20,17,Present
A009629,S11015,C036,2025-01-23,20,18,Present
A009630,S11141,C035,2025-06-13,20,8,Low Attendance
A009631,S04327,C025,2025-08-20,15,7,Low Attendance
A009632,S08701,C007,2025-05-13,20,13,Low Attendance
A009633,S03135,C020,2025-02-09,10,4,Low Attendance
A009634,S04799,C008,2025-10-03,30,30,Present
A009635,S10057,C035,2025-06-15,20,6,Low Attendance
A009636,S16456,C009,2025-04-02,20,4,Low Attendance
A009637,S10712,C048,2025-07-11,25,17,Low Attendance
A009638,S11684,C004,2025-01-23,20,0,Low Attendance
A009639,S08416,C012,2025-09-15,30,1,Low Attendance
A009640,S18738,C025,2025-03-17,15,2,Low Attendance
A009641,S14123,C029,2025-07-07,10,8,Present
A009642,S13231,C039,2025-04-18,25,10,Low Attendance
A009643,S02285,C015,2025-06-26,20,19,Present
A009644,S03676,C021,2025-06-14,20,2,Low Attendance
A009645,S10872,C049,2025-10-30,20,9,Low Attendance
A009646,S13663,C028,2025-04-25,20,15,Present
A009647,S13507,C028,2025-02-21,15,9,Low Attendance
A009648,S13361,C022,2025-10-01,30,22,Low Attendance
A009649,S16850,C046,2025-04-13,25,9,Low Attendance
A009650,S10847,C040,2025-01-11,30,22,Low Attendance
A009651,S04680,C019,2025-02-10,15,3,Low Attendance
A009652,S06373,C022,2025-01-26,10,0,Low Attendance
A009653,S05664,C033,2025-12-07,20,19,Present
A009654,S06928,C035,2025-10-27,30,16,Low Attendance
A009655,S05093,C043,2025-11-01,15,1,Low Attendance
A009656,S03063,C035,2025-10-03,15,2,Low Attendance
A009657,S06262,C041,2025-10-30,20,20,Present
A009658,S01037,C011,2025-08-16,20,6,Low Attendance
A009659,S13595,C005,2025-03-04,10,7,Low Attendance
A009660,S06817,C020,2025-11-11,30,16,Low Attendance
A009661,S12932,C034,2025-09-17,15,3,Low Attendance
A009662,S19457,C025,2025-07-25,10,9,Present
A009663,S03379,C041,2025-03-05,25,19,Present
A009664,S19217,C001,2025-02-06,30,4,Low Attendance
A009665,S19546,C025,2025-02-05,15,13,Present
A009666,S18748,C034,2025-12-24,20,6,Low Attendance
A009667,S19944,C002,2025-02-16,20,5,Low Attendance
A009668,S02341,C017,2025-11-22,25,22,Present
A009669,S13342,C040,2025-11-25,10,9,Present
A009670,S18551,C038,2025-12-02,20,3,Low Attendance
A009671,S08091,C005,2025-11-10,30,1,Low Attendance
A009672,S16913,C044,2025-01-04,15,12,Present
A009673,S04578,C014,2025-10-09,10,9,Present
A009674,S08932,C014,2025-04-16,10,0,Low Attendance
A009675,S03826,C008,2025-05-06,20,2,Low Attendance
A009676,S10181,C032,2025-11-11,10,3,Low Attendance
A009677,S18595,C020,2025-09-08,25,3,Low Attendance
A009678,S11817,C005,2025-11-09,25,11,Low Attendance
A009679,S02318,C023,2025-02-25,15,4,Low Attendance
A009680,S06648,C015,2025-03-01,25,9,Low Attendance
A009681,S11349,C043,2025-12-17,25,9,Low Attendance
A009682,S08554,C018,2025-05-22,20,6,Low Attendance
A009683,S14319,C009,2025-08-14,15,5,Low Attendance
A009684,S18704,C040,2025-09-01,15,3,Low Attendance
A009685,S08930,C040,2025-09-20,20,19,Present
A009686,S09878,C047,2025-09-17,15,6,Low Attendance
A009687,S18459,C022,2025-07-25,15,5,Low Attendance
A009688,S16926,C025,2025-02-25,30,6,Low Attendance
A009689,S18024,C021,2025-12-21,10,5,Low Attendance
A009690,S15756,C009,2025-02-23,25,22,Present
A009691,S01294,C036,2025-07-16,10,5,Low Attendance
A009692,S12751,C009,2025-09-28,30,11,Low Attendance
A009693,S03326,C047,2025-12-10,15,1,Low Attendance
A009694,S15496,C034,2025-05-28,30,1,Low Attendance
A009695,S16688,C002,2025-10-23,15,4,Low Attendance
A009696,S04948,C018,2025-05-21,15,0,Low Attendance
A009697,S14882,C013,2025-10-02,25,25,Present
A009698,S01996,C010,2025-08-25,20,19,Present
A009699,S18938,C041,2025-11-08,20,16,Present
A009700,S12251,C010,2025-07-09,10,6,Low Attendance
A009701,S05340,C032,2025-01-26,10,10,Present
A009702,S08523,C042,2025-05-15,20,1,Low Attendance
A009703,S07890,C034,2025-04-06,15,3,Low Attendance
A009704,S14039,C006,2025-04-10,15,10,Low Attendance
A009705,S04675,C040,2025-10-04,10,9,Present
A009706,S10659,C029,2025-02-09,30,24,Present
A009707,S10412,C049,2025-03-09,15,5,Low Attendance
A009708,S01184,C005,2025-04-22,30,13,Low Attendance
A009709,S08123,C045,2025-09-27,25,7,Low Attendance
A009710,S19460,C047,2025-09-30,30,3,Low Attendance
A009711,S18064,C040,2025-03-31,25,11,Low Attendance
A009712,S09127,C016,2025-10-31,10,6,Low Attendance
A009713,S13126,C026,2025-01-06,30,14,Low Attendance
A009714,S01059,C030,2025-01-26,10,10,Present
A009715,S09609,C016,2025-10-25,10,4,Low Attendance
A009716,S05025,C016,2025-08-14,10,7,Low Attendance
A009717,S04170,C023,2025-07-09,15,10,Low Attendance
A009718,S04761,C009,2025-04-27,25,10,Low Attendance
A009719,S02512,C002,2025-01-26,10,5,Low Attendance
A009720,S06512,C006,2025-07-31,15,9,Low Attendance
A009721,S19103,C049,2025-07-28,10,2,Low Attendance
A009722,S13384,C049,2025-01-21,25,12,Low Attendance
A009723,S03334,C024,2025-06-24,25,20,Present
A009724,S13109,C014,2025-08-28,10,5,Low Attendance
A009725,S12127,C024,2025-11-29,20,2,Low Attendance
A009726,S03935,C046,2025-02-16,30,9,Low Attendance
A009727,S10920,C018,2025-07-14,25,16,Low Attendance
A009728,S18473,C042,2025-09-27,10,1,Low Attendance
A009729,S08305,C031,2025-12-22,30,2,Low Attendance
A009730,S02059,C037,2025-06-05,10,0,Low Attendance
A009731,S08210,C040,2025-09-13,20,4,Low Attendance
A009732,S17997,C026,2025-10-21,25,23,Present
A009733,S17509,C045,2025-01-26,10,2,Low Attendance
A009734,S02935,C039,2025-10-12,10,10,Present
A009735,S11376,C022,2025-04-23,15,15,Present
A009736,S02411,C021,2025-02-04,25,7,Low Attendance
A009737,S01023,C016,2025-03-24,15,8,Low Attendance
A009738,S16750,C036,2025-01-13,15,3,Low Attendance
A009739,S02122,C022,2025-08-04,25,20,Present
A009740,S12268,C008,2025-06-25,10,8,Present
A009741,S08460,C001,2025-08-12,20,3,Low Attendance
A009742,S06754,C040,2025-05-13,25,16,
A009743,S11271,C032,2025-06-15,10,10,Present
A009744,S04684,C015,2025-01-26,25,11,Low Attendance
A009745,S08290,C023,2025-02-15,20,20,Present
A009746,S00890,C003,2025-03-01,10,8,Present
A009747,S09246,C028,2025-08-31,30,12,Low Attendance
A009748,S13362,C024,2025-03-07,20,13,Low Attendance
A009749,S05184,C037,2025-05-13,25,12,Low Attendance
A009750,S04192,C038,2025-10-12,25,19,Present
A009751,S03506,C037,2025-02-16,30,16,Low Attendance
A009752,S06643,C046,2025-01-06,25,8,Low Attendance
A009753,S04683,C027,2025-05-22,15,12,Present
A009754,S01100,C043,2025-03-12,30,21,Low Attendance
A009755,S06835,C015,2025-03-24,20,10,Low Attendance
A009756,S11978,C027,2025-02-17,10,4,Low Attendance
A009757,S02815,C014,2025-02-23,30,3,Low Attendance
A009758,S08369,C015,2025-02-25,15,15,Present
A009759,S05147,C036,2025-10-22,30,20,Low Attendance
A009760,S11207,C044,2025-08-07,25,21,Present
A009761,S17559,C033,2025-09-01,20,17,Present
A009762,S17284,C003,2025-04-08,20,10,Low Attendance
A009763,S05983,C035,2025-01-23,20,16,Present
A009764,S02443,C014,2025-08-12,20,16,Present
A009765,S10541,C032,2025-10-12,15,0,Low Attendance
A009766,S03721,C012,2025-07-12,30,19,Low Attendance
A009767,S18582,C045,2025-02-26,30,8,Low Attendance
A009768,S12299,C003,2025-02-16,10,2,
A009769,S01500,C048,2025-07-05,20,19,Present
A009770,S13651,C033,2025-01-08,20,19,Present
A009771,S05283,C031,2025-07-21,30,0,Low Attendance
A009772,S14744,C004,2025-07-23,20,11,Low Attendance
A009773,S11283,C036,2025-10-03,30,30,Present
A009774,S04752,C033,2025-08-18,30,15,Low Attendance
A009775,S05836,C032,2025-09-17,15,12,Present
A009776,S12008,C024,2025-06-19,10,9,Present
A009777,S15987,C042,2025-01-23,20,4,Low Attendance
A009778,S05934,C012,2025-02-25,20,11,
A009779,S15170,C009,2025-01-08,15,9,Low Attendance
A009780,S17709,C032,2025-10-29,20,3,Low Attendance
A009781,S17896,C017,2025-05-02,15,0,Low Attendance
A009782,S03436,C001,2025-09-15,30,11,Low Attendance
A009783,S17118,C028,2025-06-13,20,15,Present
A009784,S08413,C031,2025-05-09,10,8,Present
A009785,S19330,C049,2025-07-12,15,4,Low Attendance
A009786,S00455,C001,2025-06-06,15,0,Low Attendance
A009787,S07959,C031,2025-04-09,30,2,Low Attendance
A009788,S07677,C002,2025-09-22,30,24,Present
A009789,S01887,C015,2025-02-24,25,0,Low Attendance
A009790,S09950,C026,2025-12-23,25,17,Low Attendance
A009791,S02178,C019,2025-12-24,20,4,Low Attendance
A009792,S07960,C027,2025-12-26,25,13,Low Attendance
A009793,S08186,C048,2025-12-23,25,6,Low Attendance
A009794,S00312,C035,2025-06-06,25,11,Low Attendance
A009795,S17024,C008,2025-03-22,20,14,Low Attendance
A009796,S13866,C013,2025-06-24,30,5,Low Attendance
A009797,S19359,C003,2025-08-16,10,2,Low Attendance
A009798,S08475,C034,2025-05-08,15,13,Present
A009799,S19324,C046,2025-10-28,10,8,Present
A009800,S14502,C036,2025-08-02,20,7,Low Attendance
A009801,S10229,C028,2025-11-05,30,18,Low Attendance
A009802,S09384,C043,2025-01-27,20,7,Low Attendance
A009803,S03364,C050,2025-06-22,30,25,Present
A009804,S05761,C012,2025-05-09,25,0,Low Attendance
A009805,S04741,C022,2025-08-19,30,7,Low Attendance
A009806,S17116,C016,2025-08-26,15,11,Low Attendance
A009807,S10504,C031,2025-04-11,20,11,Low Attendance
A009808,S05543,C037,2025-08-07,30,11,Low Attendance
A009809,S00034,C039,2025-08-09,30,27,Present
A009810,S17586,C009,2025-12-14,25,18,Low Attendance
A009811,S15878,C001,2025-06-20,20,5,Low Attendance
A009812,S02097,C045,2025-07-22,30,30,Present
A009813,S00244,C030,2025-12-08,20,20,Present
A009814,S18725,C014,2025-10-31,10,10,Present
A009815,S11917,C009,2025-01-21,15,1,Low Attendance
A009816,S05655,C049,2025-10-17,30,1,Low Attendance
A009817,S12168,C050,2025-03-29,10,9,Present
A009818,S15370,C010,2025-08-28,15,5,Low Attendance
A009819,S13238,C023,2025-06-19,15,7,Low Attendance
A009820,S16900,C019,2025-04-19,30,21,Low Attendance
A009821,S00748,C025,2025-01-07,30,26,Present
A009822,S15741,C002,2025-01-15,15,12,Present
A009823,S12890,C003,2025-12-18,10,2,Low Attendance
A009824,S05265,C003,2025-09-13,15,6,Low Attendance
A009825,S01337,C009,2025-03-26,30,28,Present
A009826,S00538,C043,2025-07-09,30,23,Present
A009827,S00215,C041,2025-08-02,15,12,Present
A009828,S10258,C017,2025-02-21,30,19,Low Attendance
A009829,S08238,C006,2025-02-18,30,1,Low Attendance
A009830,S19327,C029,2025-11-15,10,1,Low Attendance
A009831,S01151,C041,2025-04-28,30,15,Low Attendance
A009832,S05025,C048,2025-05-15,10,8,Present
A009833,S05884,C047,2025-01-31,15,5,Low Attendance
A009834,S16408,C049,2025-11-27,25,12,Low Attendance
A009835,S13799,C026,2025-07-29,25,0,Low Attendance
A009836,S06787,C040,2025-07-08,10,5,Low Attendance
A009837,S18770,C039,2025-09-23,30,17,Low Attendance
A009838,S09961,C032,2025-04-29,25,10,Low Attendance
A009839,S13130,C018,2025-03-23,25,14,Low Attendance
A009840,S02859,C040,2025-06-03,15,15,Present
A009841,S08572,C036,2025-11-11,20,5,Low Attendance
A009842,S15306,C024,2025-05-20,10,10,Present
A009843,S03734,C023,2025-05-21,25,11,Low Attendance
A009844,S00607,C010,2025-05-18,15,13,Present
A009845,S02762,C041,2025-11-28,15,5,Low Attendance
A009846,S13010,C022,2025-01-14,20,3,Low Attendance
A009847,S15846,C042,2025-02-22,20,6,Low Attendance
A009848,S17157,C038,2025-02-09,15,9,Low Attendance
A009849,S13187,C044,2025-07-25,15,12,Present
A009850,S06140,C050,2025-10-31,15,4,Low Attendance
A009851,S06158,C034,2025-10-04,25,2,Low Attendance
A009852,S11704,C035,2025-10-24,15,10,Low Attendance
A009853,S02239,C040,2025-12-13,20,9,Low Attendance
A009854,S03849,C017,2025-05-25,30,22,Low Attendance
A009855,S03737,C025,2025-03-19,15,13,Present
A009856,S00331,C030,2025-02-18,25,15,Low Attendance
A009857,S04396,C050,2025-11-25,20,12,Low Attendance
A009858,S18784,C047,2025-11-21,10,7,Low Attendance
A009859,S08521,C045,2025-08-01,10,5,Low Attendance
A009860,S03057,C030,2025-09-19,25,5,Low Attendance
A009861,S14375,C015,2025-04-28,10,10,Present
A009862,S08558,C032,2025-05-16,20,0,Low Attendance
A009863,S03860,C025,2025-10-12,25,12,Low Attendance
A009864,S02293,C034,2025-02-15,30,15,Low Attendance
A009865,S08432,C029,2025-07-21,10,3,Low Attendance
A009866,S18284,C014,2025-04-09,10,4,Low Attendance
A009867,S02510,C037,2025-10-31,20,18,Present
A009868,S06374,C029,2025-06-02,25,20,Present
A009869,S01060,C030,2025-02-07,25,0,Low Attendance
A009870,S11650,C017,2025-10-19,30,17,Low Attendance
A009871,S12127,C013,2025-08-02,20,4,Low Attendance
A009872,S19368,C004,2025-07-29,10,5,Low Attendance
A009873,S10201,C001,2025-02-01,20,14,Low Attendance
A009874,S02181,C010,2025-10-23,20,15,Present
A009875,S14322,C010,2025-04-06,15,4,Low Attendance
A009876,S10255,C004,2025-12-19,15,7,Low Attendance
A009877,S13924,C035,2025-11-21,25,23,Present
A009878,S06557,C023,2025-01-16,15,6,Low Attendance
A009879,S11498,C028,2025-11-17,15,15,Present
A009880,S06848,C043,2025-02-27,25,11,Low Attendance
A009881,S14396,C023,2025-09-22,25,8,Low Attendance
A009882,S04668,C020,2025-05-23,20,13,Low Attendance
A009883,S12249,C044,2025-07-18,30,28,Present
A009884,S17846,C028,2025-06-13,30,22,Low Attendance
A009885,S10716,C041,2025-02-19,20,14,Low Attendance
A009886,S05586,C031,2025-11-25,15,2,Low Attendance
A009887,S08393,C024,2025-06-24,10,6,Low Attendance
A009888,S19170,C013,2025-04-05,10,5,Low Attendance
A009889,S13191,C005,2025-01-24,10,6,Low Attendance
A009890,S18483,C048,2025-12-18,20,18,Present
A009891,S04177,C002,2025-06-21,10,9,Present
A009892,S13285,C036,2025-09-12,25,2,Low Attendance
A009893,S11306,C003,2025-11-05,20,7,Low Attendance
A009894,S00096,C006,2025-04-02,20,4,Low Attendance
A009895,S04743,C017,2025-01-01,25,1,Low Attendance
A009896,S01949,C021,2025-11-21,15,3,Low Attendance
A009897,S14559,C033,2025-06-15,15,7,Low Attendance
A009898,S00470,C003,2025-11-24,10,1,Low Attendance
A009899,S07547,C035,2025-03-13,20,13,Low Attendance
A009900,S01588,C028,2025-11-13,30,11,Low Attendance
A009901,S04355,C024,2025-12-21,15,5,Low Attendance
A009902,S00822,C008,2025-02-07,15,6,Low Attendance
A009903,S06149,C015,2025-05-30,20,4,Low Attendance
A009904,S01533,C015,2025-03-01,30,14,Low Attendance
A009905,S11719,C009,2025-04-26,10,9,Present
A009906,S12137,C038,2025-03-29,30,17,Low Attendance
A009907,S04776,C010,2025-09-15,15,4,Low Attendance
A009908,S18478,C027,2025-05-07,20,15,Present
A009909,S13942,C024,2025-09-18,25,21,Present
A009910,S00215,C028,2025-10-09,10,8,Present
A009911,S13569,C033,2025-09-20,30,12,Low Attendance
A009912,S16443,C004,2025-06-07,25,15,Low Attendance
A009913,S04257,C022,2025-06-19,15,0,Low Attendance
A009914,S05182,C022,2025-03-29,20,20,Present
A009915,S00936,C028,2025-03-24,30,20,Low Attendance
A009916,S13537,C009,2025-10-28,10,3,Low Attendance
A009917,S13936,C026,2025-10-30,30,20,Low Attendance
A009918,S10494,C049,2025-06-27,25,23,Present
A009919,S06329,C006,2025-07-19,15,13,Present
A009920,S13494,C019,2025-12-30,20,16,Present
A009921,S16878,C037,2025-03-03,15,8,Low Attendance
A009922,S01186,C023,2025-09-01,10,4,Low Attendance
A009923,S05800,C008,2025-09-07,30,19,Low Attendance
A009924,S00717,C046,2025-05-07,25,8,Low Attendance
A009925,S12742,C038,2025-06-01,20,10,Low Attendance
A009926,S13250,C007,2025-03-08,20,11,Low Attendance
A009927,S05369,C040,2025-05-10,15,6,Low Attendance
A009928,S05520,C029,2025-06-24,15,14,Present
A009929,S09597,C001,2025-02-11,20,10,Low Attendance
A009930,S18829,C027,2025-09-16,25,20,Present
A009931,S15831,C031,2025-08-11,20,18,Present
A009932,S08989,C011,2025-04-28,30,30,Present
A009933,S18260,C025,2025-08-09,25,2,Low Attendance
A009934,S00372,C030,2025-03-31,20,13,Low Attendance
A009935,S14595,C021,2025-01-19,20,18,Present
A009936,S10191,C043,2025-02-22,10,4,Low Attendance
A009937,S06053,C014,2025-11-23,30,1,Low Attendance
A009938,S11635,C044,2025-10-22,20,14,Low Attendance
A009939,S09716,C045,2025-03-21,30,17,Low Attendance
A009940,S18533,C033,2025-01-01,15,15,Present
A009941,S07603,C044,2025-07-11,30,29,Present
A009942,S15635,C030,2025-09-08,30,20,Low Attendance
A009943,S10055,C011,2025-07-16,15,11,Low Attendance
A009944,S19146,C039,2025-11-14,25,3,Low Attendance
A009945,S04976,C046,2025-03-12,25,7,Low Attendance
A009946,S18068,C032,2025-06-15,15,14,Present
A009947,S15335,C017,2025-03-24,10,9,Present
A009948,S06974,C034,2025-07-06,20,1,Low Attendance
A009949,S14761,C039,2025-12-30,10,8,Present
A009950,S10614,C012,2025-12-21,30,11,Low Attendance
A009951,S13891,C015,2025-02-09,10,5,Low Attendance
A009952,S08086,C011,2025-02-03,25,3,Low Attendance
A009953,S16557,C018,2025-08-29,30,20,Low Attendance
A009954,S00042,C020,2025-10-08,30,27,Present
A009955,S16597,C023,2025-02-22,15,9,Low Attendance
A009956,S00808,C022,2025-11-10,25,17,Low Attendance
A009957,S09818,C011,2025-02-07,10,2,Low Attendance
A009958,S09175,C033,2025-02-12,20,2,Low Attendance
A009959,S15824,C025,2025-07-19,10,3,Low Attendance
A009960,S01758,C034,2025-02-24,15,4,Low Attendance
A009961,S01783,C040,2025-02-24,20,10,Low Attendance
A009962,S06392,C020,2025-12-17,30,4,Low Attendance
A009963,S08780,C032,2025-08-22,15,6,Low Attendance
A009964,S13254,C009,2025-06-25,25,12,Low Attendance
A009965,S07549,C005,2025-12-14,30,26,Present
A009966,S17906,C033,2025-12-15,20,14,Low Attendance
A009967,S13563,C029,2025-10-17,25,2,Low Attendance
A009968,S03184,C016,2025-09-05,20,3,Low Attendance
A009969,S06987,C019,2025-01-07,30,20,Low Attendance
A009970,S16336,C019,2025-09-20,15,4,Low Attendance
A009971,S17112,C033,2025-09-11,20,0,Low Attendance
A009972,S05531,C019,2025-07-19,30,27,Present
A009973,S02898,C043,2025-12-01,25,13,Low Attendance
A009974,S08151,C012,2025-02-16,25,11,Low Attendance
A009975,S14568,C047,2025-07-05,30,18,Low Attendance
A009976,S17660,C002,2025-04-26,10,9,Present
A009977,S13847,C008,2025-04-14,25,25,Present
A009978,S08831,C019,2025-06-22,30,3,Low Attendance
A009979,S10011,C048,2025-08-31,30,28,Present
A009980,S12679,C005,2025-02-13,30,28,Present
A009981,S04694,C037,2025-06-01,20,20,Present
A009982,S12112,C043,2025-08-21,20,8,Low Attendance
A009983,S18882,C050,2025-03-24,30,25,Present
A009984,S07078,C048,2025-06-01,20,12,Low Attendance
A009985,S07796,C018,2025-08-01,10,6,Low Attendance
A009986,S15780,C011,2025-09-28,20,7,Low Attendance
A009987,S08292,C016,2025-10-04,10,1,Low Attendance
A009988,S05628,C004,2025-02-18,15,12,Present
A009989,S01845,C046,2025-11-06,30,18,Low Attendance
A009990,S05590,C034,2025-05-13,30,15,Low Attendance
A009991,S15805,C027,2025-04-03,10,1,Low Attendance
A009992,S13894,C031,2025-03-07,15,4,Low Attendance
A009993,S05827,C031,2025-01-25,10,2,Low Attendance
A009994,S12181,C020,2025-10-10,30,18,Low Attendance
A009995,S17817,C041,2025-05-21,20,15,Present
A009996,S19288,C048,2025-04-06,15,9,Low Attendance
A009997,S14847,C039,2025-10-31,25,3,Low Attendance
A009998,S18969,C023,2025-11-06,20,0,Low Attendance
A009999,S13893,C017,2025-03-02,10,2,Low Attendance
A010000,S15069,C044,2025-03-28,20,1,Low Attendance
A010001,S01816,C019,2025-04-06,10,0,Low Attendance
A010002,S00655,C011,2025-05-04,10,6,Low Attendance
A010003,S19021,C049,2025-01-20,15,12,Present
A010004,S04835,C033,2025-05-25,10,5,Low Attendance
A010005,S08106,C043,2025-08-16,30,26,Present
A010006,S09360,C032,2025-08-03,30,1,Low Attendance
A010007,S19639,C034,2025-02-18,30,0,Low Attendance
A010008,S10472,C039,2025-11-06,15,7,Low Attendance
A010009,S09568,C044,2025-10-06,20,3,Low Attendance
A010010,S03950,C049,2025-04-23,10,4,Low Attendance
A010011,S08085,C002,2025-07-29,25,12,Low Attendance
A010012,S08456,C042,2025-04-18,20,14,Low Attendance
A010013,S03879,C013,2025-01-10,25,2,Low Attendance
A010014,S17875,C010,2025-12-02,25,0,Low Attendance
A010015,S01199,C030,2025-05-25,15,11,Low Attendance
A010016,S19880,C012,2025-10-04,10,2,Low Attendance
A010017,S11003,C045,2025-08-16,25,4,Low Attendance
A010018,S09584,C033,2025-11-29,20,16,Present
A010019,S00970,C047,2025-01-05,10,4,Low Attendance
A010020,S06235,C020,2025-01-21,20,10,Low Attendance
A010021,S06334,C041,2025-04-06,30,2,Low Attendance
A010022,S10100,C001,2025-11-12,10,5,Low Attendance
A010023,S11633,C003,2025-06-24,30,27,Present
A010024,S03207,C004,2025-02-03,20,9,Low Attendance
A010025,S04063,C012,2025-06-03,15,7,Low Attendance
A010026,S14104,C043,2025-04-22,25,3,Low Attendance
A010027,S13326,C025,2025-05-11,30,4,Low Attendance
A010028,S09333,C034,2025-09-09,25,18,Low Attendance
A010029,S12816,C049,2025-01-03,30,21,Low Attendance
A010030,S07726,C014,2025-07-31,25,24,Present
A010031,S15157,C008,2025-11-05,15,12,Present
A010032,S17281,C050,2025-01-12,25,14,Low Attendance
A010033,S08095,C031,2025-04-21,30,20,Low Attendance
A010034,S06616,C029,2025-09-12,25,19,Present
A010035,S04082,C039,2025-01-29,30,12,Low Attendance
A010036,S05591,C047,2025-08-15,30,10,Low Attendance
A010037,S06597,C001,2025-05-18,20,11,Low Attendance
A010038,S10039,C004,2025-03-03,15,1,Low Attendance
A010039,S14298,C036,2025-01-26,15,13,Present
A010040,S06496,C046,2025-08-08,30,5,Low Attendance
A010041,S00674,C041,2025-02-26,25,2,Low Attendance
A010042,S17038,C020,2025-10-08,30,22,Low Attendance
A010043,S19229,C018,2025-12-22,25,2,Low Attendance
A010044,S10733,C034,2025-06-11,10,1,Low Attendance
A010045,S09756,C021,2025-03-07,10,2,Low Attendance
A010046,S01329,C046,2025-08-03,15,6,Low Attendance
A010047,S13243,C007,2025-01-21,20,3,Low Attendance
A010048,S10631,C035,2025-12-27,15,15,Present
A010049,S17467,C008,2025-01-29,20,4,Low Attendance
A010050,S15935,C004,2025-01-03,10,3,Low Attendance
A010051,S19814,C016,2025-09-05,20,4,Low Attendance
A010052,S14913,C027,2025-01-03,20,7,Low Attendance
A010053,S14745,C007,2025-07-23,15,1,Low Attendance
A010054,S00430,C038,2025-03-13,15,12,Present
A010055,S18292,C005,2025-11-11,15,10,Low Attendance
A010056,S15097,C002,2025-01-02,10,7,Low Attendance
A010057,S04320,C013,2025-10-28,15,9,Low Attendance
A010058,S01462,C035,2025-06-04,20,15,Present
A010059,S08792,C027,2025-06-29,15,14,Present
A010060,S15430,C049,2025-04-19,30,28,Present
A010061,S07819,C045,2025-08-07,20,5,Low Attendance
A010062,S10138,C012,2025-03-15,30,9,Low Attendance
A010063,S10634,C005,2025-06-28,15,1,Low Attendance
A010064,S03523,C031,2025-12-21,30,9,Low Attendance
A010065,S16274,C033,2025-08-19,10,9,Present
A010066,S03074,C047,2025-10-24,30,20,Low Attendance
A010067,S06390,C044,2025-03-29,20,18,Present
A010068,S08183,C036,2025-01-19,25,18,Low Attendance
A010069,S04178,C024,2025-02-26,20,4,Low Attendance
A010070,S01141,C037,2025-06-09,15,9,Low Attendance
A010071,S02268,C017,2025-05-14,20,7,Low Attendance
A010072,S18879,C003,2025-08-18,10,9,Present
A010073,S12175,C017,2025-01-07,20,8,Low Attendance
A010074,S04474,C042,2025-05-20,15,11,Low Attendance
A010075,S10854,C011,2025-03-11,30,12,Low Attendance
A010076,S10579,C014,2025-03-01,20,8,Low Attendance
A010077,S12932,C043,2025-02-02,25,11,Low Attendance
A010078,S02318,C006,2025-06-01,15,5,Low Attendance
A010079,S06635,C005,2025-02-10,10,2,Low Attendance
A010080,S11064,C028,2025-03-17,25,13,Low Attendance
A010081,S19831,C044,2025-09-02,30,17,Low Attendance
A010082,S13821,C050,2025-05-31,20,18,Present
A010083,S07745,C025,2025-12-11,15,1,Low Attendance
A010084,S15884,C022,2025-05-23,25,15,Low Attendance
A010085,S05235,C025,2025-08-15,15,7,Low Attendance
A010086,S04153,C014,2025-08-20,10,6,Low Attendance
A010087,S19681,C028,2025-03-28,15,14,Present
A010088,S15595,C010,2025-03-23,10,9,Present
A010089,S00986,C011,2025-09-26,10,10,Present
A010090,S07991,C044,2025-09-29,25,0,Low Attendance
A010091,S06283,C010,2025-10-30,10,10,Present
A010092,S14642,C024,2025-01-22,30,30,Present
A010093,S15089,C040,2025-04-13,30,9,Low Attendance
A010094,S15157,C014,2025-05-05,25,25,Present
A010095,S08983,C006,2025-12-05,30,10,Low Attendance
A010096,S10763,C017,2025-06-27,10,8,Present
A010097,S01114,C007,2025-05-20,25,14,Low Attendance
A010098,S08136,C049,2025-02-23,15,10,Low Attendance
A010099,S11821,C037,2025-01-30,30,6,Low Attendance
A010100,S17765,C034,2025-07-12,25,1,Low Attendance
A010101,S04658,C035,2025-06-17,25,14,Low Attendance
A010102,S17354,C029,2025-08-25,10,2,Low Attendance
A010103,S02673,C025,2025-05-11,15,11,Low Attendance
A010104,S19212,C015,2025-06-17,15,5,Low Attendance
A010105,S07585,C009,2025-02-02,10,7,Low Attendance
A010106,S12657,C012,2025-06-15,25,23,Present
A010107,S14122,C021,2025-02-13,25,11,Low Attendance
A010108,S03310,C025,2025-03-30,20,19,Present
A010109,S03399,C029,2025-12-18,10,3,Low Attendance
A010110,S04713,C035,2025-09-18,15,14,Present
A010111,S08882,C017,2025-09-18,10,9,Present
A010112,S12779,C040,2025-11-12,25,25,Present
A010113,S17529,C019,2025-12-06,25,13,Low Attendance
A010114,S07331,C048,2025-04-01,30,10,Low Attendance
A010115,S04578,C039,2025-03-15,30,22,Low Attendance
A010116,S16327,C034,2025-02-17,10,3,Low Attendance
A010117,S04628,C023,2025-10-17,30,22,Low Attendance
A010118,S09431,C024,2025-05-28,15,12,Present
A010119,S17773,C024,2025-12-01,15,0,Low Attendance
A010120,S19719,C005,2025-02-23,20,12,Low Attendance
A010121,S07569,C001,2025-01-29,30,8,Low Attendance
A010122,S13938,C034,2025-03-20,20,12,Low Attendance
A010123,S07821,C004,2025-10-01,25,20,Present
A010124,S16787,C029,2025-03-30,25,24,Present
A010125,S09732,C024,2025-01-29,25,9,Low Attendance
A010126,S02831,C025,2025-10-26,20,7,Low Attendance
A010127,S12181,C038,2025-08-25,15,2,Low Attendance
A010128,S06399,C033,2025-05-30,20,17,Present
A010129,S18222,C013,2025-09-14,30,1,Low Attendance
A010130,S06278,C037,2025-11-14,25,4,Low Attendance
A010131,S16010,C041,2025-11-14,15,10,Low Attendance
A010132,S09488,C028,2025-04-30,10,10,Present
A010133,S05829,C017,2025-07-30,30,5,Low Attendance
A010134,S11473,C042,2025-03-28,10,0,Low Attendance
A010135,S02469,C050,2025-02-26,15,0,Low Attendance
A010136,S10693,C047,2025-04-25,25,10,Low Attendance
A010137,S08625,C019,2025-12-17,25,0,Low Attendance
A010138,S15490,C027,2025-06-26,20,2,Low Attendance
A010139,S19845,C012,2025-03-23,15,10,Low Attendance
A010140,S05237,C027,2025-06-09,30,2,Low Attendance
A010141,S11927,C033,2025-12-07,10,1,Low Attendance
A010142,S15075,C005,2025-12-10,30,30,Present
A010143,S05933,C018,2025-10-23,20,9,Low Attendance
A010144,S10304,C022,2025-09-12,15,12,Present
A010145,S07242,C012,2025-11-11,10,5,Low Attendance
A010146,S15687,C019,2025-03-13,30,3,Low Attendance
A010147,S02759,C009,2025-10-17,20,12,Low Attendance
A010148,S15335,C041,2025-01-05,15,6,Low Attendance
A010149,S10938,C025,2025-02-22,30,8,Low Attendance
A010150,S15170,C031,2025-09-13,10,7,Low Attendance
A010151,S08387,C024,2025-07-28,20,19,Present
A010152,S19111,C010,2025-05-28,10,1,Low Attendance
A010153,S14347,C013,2025-03-21,25,8,Low Attendance
A010154,S12410,C042,2025-08-22,30,9,Low Attendance
A010155,S03991,C032,2025-02-13,30,11,Low Attendance
A010156,S12796,C049,2025-09-26,20,15,Present
A010157,S15594,C036,2025-12-27,20,14,Low Attendance
A010158,S13563,C028,2025-09-25,15,5,Low Attendance
A010159,S17378,C036,2025-09-04,30,3,Low Attendance
A010160,S09798,C010,2025-02-06,20,9,Low Attendance
A010161,S10334,C003,2025-09-16,15,8,Low Attendance
A010162,S17070,C009,2025-03-13,15,10,Low Attendance
A010163,S14936,C044,2025-10-23,10,1,Low Attendance
A010164,S13698,C002,2025-12-18,15,1,Low Attendance
A010165,S13025,C025,2025-08-13,30,29,Present
A010166,S01569,C003,2025-09-22,25,11,Low Attendance
A010167,S14380,C022,2025-02-09,25,0,Low Attendance
A010168,S05577,C029,2025-01-21,30,28,Present
A010169,S18307,C003,2025-04-08,15,14,Present
A010170,S07264,C003,2025-03-14,30,16,Low Attendance
A010171,S06451,C026,2025-03-30,20,13,Low Attendance
A010172,S06756,C016,2025-06-03,10,10,Present
A010173,S19361,C011,2025-11-11,20,14,Low Attendance
A010174,S07132,C039,2025-12-26,15,4,Low Attendance
A010175,S07755,C001,2025-11-27,25,9,Low Attendance
A010176,S00273,C027,2025-08-02,20,19,Present
A010177,S00644,C036,2025-02-20,10,4,Low Attendance
A010178,S18366,C023,2025-05-01,15,9,Low Attendance
A010179,S07095,C026,2025-01-04,25,14,Low Attendance
A010180,S00848,C011,2025-01-16,25,18,Low Attendance
A010181,S18905,C005,2025-10-13,25,3,Low Attendance
A010182,S15707,C023,2025-06-05,25,5,Low Attendance
A010183,S04072,C001,2025-05-26,25,4,Low Attendance
A010184,S03262,C025,2025-06-07,20,14,Low Attendance
A010185,S01556,C015,2025-08-25,25,17,Low Attendance
A010186,S08152,C001,2025-07-09,10,8,Present
A010187,S08645,C044,2025-03-11,20,0,Low Attendance
A010188,S06935,C031,2025-08-26,30,25,Present
A010189,S06795,C037,2025-06-04,20,4,Low Attendance
A010190,S07060,C013,2025-11-02,20,13,Low Attendance
A010191,S12249,C019,2025-04-18,10,5,Low Attendance
A010192,S12402,C020,2025-03-28,30,11,Low Attendance
A010193,S08631,C015,2025-01-05,25,14,Low Attendance
A010194,S19250,C039,2025-07-30,30,26,Present
A010195,S17977,C023,2025-06-21,25,0,Low Attendance
A010196,S18649,C038,2025-05-23,15,5,Low Attendance
A010197,S05582,C023,2025-06-22,25,3,Low Attendance
A010198,S18055,C019,2025-09-07,10,2,Low Attendance
A010199,S04811,C017,2025-07-01,10,7,Low Attendance
A010200,S19745,C021,2025-03-04,25,23,Present
A010201,S17075,C010,2025-03-08,20,0,Low Attendance
A010202,S08223,C014,2025-10-02,30,20,Low Attendance
A010203,S13511,C009,2025-07-30,25,24,Present
A010204,S04101,C012,2025-07-26,15,0,Low Attendance
A010205,S19514,C044,2025-08-01,15,13,Present
A010206,S06144,C025,2025-11-27,25,7,Low Attendance
A010207,S18354,C038,2025-03-06,10,6,Low Attendance
A010208,S17061,C025,2025-08-20,25,15,Low Attendance
A010209,S04789,C007,2025-03-09,15,3,Low Attendance
A010210,S16804,C045,2025-10-15,25,13,Low Attendance
A010211,S08324,C029,2025-11-15,25,8,Low Attendance
A010212,S15334,C032,2025-09-18,30,17,Low Attendance
A010213,S10580,C034,2025-08-29,25,5,Low Attendance
A010214,S09632,C014,2025-02-19,10,2,Low Attendance
A010215,S11944,C010,2025-07-22,10,7,Low Attendance
A010216,S00110,C046,2025-06-05,20,4,Low Attendance
A010217,S03257,C004,2025-08-20,25,10,Low Attendance
A010218,S15607,C013,2025-08-04,15,12,Present
A010219,S14625,C028,2025-09-08,25,20,Present
A010220,S03541,C043,2025-01-27,20,6,Low Attendance
A010221,S16268,C041,2025-04-21,10,9,Present
A010222,S07493,C047,2025-04-21,10,6,Low Attendance
A010223,S12745,C011,2025-06-29,20,1,Low Attendance
A010224,S19523,C041,2025-06-12,30,12,Low Attendance
A010225,S02188,C038,2025-11-18,10,0,Low Attendance
A010226,S15108,C048,2025-04-01,30,22,Low Attendance
A010227,S03623,C049,2025-05-27,25,15,Low Attendance
A010228,S09820,C021,2025-06-30,15,0,Low Attendance
A010229,S11131,C026,2025-10-14,10,3,Low Attendance
A010230,S16551,C010,2025-07-09,30,20,Low Attendance
A010231,S07637,C034,2025-05-29,15,3,Low Attendance
A010232,S06039,C010,2025-05-28,15,2,Low Attendance
A010233,S02506,C004,2025-09-21,25,9,Low Attendance
A010234,S01305,C035,2025-10-31,25,25,Present
A010235,S12946,C046,2025-11-28,20,2,Low Attendance
A010236,S19699,C019,2025-02-08,30,20,Low Attendance
A010237,S01721,C025,2025-11-09,30,10,Low Attendance
A010238,S16727,C049,2025-12-02,20,4,Low Attendance
A010239,S04898,C019,2025-10-13,25,0,Low Attendance
A010240,S05874,C043,2025-05-17,30,20,Low Attendance
A010241,S07702,C037,2025-05-05,15,7,Low Attendance
A010242,S03862,C022,2025-03-25,10,6,Low Attendance
A010243,S03543,C042,2025-06-15,20,6,Low Attendance
A010244,S11319,C009,2025-06-22,30,28,Present
A010245,S04713,C047,2025-05-27,25,20,Present
A010246,S04119,C014,2025-09-04,25,15,Low Attendance
A010247,S02406,C045,2025-01-11,20,2,Low Attendance
A010248,S18601,C042,2025-05-13,10,7,Low Attendance
A010249,S14451,C037,2025-03-21,15,10,Low Attendance
A010250,S01130,C020,2025-04-20,10,4,Low Attendance
A010251,S13905,C049,2025-05-31,10,8,Present
A010252,S04733,C013,2025-03-06,25,16,Low Attendance
A010253,S16896,C042,2025-08-14,25,8,Low Attendance
A010254,S06192,C001,2025-11-25,15,6,Low Attendance
A010255,S04045,C027,2025-08-07,20,17,Present
A010256,S04115,C048,2025-12-17,30,17,Low Attendance
A010257,S05151,C026,2025-03-04,10,7,Low Attendance
A010258,S09722,C030,2025-09-11,20,2,Low Attendance
A010259,S00694,C018,2025-09-26,10,8,Present
A010260,S13849,C044,2025-08-08,15,7,Low Attendance
A010261,S00120,C019,2025-03-26,15,4,Low Attendance
A010262,S13333,C026,2025-12-31,25,11,Low Attendance
A010263,S19184,C043,2025-01-09,25,10,Low Attendance
A010264,S17054,C003,2025-06-25,15,9,Low Attendance
A010265,S19809,C019,2025-05-23,30,28,Present
A010266,S16140,C034,2025-04-03,10,7,Low Attendance
A010267,S07260,C033,2025-02-03,30,25,Present
A010268,S05222,C019,2025-10-16,20,6,Low Attendance
A010269,S08317,C026,2025-10-06,10,6,Low Attendance
A010270,S16263,C045,2025-10-18,30,26,Present
A010271,S13492,C009,2025-05-24,20,14,Low Attendance
A010272,S04219,C037,2025-09-02,20,17,Present
A010273,S06706,C003,2025-02-18,30,30,Present
A010274,S09571,C027,2025-04-27,30,15,Low Attendance
A010275,S14084,C006,2025-10-03,30,7,Low Attendance
A010276,S10237,C020,2025-05-25,20,11,Low Attendance
A010277,S17375,C011,2025-09-26,15,12,Present
A010278,S09256,C044,2025-01-29,25,22,Present
A010279,S07332,C034,2025-12-20,25,0,Low Attendance
A010280,S13640,C004,2025-08-01,15,13,Present
A010281,S01092,C017,2025-05-18,20,5,Low Attendance
A010282,S11575,C046,2025-03-10,10,10,Present
A010283,S06980,C048,2025-11-22,10,8,Present
A010284,S07627,C048,2025-07-15,20,15,Present
A010285,S13273,C048,2025-10-23,25,25,Present
A010286,S07647,C011,2025-10-30,10,6,Low Attendance
A010287,S12880,C021,2025-01-23,30,8,Low Attendance
A010288,S01738,C037,2025-11-23,10,8,Present
A010289,S01803,C016,2025-07-09,10,1,Low Attendance
A010290,S12268,C009,2025-09-06,30,27,Present
A010291,S00259,C004,2025-09-03,30,16,Low Attendance
A010292,S19236,C016,2025-11-15,15,13,Present
A010293,S14912,C002,2025-06-16,25,14,Low Attendance
A010294,S15013,C028,2025-11-15,25,17,Low Attendance
A010295,S00116,C023,2025-07-25,15,5,Low Attendance
A010296,S10571,C019,2025-07-10,30,11,Low Attendance
A010297,S07693,C031,2025-11-02,20,16,Present
A010298,S16086,C011,2025-05-13,10,5,Low Attendance
A010299,S10025,C036,2025-01-12,10,7,Low Attendance
A010300,S09386,C038,2025-06-13,10,2,Low Attendance
A010301,S03279,C018,2025-08-25,15,7,Low Attendance
A010302,S10225,C011,2025-04-15,15,7,Low Attendance
A010303,S10478,C006,2025-01-23,25,23,Present
A010304,S15497,C012,2025-02-11,25,18,Low Attendance
A010305,S07133,C034,2025-03-11,20,9,Low Attendance
A010306,S15736,C022,2025-07-21,20,7,Low Attendance
A010307,S14314,C007,2025-08-16,15,2,Low Attendance
A010308,S04436,C013,2025-07-14,30,7,Low Attendance
A010309,S09284,C002,2025-03-30,15,3,Low Attendance
A010310,S03673,C009,2025-10-05,15,10,Low Attendance
A010311,S01096,C018,2025-04-19,15,14,Present
A010312,S15079,C015,2025-06-20,20,0,Low Attendance
A010313,S09957,C049,2025-10-26,10,7,Low Attendance
A010314,S04714,C048,2025-11-15,20,16,Present
A010315,S17176,C025,2025-02-23,20,0,Low Attendance
A010316,S14446,C035,2025-11-05,25,24,Present
A010317,S15908,C014,2025-04-30,10,6,Low Attendance
A010318,S16984,C015,2025-09-26,30,23,Present
A010319,S01213,C022,2025-09-14,15,6,Low Attendance
A010320,S11998,C004,2025-07-13,20,2,Low Attendance
A010321,S03993,C002,2025-11-03,10,2,Low Attendance
A010322,S18563,C007,2025-04-20,15,12,Present
A010323,S14505,C028,2025-09-25,10,3,Low Attendance
A010324,S03296,C020,2025-07-03,25,21,Present
A010325,S06602,C010,2025-02-27,25,3,Low Attendance
A010326,S17232,C009,2025-03-28,10,3,Low Attendance
A010327,S11593,C034,2025-02-08,15,10,Low Attendance
A010328,S06098,C049,2025-01-31,30,29,Present
A010329,S02999,C001,2025-07-22,30,28,Present
A010330,S00660,C009,2025-10-02,15,12,Present
A010331,S00659,C035,2025-03-28,10,9,Present
A010332,S18831,C012,2025-08-06,10,0,Low Attendance
A010333,S17042,C033,2025-04-24,30,18,Low Attendance
A010334,S11843,C040,2025-09-08,25,25,Present
A010335,S01738,C039,2025-09-26,30,19,Low Attendance
A010336,S00244,C003,2025-05-21,30,17,Low Attendance
A010337,S00138,C036,2025-06-25,30,15,Low Attendance
A010338,S15493,C034,2025-09-29,20,2,Low Attendance
A010339,S03605,C026,2025-08-31,15,6,Low Attendance
A010340,S04172,C032,2025-10-27,20,14,Low Attendance
A010341,S14874,C015,2025-03-06,10,7,Low Attendance
A010342,S07953,C047,2025-03-29,30,23,Present
A010343,S01186,C040,2025-06-15,20,16,Present
A010344,S00567,C032,2025-01-04,30,0,Low Attendance
A010345,S18984,C001,2025-12-05,25,6,Low Attendance
A010346,S16757,C039,2025-10-18,10,3,Low Attendance
A010347,S04782,C007,2025-03-04,30,30,Present
A010348,S18369,C002,2025-09-30,15,2,Low Attendance
A010349,S08518,C005,2025-06-09,25,15,Low Attendance
A010350,S15060,C027,2025-03-11,15,12,Present
A010351,S17115,C020,2025-02-22,10,1,Low Attendance
A010352,S17371,C001,2025-10-22,20,6,Low Attendance
A010353,S03462,C032,2025-02-07,30,28,Present
A010354,S18003,C021,2025-08-07,15,12,Present
A010355,S10093,C028,2025-12-02,15,2,Low Attendance
A010356,S04050,C043,2025-12-13,25,10,Low Attendance
A010357,S15716,C026,2025-10-31,20,1,Low Attendance
A010358,S02679,C018,2025-05-25,30,8,Low Attendance
A010359,S00777,C011,2025-03-06,30,8,Low Attendance
A010360,S05376,C046,2025-06-17,15,2,Low Attendance
A010361,S10809,C039,2025-08-11,10,7,Low Attendance
A010362,S12384,C026,2025-05-13,25,22,Present
A010363,S00480,C035,2025-05-26,25,17,Low Attendance
A010364,S17891,C029,2025-06-18,10,0,Low Attendance
A010365,S12079,C046,2025-05-10,30,19,Low Attendance
A010366,S18620,C023,2025-07-04,30,9,Low Attendance
A010367,S04874,C021,2025-03-31,10,5,Low Attendance
A010368,S17724,C042,2025-01-26,10,10,Present
A010369,S15952,C019,2025-12-12,15,10,Low Attendance
A010370,S01289,C041,2025-06-17,10,4,Low Attendance
A010371,S04142,C023,2025-10-03,25,23,Present
A010372,S00414,C036,2025-06-07,10,9,Present
A010373,S19550,C036,2025-04-04,10,3,Low Attendance
A010374,S04817,C049,2025-06-23,15,0,Low Attendance
A010375,S05969,C031,2025-03-17,30,14,Low Attendance
A010376,S19549,C035,2025-02-24,10,6,Low Attendance
A010377,S07496,C022,2025-07-06,20,12,Low Attendance
A010378,S10949,C007,2025-07-21,30,23,Present
A010379,S16006,C038,2025-07-13,30,27,Present
A010380,S18803,C047,2025-09-28,25,23,Present
A010381,S01104,C020,2025-12-10,10,8,Present
A010382,S04765,C008,2025-09-06,25,3,Low Attendance
A010383,S13928,C003,2025-09-09,30,9,Low Attendance
A010384,S08570,C040,2025-03-26,30,5,Low Attendance
A010385,S06223,C034,2025-03-17,20,7,Low Attendance
A010386,S08316,C048,2025-10-14,15,14,Present
A010387,S05968,C017,2025-08-13,15,15,Present
A010388,S01307,C032,2025-09-28,20,2,Low Attendance
A010389,S16096,C013,2025-08-14,10,7,Low Attendance
A010390,S03271,C007,2025-03-19,10,7,Low Attendance
A010391,S17431,C019,2025-07-31,15,6,Low Attendance
A010392,S00742,C007,2025-07-27,10,1,Low Attendance
A010393,S07555,C011,2025-09-08,25,3,Low Attendance
A010394,S19558,C016,2025-10-01,15,3,Low Attendance
A010395,S02807,C007,2025-08-22,15,14,Present
A010396,S10949,C008,2025-02-18,10,7,Low Attendance
A010397,S11970,C006,2025-02-20,10,4,Low Attendance
A010398,S18973,C029,2025-04-20,15,1,Low Attendance
A010399,S15493,C012,2025-12-08,25,0,Low Attendance
A010400,S04884,C002,2025-01-05,15,2,Low Attendance
A010401,S06149,C014,2025-02-04,20,20,Present
A010402,S10359,C033,2025-10-17,25,25,Present
A010403,S07878,C050,2025-03-12,25,3,Low Attendance
A010404,S19836,C030,2025-09-12,15,4,Low Attendance
A010405,S09054,C015,2025-12-25,20,8,Low Attendance
A010406,S10727,C045,2025-05-29,15,11,Low Attendance
A010407,S14178,C004,2025-10-30,30,28,Present
A010408,S19052,C011,2025-09-25,20,20,Present
A010409,S11426,C037,2025-09-16,10,6,Low Attendance
A010410,S18100,C001,2025-09-14,15,14,Present
A010411,S03406,C040,2025-04-19,25,3,Low Attendance
A010412,S04147,C015,2025-08-17,15,6,Low Attendance
A010413,S03443,C036,2025-10-22,15,7,Low Attendance
A010414,S18328,C037,2025-08-23,20,10,Low Attendance
A010415,S14305,C029,2025-01-04,20,8,Low Attendance
A010416,S04938,C011,2025-12-09,15,0,Low Attendance
A010417,S06397,C007,2025-12-24,20,9,Low Attendance
A010418,S06818,C018,2025-12-30,25,3,Low Attendance
A010419,S14414,C025,2025-12-21,10,5,Low Attendance
A010420,S10228,C041,2025-01-28,20,4,Low Attendance
A010421,S15267,C015,2025-07-15,10,0,Low Attendance
A010422,S14324,C046,2025-06-23,20,5,Low Attendance
A010423,S00449,C001,2025-02-27,10,3,Low Attendance
A010424,S02518,C014,2025-09-09,30,15,Low Attendance
A010425,S12166,C022,2025-11-11,20,13,Low Attendance
A010426,S12902,C003,2025-04-16,25,4,Low Attendance
A010427,S12225,C030,2025-02-23,10,0,Low Attendance
A010428,S04099,C032,2025-12-24,15,2,Low Attendance
A010429,S18237,C015,2025-06-12,30,17,Low Attendance
A010430,S15787,C049,2025-06-10,30,7,Low Attendance
A010431,S01161,C036,2025-09-24,10,5,Low Attendance
A010432,S09014,C023,2025-06-15,20,15,Present
A010433,S04087,C016,2025-09-16,10,0,Low Attendance
A010434,S18656,C039,2025-06-30,25,17,Low Attendance
A010435,S14926,C018,2025-07-08,20,17,Present
A010436,S18193,C006,2025-08-08,30,7,Low Attendance
A010437,S01068,C028,2025-07-15,15,15,Present
A010438,S08192,C037,2025-05-06,15,4,Low Attendance
A010439,S01269,C031,2025-11-04,20,8,Low Attendance
A010440,S15852,C041,2025-06-20,25,1,Low Attendance
A010441,S08459,C016,2025-04-08,25,5,Low Attendance
A010442,S08067,C050,2025-03-25,15,6,Low Attendance
A010443,S00919,C047,2025-04-20,10,2,Low Attendance
A010444,S09875,C024,2025-08-25,30,4,Low Attendance
A010445,S06205,C007,2025-11-09,20,18,Present
A010446,S07627,C015,2025-05-07,15,10,Low Attendance
A010447,S15229,C009,2025-02-11,20,0,Low Attendance
A010448,S14347,C045,2025-01-10,25,23,Present
A010449,S18197,C017,2025-02-25,30,18,Low Attendance
A010450,S05082,C021,2025-10-13,30,19,Low Attendance
A010451,S01014,C027,2025-03-27,10,6,Low Attendance
A010452,S12866,C009,2025-04-30,15,11,Low Attendance
A010453,S18085,C003,2025-02-22,25,8,Low Attendance
A010454,S17585,C021,2025-07-10,20,18,Present
A010455,S08820,C020,2025-05-20,10,10,Present
A010456,S14428,C015,2025-03-03,25,19,Present
A010457,S05777,C015,2025-09-14,20,19,Present
A010458,S18253,C023,2025-07-09,10,8,Present
A010459,S18118,C006,2025-02-16,20,15,Present
A010460,S13829,C014,2025-02-15,30,26,Present
A010461,S00881,C014,2025-10-20,10,9,Present
A010462,S13628,C026,2025-12-29,30,7,Low Attendance
A010463,S08858,C021,2025-06-16,10,0,Low Attendance
A010464,S16610,C036,2025-04-14,20,17,Present
A010465,S16166,C002,2025-06-04,15,6,Low Attendance
A010466,S16204,C020,2025-04-01,10,4,Low Attendance
A010467,S02391,C043,2025-10-03,10,5,Low Attendance
A010468,S00532,C048,2025-12-20,25,4,Low Attendance
A010469,S11105,C019,2025-03-27,15,7,Low Attendance
A010470,S19509,C029,2025-08-04,15,1,Low Attendance
A010471,S19430,C047,2025-11-13,20,12,Low Attendance
A010472,S19416,C024,2025-04-24,15,7,Low Attendance
A010473,S17765,C022,2025-01-26,20,14,Low Attendance
A010474,S03273,C016,2025-08-30,20,15,Present
A010475,S02839,C005,2025-03-21,30,21,Low Attendance
A010476,S19122,C028,2025-09-26,20,1,Low Attendance
A010477,S16359,C013,2025-10-09,25,19,Present
A010478,S05496,C019,2025-11-04,30,24,Present
A010479,S18089,C037,2025-09-07,25,13,Low Attendance
A010480,S00835,C008,2025-11-20,25,6,Low Attendance
A010481,S18913,C020,2025-01-10,15,1,Low Attendance
A010482,S06123,C012,2025-03-15,30,30,Present
A010483,S13572,C006,2025-03-25,30,22,Low Attendance
A010484,S01287,C030,2025-10-03,30,5,Low Attendance
A010485,S14638,C039,2025-04-02,25,3,Low Attendance
A010486,S06863,C044,2025-11-15,25,11,Low Attendance
A010487,S05247,C004,2025-09-16,20,19,Present
A010488,S04220,C050,2025-05-05,20,8,Low Attendance
A010489,S17000,C009,2025-08-20,10,6,Low Attendance
A010490,S11775,C033,2025-01-01,25,12,Low Attendance
A010491,S10377,C038,2025-07-25,30,19,Low Attendance
A010492,S06485,C047,2025-04-18,15,7,Low Attendance
A010493,S11729,C030,2025-11-21,20,20,Present
A010494,S11007,C019,2025-02-26,15,5,Low Attendance
A010495,S05977,C027,2025-01-21,20,2,Low Attendance
A010496,S19136,C003,2025-12-09,10,2,Low Attendance
A010497,S16242,C006,2025-03-27,10,4,Low Attendance
A010498,S01616,C046,2025-03-16,15,2,Low Attendance
A010499,S05520,C029,2025-08-11,30,17,Low Attendance
A010500,S06263,C009,2025-12-23,15,8,Low Attendance
A010501,S04789,C010,2025-09-21,15,3,Low Attendance
A010502,S08968,C026,2025-02-03,15,4,Low Attendance
A010503,S07523,C005,2025-09-04,20,2,Low Attendance
A010504,S07522,C042,2025-04-28,25,21,Present
A010505,S14966,C044,2025-09-09,25,21,Present
A010506,S10106,C031,2025-11-30,20,11,Low Attendance
A010507,S10764,C039,2025-11-24,20,5,Low Attendance
A010508,S11562,C009,2025-01-30,25,3,Low Attendance
A010509,S05181,C032,2025-11-24,20,20,Present
A010510,S03104,C039,2025-02-11,15,3,Low Attendance
A010511,S02568,C042,2025-09-23,30,16,Low Attendance
A010512,S00977,C020,2025-05-05,25,19,Present
A010513,S14979,C015,2025-10-25,10,6,Low Attendance
A010514,S10199,C024,2025-12-10,15,8,Low Attendance
A010515,S12392,C015,2025-05-04,30,11,Low Attendance
A010516,S10459,C028,2025-01-09,20,7,Low Attendance
A010517,S13183,C002,2025-01-29,15,8,Low Attendance
A010518,S14274,C039,2025-10-10,20,13,
A010519,S14853,C031,2025-04-11,15,7,Low Attendance
A010520,S18052,C007,2025-10-07,25,10,Low Attendance
A010521,S09243,C044,2025-07-31,20,0,Low Attendance
A010522,S12686,C045,2025-03-11,15,15,Present
A010523,S06382,C014,2025-06-07,10,5,Low Attendance
A010524,S08879,C002,2025-04-19,25,16,Low Attendance
A010525,S18668,C021,2025-08-22,25,13,Low Attendance
A010526,S03553,C024,2025-12-01,10,7,Low Attendance
A010527,S07338,C002,2025-11-15,30,15,Low Attendance
A010528,S10722,C025,2025-07-28,10,4,Low Attendance
A010529,S16736,C003,2025-08-08,20,17,Present
A010530,S10526,C043,2025-08-05,10,4,Low Attendance
A010531,S12199,C037,2025-04-11,30,23,Present
A010532,S04507,C030,2025-06-16,20,19,Present
A010533,S00597,C001,2025-10-18,30,9,Low Attendance
A010534,S12392,C006,2025-05-31,25,8,Low Attendance
A010535,S05420,C049,2025-07-01,15,4,Low Attendance
A010536,S02230,C050,2025-11-26,15,13,Present
A010537,S02195,C005,2025-06-12,25,19,Present
A010538,S03620,C028,2025-03-29,10,3,Low Attendance
A010539,S01754,C003,2025-10-18,30,19,Low Attendance
A010540,S16601,C006,2025-12-04,30,29,Present
A010541,S09019,C023,2025-08-13,15,15,Present
A010542,S09002,C023,2025-05-20,15,15,Present
A010543,S12347,C023,2025-07-26,30,30,Present
A010544,S11614,C024,2025-09-26,15,2,Low Attendance
A010545,S13695,C049,2025-08-13,25,17,Low Attendance
A010546,S06429,C046,2025-08-11,20,20,Present
A010547,S18725,C031,2025-11-24,15,4,Low Attendance
A010548,S14990,C014,2025-06-09,25,16,Low Attendance
A010549,S12762,C050,2025-02-26,10,4,Low Attendance
A010550,S17046,C021,2025-06-20,15,0,Low Attendance
A010551,S00840,C008,2025-07-01,20,19,Present
A010552,S00422,C029,2025-10-26,15,3,Low Attendance
A010553,S04826,C048,2025-11-28,15,11,Low Attendance
A010554,S17769,C014,2025-03-31,30,19,Low Attendance
A010555,S07081,C013,2025-08-26,25,0,Low Attendance
A010556,S14787,C039,2025-07-31,10,10,Present
A010557,S02968,C012,2025-11-25,30,3,Low Attendance
A010558,S19055,C018,2025-07-15,20,18,Present
A010559,S18882,C007,2025-11-18,20,3,Low Attendance
A010560,S04901,C049,2025-06-10,15,3,Low Attendance
A010561,S18747,C021,2025-03-10,10,7,Low Attendance
A010562,S19222,C048,2025-04-06,25,7,Low Attendance
A010563,S01010,C038,2025-05-13,10,10,Present
A010564,S13448,C030,2025-06-09,30,20,Low Attendance
A010565,S12776,C031,2025-02-09,10,3,Low Attendance
A010566,S09289,C034,2025-10-19,15,12,Present
A010567,S00483,C015,2025-02-15,20,11,Low Attendance
A010568,S16516,C002,2025-10-04,30,30,Present
A010569,S07759,C044,2025-03-05,10,1,Low Attendance
A010570,S15922,C041,2025-01-22,25,13,Low Attendance
A010571,S05149,C030,2025-07-08,15,10,Low Attendance
A010572,S18070,C047,2025-07-20,10,5,Low Attendance
A010573,S07476,C008,2025-03-27,10,4,Low Attendance
A010574,S02357,C030,2025-02-22,30,17,Low Attendance
A010575,S06182,C022,2025-04-18,30,29,Present
A010576,S05882,C043,2025-06-15,20,5,Low Attendance
A010577,S05867,C040,2025-10-30,30,2,Low Attendance
A010578,S11787,C021,2025-02-26,15,3,Low Attendance
A010579,S16341,C009,2025-11-24,25,3,Low Attendance
A010580,S17510,C040,2025-09-20,30,27,Present
A010581,S16827,C038,2025-05-31,25,19,Present
A010582,S07818,C020,2025-09-23,15,11,Low Attendance
A010583,S14632,C024,2025-03-19,20,14,Low Attendance
A010584,S02219,C049,2025-11-05,15,10,Low Attendance
A010585,S01732,C009,2025-01-30,15,12,Present
A010586,S12260,C044,2025-12-24,15,6,Low Attendance
A010587,S08928,C036,2025-02-10,25,10,Low Attendance
A010588,S07595,C042,2025-02-23,15,15,Present
A010589,S18566,C023,2025-08-07,10,2,Low Attendance
A010590,S04645,C021,2025-06-12,15,11,Low Attendance
A010591,S02155,C037,2025-12-08,20,10,Low Attendance
A010592,S06481,C037,2025-11-10,30,27,Present
A010593,S12706,C002,2025-03-05,15,13,Present
A010594,S18868,C020,2025-06-03,25,3,Low Attendance
A010595,S19529,C044,2025-12-14,25,9,Low Attendance
A010596,S19816,C040,2025-05-07,15,7,Low Attendance
A010597,S06948,C009,2025-09-17,25,25,Present
A010598,S07816,C020,2025-03-31,25,15,Low Attendance
A010599,S12684,C004,2025-03-16,15,5,Low Attendance
A010600,S17179,C048,2025-10-07,15,8,Low Attendance
A010601,S08192,C050,2025-08-22,15,5,Low Attendance
A010602,S13998,C032,2025-07-31,20,13,Low Attendance
A010603,S08296,C019,2025-09-21,15,7,Low Attendance
A010604,S17514,C001,2025-09-10,10,0,Low Attendance
A010605,S07242,C041,2025-09-15,10,6,Low Attendance
A010606,S03592,C018,2025-10-27,25,22,Present
A010607,S07306,C022,2025-04-25,25,7,Low Attendance
A010608,S06632,C015,2025-03-19,30,27,Present
A010609,S15564,C018,2025-06-07,30,6,Low Attendance
A010610,S10040,C017,2025-03-07,10,8,Present
A010611,S12028,C016,2025-08-23,10,6,Low Attendance
A010612,S11715,C039,2025-11-16,25,15,Low Attendance
A010613,S18449,C024,2025-03-16,15,11,Low Attendance
A010614,S05077,C024,2025-06-27,20,8,Low Attendance
A010615,S05007,C039,2025-09-23,25,0,Low Attendance
A010616,S11993,C020,2025-04-12,15,3,Low Attendance
A010617,S15470,C017,2025-01-20,20,7,Low Attendance
A010618,S17348,C029,2025-01-12,25,13,Low Attendance
A010619,S16439,C013,2025-02-05,25,18,Low Attendance
A010620,S18263,C021,2025-12-22,20,6,Low Attendance
A010621,S08856,C034,2025-02-24,30,12,Low Attendance
A010622,S10424,C017,2025-08-31,10,3,Low Attendance
A010623,S19808,C003,2025-01-26,30,14,Low Attendance
A010624,S12414,C021,2025-12-01,15,5,Low Attendance
A010625,S14000,C041,2025-04-16,25,9,Low Attendance
A010626,S08311,C043,2025-12-21,15,1,Low Attendance
A010627,S12107,C035,2025-11-27,25,0,Low Attendance
A010628,S04620,C042,2025-07-24,25,3,Low Attendance
A010629,S19462,C030,2025-07-08,20,17,Present
A010630,S18788,C032,2025-09-09,25,25,Present
A010631,S06898,C030,2025-08-19,10,3,Low Attendance
A010632,S09021,C032,2025-10-28,25,10,Low Attendance
A010633,S03285,C049,2025-07-30,30,29,Present
A010634,S04661,C021,2025-02-12,20,0,Low Attendance
A010635,S09905,C004,2025-11-17,30,8,Low Attendance
A010636,S03267,C019,2025-02-20,30,22,Low Attendance
A010637,S01034,C026,2025-03-13,20,4,
A010638,S19947,C003,2025-08-19,30,24,Present
A010639,S17454,C021,2025-01-17,25,24,Present
A010640,S10408,C036,2025-09-19,30,11,Low Attendance
A010641,S19039,C026,2025-09-03,20,12,Low Attendance
A010642,S01705,C026,2025-12-04,10,2,Low Attendance
A010643,S04916,C016,2025-10-25,25,0,Low Attendance
A010644,S18007,C043,2025-01-09,30,17,Low Attendance
A010645,S03812,C007,2025-08-25,25,3,Low Attendance
A010646,S07640,C047,2025-01-08,25,23,Present
A010647,S16628,C011,2025-05-14,25,21,Present
A010648,S01473,C006,2025-01-09,10,5,Low Attendance
A010649,S06644,C020,2025-01-14,10,1,Low Attendance
A010650,S02920,C034,2025-12-20,25,20,Present
A010651,S08827,C019,2025-06-13,25,12,Low Attendance
A010652,S17593,C005,2025-08-12,10,6,Low Attendance
A010653,S05501,C039,2025-11-20,15,8,Low Attendance
A010654,S08119,C005,2025-04-30,10,8,Present
A010655,S17659,C003,2025-05-20,25,16,Low Attendance
A010656,S07392,C049,2025-07-23,20,3,Low Attendance
A010657,S06736,C025,2025-09-12,15,12,Present
A010658,S02395,C019,2025-07-21,25,25,Present
A010659,S12659,C036,2025-03-08,10,9,Present
A010660,S05127,C005,2025-05-04,30,12,Low Attendance
A010661,S02107,C013,2025-12-21,25,22,Present
A010662,S17541,C008,2025-02-02,10,7,Low Attendance
A010663,S17425,C043,2025-05-29,20,10,Low Attendance
A010664,S04955,C022,2025-12-08,25,4,Low Attendance
A010665,S14501,C006,2025-03-14,15,3,Low Attendance
A010666,S06205,C023,2025-02-14,30,18,Low Attendance
A010667,S14652,C012,2025-01-08,25,2,Low Attendance
A010668,S13892,C013,2025-04-27,30,4,Low Attendance
A010669,S04153,C023,2025-12-09,15,8,Low Attendance
A010670,S01194,C040,2025-01-14,30,17,Low Attendance
A010671,S00138,C042,2025-12-06,10,3,Low Attendance
A010672,S17727,C045,2025-01-05,30,1,Low Attendance
A010673,S07233,C028,2025-07-10,25,12,Low Attendance
A010674,S12985,C006,2025-11-21,20,2,Low Attendance
A010675,S18782,C015,2025-09-21,15,1,Low Attendance
A010676,S08424,C014,2025-02-05,20,5,Low Attendance
A010677,S02624,C042,2025-03-11,10,9,Present
A010678,S12724,C032,2025-04-28,30,4,Low Attendance
A010679,S11735,C021,2025-08-23,10,6,
A010680,S15726,C016,2025-04-30,20,7,Low Attendance
A010681,S12595,C005,2025-04-19,30,12,Low Attendance
A010682,S12465,C011,2025-12-08,10,2,Low Attendance
A010683,S15954,C046,2025-10-30,25,17,Low Attendance
A010684,S02927,C036,2025-11-02,15,0,Low Attendance
A010685,S18224,C003,2025-01-06,30,15,Low Attendance
A010686,S01275,C017,2025-09-21,30,12,Low Attendance
A010687,S01628,C028,2025-08-21,25,4,Low Attendance
A010688,S19221,C009,2025-01-15,20,20,Present
A010689,S13747,C046,2025-12-28,15,4,Low Attendance
A010690,S03094,C045,2025-06-25,10,1,Low Attendance
A010691,S19476,C009,2025-04-20,10,10,Present
A010692,S13045,C032,2025-10-01,25,10,Low Attendance
A010693,S03218,C008,2025-09-01,10,7,Low Attendance
A010694,S08515,C012,2025-06-16,30,21,Low Attendance
A010695,S08642,C013,2025-10-09,20,15,Present
A010696,S11573,C044,2025-08-02,10,2,Low Attendance
A010697,S01431,C027,2025-08-09,30,11,Low Attendance
A010698,S17717,C050,2025-12-07,15,8,Low Attendance
A010699,S01838,C020,2025-09-09,20,5,Low Attendance
A010700,S18290,C005,2025-08-27,10,6,Low Attendance
A010701,S18516,C043,2025-07-10,30,28,Present
A010702,S13185,C025,2025-09-13,25,15,Low Attendance
A010703,S19035,C005,2025-12-23,15,0,Low Attendance
A010704,S11639,C040,2025-11-03,15,13,Present
A010705,S15031,C026,2025-06-09,30,24,Present
A010706,S14812,C033,2025-08-10,30,10,Low Attendance
A010707,S12966,C002,2025-05-19,25,9,Low Attendance
A010708,S02230,C002,2025-12-15,10,5,Low Attendance
A010709,S06064,C023,2025-07-19,25,16,Low Attendance
A010710,S14760,C023,2025-11-19,10,4,Low Attendance
A010711,S19966,C008,2025-05-27,25,24,Present
A010712,S04971,C003,2025-01-10,15,1,Low Attendance
A010713,S15049,C048,2025-07-03,15,13,Present
A010714,S06655,C012,2025-02-22,10,4,Low Attendance
A010715,S01989,C016,2025-02-03,25,16,Low Attendance
A010716,S04034,C046,2025-03-28,15,4,Low Attendance
A010717,S02562,C016,2025-12-01,25,0,Low Attendance
A010718,S17753,C027,2025-01-26,30,12,Low Attendance
A010719,S01486,C015,2025-09-08,20,20,Present
A010720,S06440,C029,2025-02-16,25,7,Low Attendance
A010721,S01062,C036,2025-01-06,30,18,Low Attendance
A010722,S04280,C011,2025-08-24,20,11,
A010723,S08619,C037,2025-12-24,25,10,Low Attendance
A010724,S19611,C001,2025-09-03,25,3,Low Attendance
A010725,S07208,C036,2025-09-23,10,5,Low Attendance
A010726,S14780,C050,2025-08-28,20,9,Low Attendance
A010727,S04242,C002,2025-01-10,15,0,Low Attendance
A010728,S13220,C041,2025-10-25,20,7,Low Attendance
A010729,S07999,C013,2025-03-19,25,0,Low Attendance
A010730,S17190,C021,2025-08-04,10,6,Low Attendance
A010731,S17323,C003,2025-12-15,25,13,Low Attendance
A010732,S10792,C005,2025-04-13,25,19,Present
A010733,S08617,C017,2025-03-09,20,6,Low Attendance
A010734,S05871,C020,2025-08-25,15,0,Low Attendance
A010735,S09272,C031,2025-04-07,25,14,Low Attendance
A010736,S18267,C013,2025-02-23,30,9,Low Attendance
A010737,S00937,C016,2025-04-08,15,2,Low Attendance
A010738,S11940,C009,2025-12-25,25,7,Low Attendance
A010739,S04331,C017,2025-11-07,10,4,Low Attendance
A010740,S02427,C031,2025-06-07,20,3,Low Attendance
A010741,S11443,C022,2025-08-16,20,13,Low Attendance
A010742,S03283,C009,2025-11-27,15,12,Present
A010743,S01685,C049,2025-03-09,25,17,Low Attendance
A010744,S18676,C046,2025-12-03,20,20,Present
A010745,S11460,C036,2025-01-02,15,6,Low Attendance
A010746,S12610,C020,2025-11-14,20,3,Low Attendance
A010747,S18908,C001,2025-09-08,20,0,Low Attendance
A010748,S06541,C020,2025-08-15,25,6,Low Attendance
A010749,S12267,C012,2025-12-28,10,6,Low Attendance
A010750,S07590,C025,2025-01-10,30,0,Low Attendance
A010751,S03665,C012,2025-05-03,20,9,Low Attendance
A010752,S17389,C028,2025-03-29,30,18,Low Attendance
A010753,S11506,C042,2025-01-27,15,14,Present
A010754,S16182,C006,2025-10-24,25,12,Low Attendance
A010755,S08158,C027,2025-10-05,10,5,Low Attendance
A010756,S12870,C041,2025-01-07,25,12,Low Attendance
A010757,S03722,C013,2025-05-10,25,10,Low Attendance
A010758,S03793,C042,2025-03-24,30,17,Low Attendance
A010759,S03010,C033,2025-11-29,30,21,Low Attendance
A010760,S13708,C007,2025-11-12,15,1,Low Attendance
A010761,S18933,C017,2025-09-10,15,11,Low Attendance
A010762,S04928,C003,2025-10-30,15,5,Low Attendance
A010763,S17238,C004,2025-05-08,20,2,Low Attendance
A010764,S01209,C023,2025-09-01,15,6,Low Attendance
A010765,S10519,C001,2025-05-30,30,19,Low Attendance
A010766,S03072,C050,2025-04-02,20,19,
A010767,S05695,C030,2025-02-13,10,1,Low Attendance
A010768,S04574,C042,2025-11-19,20,2,Low Attendance
A010769,S10458,C001,2025-09-05,10,6,Low Attendance
A010770,S13166,C035,2025-11-10,10,5,Low Attendance
A010771,S10822,C003,2025-10-14,20,14,Low Attendance
A010772,S12316,C041,2025-03-17,25,10,Low Attendance
A010773,S08427,C012,2025-09-16,25,8,Low Attendance
A010774,S08687,C048,2025-09-16,25,22,Present
A010775,S16688,C040,2025-10-07,20,14,Low Attendance
A010776,S03366,C048,2025-03-03,25,8,Low Attendance
A010777,S01251,C016,2025-06-01,15,15,Present
A010778,S19424,C011,2025-01-04,20,10,Low Attendance
A010779,S11971,C045,2025-04-02,30,3,Low Attendance
A010780,S07704,C037,2025-08-31,25,15,Low Attendance
A010781,S10021,C024,2025-10-16,20,11,Low Attendance
A010782,S16770,C032,2025-04-26,30,17,Low Attendance
A010783,S01434,C050,2025-12-10,15,14,Present
A010784,S07537,C008,2025-12-30,20,10,Low Attendance
A010785,S04511,C042,2025-03-01,20,3,Low Attendance
A010786,S03572,C014,2025-02-18,10,6,Low Attendance
A010787,S01950,C016,2025-10-26,30,23,Present
A010788,S02703,C019,2025-03-31,10,1,Low Attendance
A010789,S00414,C039,2025-06-03,10,0,Low Attendance
A010790,S07827,C038,2025-03-11,30,28,Present
A010791,S05396,C020,2025-01-22,20,14,Low Attendance
A010792,S19154,C040,2025-12-24,30,13,Low Attendance
A010793,S03473,C019,2025-04-29,10,6,Low Attendance
A010794,S12859,C032,2025-06-04,20,7,Low Attendance
A010795,S16352,C032,2025-01-17,25,3,Low Attendance
A010796,S07026,C039,2025-06-25,15,8,Low Attendance
A010797,S10944,C034,2025-09-09,10,2,Low Attendance
A010798,S06944,C005,2025-11-17,15,8,Low Attendance
A010799,S13856,C019,2025-11-08,10,1,Low Attendance
A010800,S10531,C043,2025-05-27,15,7,Low Attendance
A010801,S04911,C002,2025-05-13,25,22,Present
A010802,S15056,C018,2025-11-08,20,19,Present
A010803,S03846,C050,2025-09-14,20,6,Low Attendance
A010804,S06941,C033,2025-08-29,30,17,Low Attendance
A010805,S07267,C047,2025-03-26,30,8,Low Attendance
A010806,S11233,C043,2025-10-17,10,8,Present
A010807,S06715,C013,2025-11-21,30,8,Low Attendance
A010808,S10076,C028,2025-10-08,30,20,Low Attendance
A010809,S02933,C046,2025-08-24,15,7,Low Attendance
A010810,S10930,C045,2025-06-27,20,9,Low Attendance
A010811,S01971,C048,2025-04-14,25,20,Present
A010812,S17436,C006,2025-11-30,30,24,Present
A010813,S06912,C048,2025-04-15,15,10,Low Attendance
A010814,S04360,C041,2025-05-31,30,0,Low Attendance
A010815,S10207,C008,2025-07-19,10,10,Present
A010816,S17741,C050,2025-11-30,10,3,Low Attendance
A010817,S17444,C003,2025-05-17,25,20,Present
A010818,S19796,C010,2025-05-17,20,8,Low Attendance
A010819,S09270,C034,2025-11-23,25,4,Low Attendance
A010820,S01081,C050,2025-04-16,15,4,Low Attendance
A010821,S14542,C013,2025-05-29,15,7,Low Attendance
A010822,S17529,C012,2025-07-09,10,8,Present
A010823,S18259,C037,2025-07-26,25,17,Low Attendance
A010824,S04791,C011,2025-03-21,10,6,Low Attendance
A010825,S08823,C046,2025-01-29,20,8,Low Attendance
A010826,S03326,C032,2025-04-27,25,19,Present
A010827,S19109,C011,2025-11-07,15,14,Present
A010828,S19601,C015,2025-03-17,25,13,Low Attendance
A010829,S17914,C036,2025-02-26,20,15,Present
A010830,S06473,C035,2025-10-27,15,15,Present
A010831,S07438,C035,2025-06-27,25,6,Low Attendance
A010832,S11203,C019,2025-06-22,25,7,Low Attendance
A010833,S12804,C005,2025-10-03,15,3,Low Attendance
A010834,S00004,C024,2025-12-09,20,18,Present
A010835,S16863,C021,2025-01-06,30,18,Low Attendance
A010836,S11486,C041,2025-12-07,10,1,Low Attendance
A010837,S18072,C015,2025-08-30,15,12,Present
A010838,S00319,C026,2025-11-14,10,1,Low Attendance
A010839,S18894,C009,2025-10-29,30,7,Low Attendance
A010840,S08681,C044,2025-06-20,30,13,Low Attendance
A010841,S12824,C002,2025-02-25,25,4,Low Attendance
A010842,S10360,C043,2025-08-17,15,2,Low Attendance
A010843,S13049,C031,2025-12-18,30,3,Low Attendance
A010844,S11972,C035,2025-03-27,30,6,Low Attendance
A010845,S15317,C010,2025-11-18,10,9,Present
A010846,S11933,C020,2025-03-22,30,5,Low Attendance
A010847,S19331,C022,2025-03-27,15,10,Low Attendance
A010848,S13774,C031,2025-01-26,10,7,Low Attendance
A010849,S19436,C035,2025-03-11,25,9,Low Attendance
A010850,S08885,C006,2025-06-09,25,18,Low Attendance
A010851,S18382,C013,2025-09-12,20,11,Low Attendance
A010852,S16062,C019,2025-10-22,30,3,Low Attendance
A010853,S01105,C027,2025-08-30,30,24,Present
A010854,S15648,C016,2025-02-25,20,15,Present
A010855,S00443,C010,2025-02-19,15,1,Low Attendance
A010856,S18589,C033,2025-09-07,15,6,Low Attendance
A010857,S12189,C029,2025-10-10,15,8,Low Attendance
A010858,S17536,C035,2025-07-26,10,7,Low Attendance
A010859,S13433,C022,2025-11-16,20,20,Present
A010860,S19324,C001,2025-09-14,20,17,Present
A010861,S07043,C007,2025-09-11,10,6,Low Attendance
A010862,S02407,C019,2025-08-27,10,1,Low Attendance
A010863,S05446,C014,2025-09-28,20,8,Low Attendance
A010864,S12864,C014,2025-08-21,20,19,Present
A010865,S00908,C037,2025-06-13,25,5,Low Attendance
A010866,S02264,C001,2025-02-11,20,16,Present
A010867,S02485,C015,2025-12-29,30,29,Present
A010868,S04016,C035,2025-04-05,10,8,Present
A010869,S19161,C032,2025-11-24,20,9,Low Attendance
A010870,S09297,C025,2025-04-15,20,5,Low Attendance
A010871,S05798,C034,2025-02-03,20,3,Low Attendance
A010872,S07968,C025,2025-09-19,10,0,Low Attendance
A010873,S17253,C040,2025-05-18,25,20,Present
A010874,S16795,C047,2025-06-24,25,14,Low Attendance
A010875,S08109,C014,2025-02-19,30,18,Low Attendance
A010876,S03683,C018,2025-10-05,30,29,Present
A010877,S01540,C007,2025-08-02,10,7,Low Attendance
A010878,S06146,C027,2025-11-19,10,5,Low Attendance
A010879,S02594,C033,2025-11-24,20,1,Low Attendance
A010880,S07335,C016,2025-05-31,20,20,Present
A010881,S10169,C020,2025-06-20,10,9,Present
A010882,S09550,C007,2025-04-15,25,6,Low Attendance
A010883,S16302,C005,2025-05-27,20,15,Present
A010884,S14323,C004,2025-01-23,20,15,Present
A010885,S17300,C004,2025-04-23,25,2,Low Attendance
A010886,S05342,C037,2025-04-23,15,2,Low Attendance
A010887,S01080,C006,2025-04-16,25,11,Low Attendance
A010888,S00015,C002,2025-11-08,25,4,Low Attendance
A010889,S17550,C039,2025-08-24,25,11,Low Attendance
A010890,S13094,C006,2025-07-15,20,19,Present
A010891,S12474,C045,2025-10-31,10,7,Low Attendance
A010892,S03917,C010,2025-08-14,10,6,Low Attendance
A010893,S17372,C009,2025-09-14,25,15,Low Attendance
A010894,S01937,C001,2025-02-23,20,4,Low Attendance
A010895,S18742,C008,2025-05-15,15,12,Present
A010896,S12416,C005,2025-04-24,20,10,Low Attendance
A010897,S18472,C001,2025-01-06,25,17,Low Attendance
A010898,S18819,C007,2025-04-09,25,19,Present
A010899,S18657,C009,2025-04-08,15,15,Present
A010900,S17234,C009,2025-04-14,10,5,Low Attendance
A010901,S01289,C024,2025-01-31,15,6,Low Attendance
A010902,S19930,C025,2025-01-12,25,12,Low Attendance
A010903,S00536,C035,2025-12-04,25,9,Low Attendance
A010904,S08997,C048,2025-08-16,30,30,Present
A010905,S09952,C050,2025-06-05,20,13,Low Attendance
A010906,S00217,C044,2025-12-28,10,2,Low Attendance
A010907,S11693,C042,2025-08-25,30,28,Present
A010908,S01317,C045,2025-03-29,25,20,Present
A010909,S02626,C046,2025-12-24,20,7,Low Attendance
A010910,S13052,C005,2025-08-19,15,4,Low Attendance
A010911,S01228,C030,2025-02-21,10,4,Low Attendance
A010912,S10115,C028,2025-03-17,20,17,Present
A010913,S02767,C049,2025-07-15,15,6,Low Attendance
A010914,S09788,C010,2025-08-25,25,20,Present
A010915,S02859,C005,2025-07-16,15,13,Present
A010916,S11998,C042,2025-06-20,15,2,Low Attendance
A010917,S14159,C005,2025-01-09,10,7,Low Attendance
A010918,S13648,C012,2025-12-15,10,5,Low Attendance
A010919,S14823,C032,2025-07-21,10,2,Low Attendance
A010920,S15893,C012,2025-04-05,10,2,Low Attendance
A010921,S12713,C033,2025-07-20,10,1,Low Attendance
A010922,S06068,C045,2025-03-20,10,2,Low Attendance
A010923,S08698,C014,2025-03-27,30,28,Present
A010924,S05307,C035,2025-03-23,20,15,Present
A010925,S07817,C004,2025-02-12,10,10,Present
A010926,S19820,C041,2025-02-27,10,0,Low Attendance
A010927,S10789,C048,2025-10-24,20,7,Low Attendance
A010928,S00928,C018,2025-06-27,25,2,Low Attendance
A010929,S07319,C036,2025-10-15,20,14,Low Attendance
A010930,S04720,C006,2025-05-22,10,5,Low Attendance
A010931,S10049,C026,2025-06-27,25,2,Low Attendance
A010932,S03703,C020,2025-06-19,20,11,Low Attendance
A010933,S00383,C044,2025-01-18,10,8,Present
A010934,S18584,C041,2025-05-16,30,4,Low Attendance
A010935,S14894,C016,2025-04-16,20,2,Low Attendance
A010936,S01378,C044,2025-07-26,25,13,Low Attendance
A010937,S14493,C001,2025-12-10,10,9,Present
A010938,S10038,C010,2025-07-03,15,1,Low Attendance
A010939,S11978,C003,2025-03-06,20,12,Low Attendance
A010940,S15181,C031,2025-11-18,25,17,Low Attendance
A010941,S02350,C014,2025-05-27,25,10,Low Attendance
A010942,S19745,C014,2025-12-14,10,6,Low Attendance
A010943,S15100,C046,2025-07-21,10,7,Low Attendance
A010944,S11511,C043,2025-09-30,30,1,Low Attendance
A010945,S13549,C024,2025-11-11,15,4,Low Attendance
A010946,S06248,C022,2025-08-24,20,14,Low Attendance
A010947,S14748,C034,2025-06-10,25,12,Low Attendance
A010948,S19735,C026,2025-01-22,25,14,Low Attendance
A010949,S05445,C022,2025-04-21,20,2,Low Attendance
A010950,S00672,C045,2025-07-10,25,13,Low Attendance
A010951,S09837,C001,2025-05-09,15,14,Present
A010952,S04049,C044,2025-07-30,10,4,Low Attendance
A010953,S17649,C015,2025-11-19,15,2,Low Attendance
A010954,S15311,C018,2025-11-17,30,11,Low Attendance
A010955,S03937,C029,2025-10-13,30,21,Low Attendance
A010956,S12996,C008,2025-10-12,15,0,Low Attendance
A010957,S08590,C006,2025-04-01,20,10,Low Attendance
A010958,S06456,C038,2025-02-24,30,15,Low Attendance
A010959,S19514,C036,2025-03-03,25,16,Low Attendance
A010960,S11572,C009,2025-03-19,30,12,Low Attendance
A010961,S02000,C005,2025-11-30,10,10,Present
A010962,S08167,C014,2025-09-10,15,0,Low Attendance
A010963,S07301,C045,2025-09-07,10,9,Present
A010964,S11070,C013,2025-05-25,20,14,Low Attendance
A010965,S11114,C011,2025-07-25,15,7,Low Attendance
A010966,S03893,C017,2025-07-28,25,22,Present
A010967,S04805,C030,2025-11-21,25,5,Low Attendance
A010968,S18924,C013,2025-01-27,15,11,Low Attendance
A010969,S02299,C040,2025-12-25,15,14,Present
A010970,S18219,C030,2025-09-12,15,10,Low Attendance
A010971,S07610,C044,2025-04-12,30,7,Low Attendance
A010972,S17939,C024,2025-06-13,10,1,Low Attendance
A010973,S19395,C047,2025-02-21,30,16,Low Attendance
A010974,S07080,C018,2025-10-14,20,20,Present
A010975,S00544,C014,2025-01-31,25,18,Low Attendance
A010976,S09931,C021,2025-12-04,20,15,Present
A010977,S07786,C022,2025-07-18,20,17,Present
A010978,S01868,C041,2025-01-23,10,8,Present
A010979,S16631,C016,2025-08-13,20,4,Low Attendance
A010980,S07420,C047,2025-05-31,20,13,Low Attendance
A010981,S12154,C037,2025-10-02,20,10,Low Attendance
A010982,S08355,C022,2025-06-12,10,3,Low Attendance
A010983,S01361,C026,2025-10-26,30,11,Low Attendance
A010984,S09317,C010,2025-01-29,15,2,Low Attendance
A010985,S14171,C008,2025-11-17,15,11,Low Attendance
A010986,S18497,C025,2025-09-07,25,17,Low Attendance
A010987,S01088,C024,2025-11-06,15,11,Low Attendance
A010988,S01674,C047,2025-07-17,10,7,Low Attendance
A010989,S01380,C002,2025-08-15,20,11,Low Attendance
A010990,S19557,C042,2025-11-03,25,11,Low Attendance
A010991,S04288,C046,2025-05-05,25,0,Low Attendance
A010992,S15130,C049,2025-07-10,30,4,Low Attendance
A010993,S00185,C026,2025-12-02,15,12,Present
A010994,S11231,C044,2025-10-03,30,8,Low Attendance
A010995,S00695,C015,2025-08-09,25,9,Low Attendance
A010996,S17131,C050,2025-03-25,25,3,Low Attendance
A010997,S17212,C040,2025-03-31,25,1,Low Attendance
A010998,S12287,C043,2025-07-05,30,18,Low Attendance
A010999,S11223,C041,2025-02-13,15,8,Low Attendance
A011000,S02943,C044,2025-04-12,15,0,Low Attendance
A011001,S05774,C045,2025-03-05,30,1,Low Attendance
A011002,S13243,C025,2025-04-26,10,8,Present
A011003,S00198,C045,2025-01-16,30,29,Present
A011004,S00672,C022,2025-03-13,15,6,Low Attendance
A011005,S06943,C019,2025-03-14,15,12,Present
A011006,S01033,C006,2025-03-18,20,7,Low Attendance
A011007,S00299,C008,2025-01-29,15,7,Low Attendance
A011008,S05711,C029,2025-08-13,20,0,Low Attendance
A011009,S00038,C047,2025-03-27,25,8,Low Attendance
A011010,S09203,C032,2025-06-06,20,7,Low Attendance
A011011,S17101,C028,2025-07-08,25,18,Low Attendance
A011012,S10997,C035,2025-10-17,30,27,Present
A011013,S07967,C003,2025-08-02,15,6,Low Attendance
A011014,S18048,C018,2025-10-03,15,6,Low Attendance
A011015,S10378,C009,2025-10-21,20,16,Present
A011016,S10246,C030,2025-01-18,10,2,Low Attendance
A011017,S12864,C014,2025-09-16,10,1,Low Attendance
A011018,S12592,C002,2025-06-19,25,13,Low Attendance
A011019,S15077,C023,2025-11-04,10,2,Low Attendance
A011020,S10426,C007,2025-07-26,30,26,Present
A011021,S18253,C028,2025-11-18,10,0,Low Attendance
A011022,S00665,C016,2025-06-20,25,10,Low Attendance
A011023,S00870,C007,2025-05-05,30,8,Low Attendance
A011024,S09014,C047,2025-02-25,25,24,Present
A011025,S14906,C009,2025-03-07,30,30,
A011026,S10213,C048,2025-09-29,30,11,Low Attendance
A011027,S08082,C045,2025-11-04,15,6,Low Attendance
A011028,S14018,C017,2025-07-02,30,6,Low Attendance
A011029,S07044,C034,2025-05-11,30,4,Low Attendance
A011030,S09567,C009,2025-03-13,10,2,Low Attendance
A011031,S18282,C021,2025-03-20,15,9,Low Attendance
A011032,S12681,C016,2025-07-26,20,1,Low Attendance
A011033,S05497,C009,2025-03-29,15,11,Low Attendance
A011034,S15872,C037,2025-11-02,25,13,Low Attendance
A011035,S11478,C019,2025-11-29,25,8,Low Attendance
A011036,S00607,C008,2025-02-10,30,25,Present
A011037,S11792,C029,2025-04-07,10,3,Low Attendance
A011038,S00237,C012,2025-11-09,10,9,Present
A011039,S01041,C043,2025-04-23,20,0,Low Attendance
A011040,S18855,C013,2025-02-16,30,11,Low Attendance
A011041,S16068,C048,2025-05-02,25,21,Present
A011042,S14206,C013,2025-08-19,15,10,Low Attendance
A011043,S10742,C049,2025-05-06,25,20,Present
A011044,S15053,C011,2025-12-08,30,20,Low Attendance
A011045,S01896,C004,2025-03-26,15,12,Present
A011046,S13505,C031,2025-09-24,15,11,Low Attendance
A011047,S14565,C044,2025-08-22,10,8,Present
A011048,S12661,C003,2025-09-06,10,2,Low Attendance
A011049,S14041,C017,2025-10-03,10,1,Low Attendance
A011050,S08521,C002,2025-07-03,20,14,Low Attendance
A011051,S09885,C042,2025-02-20,15,3,Low Attendance
A011052,S01403,C002,2025-08-21,15,6,Low Attendance
A011053,S17337,C047,2025-11-01,30,30,Present
A011054,S05223,C047,2025-07-03,10,8,Present
A011055,S10072,C039,2025-07-06,30,22,Low Attendance
A011056,S01703,C049,2025-11-05,25,23,Present
A011057,S05250,C029,2025-08-31,25,18,Low Attendance
A011058,S03324,C039,2025-07-16,10,6,Low Attendance
A011059,S00536,C005,2025-02-13,30,0,Low Attendance
A011060,S02967,C027,2025-04-22,20,20,Present
A011061,S13943,C048,2025-06-08,15,5,Low Attendance
A011062,S19510,C049,2025-07-14,15,11,Low Attendance
A011063,S03584,C043,2025-12-15,15,7,Low Attendance
A011064,S09917,C016,2025-01-03,30,23,Present
A011065,S02460,C037,2025-08-16,10,10,Present
A011066,S01069,C003,2025-10-21,10,7,Low Attendance
A011067,S15323,C036,2025-04-05,20,5,Low Attendance
A011068,S07009,C040,2025-04-11,10,2,Low Attendance
A011069,S19019,C048,2025-10-08,15,0,Low Attendance
A011070,S16656,C014,2025-05-22,10,3,Low Attendance
A011071,S12609,C043,2025-06-17,20,6,Low Attendance
A011072,S00452,C042,2025-08-20,25,11,Low Attendance
A011073,S08606,C006,2025-06-25,30,25,Present
A011074,S14316,C007,2025-03-18,30,25,Present
A011075,S14054,C012,2025-01-05,25,22,Present
A011076,S05133,C021,2025-08-15,30,29,Present
A011077,S05857,C034,2025-11-17,15,4,Low Attendance
A011078,S19402,C017,2025-01-02,15,9,Low Attendance
A011079,S11983,C014,2025-01-07,15,9,Low Attendance
A011080,S07430,C004,2025-05-06,15,3,Low Attendance
A011081,S13112,C003,2025-04-06,30,22,Low Attendance
A011082,S15447,C013,2025-11-14,20,5,Low Attendance
A011083,S09789,C021,2025-03-09,15,4,Low Attendance
A011084,S07288,C009,2025-03-20,15,3,Low Attendance
A011085,S19396,C031,2025-07-24,15,13,Present
A011086,S12869,C043,2025-07-15,20,7,Low Attendance
A011087,S13928,C027,2025-10-31,25,19,Present
A011088,S15732,C017,2025-06-01,10,10,Present
A011089,S04829,C001,2025-05-03,10,9,Present
A011090,S01174,C034,2025-04-08,15,9,Low Attendance
A011091,S06867,C032,2025-10-12,10,0,Low Attendance
A011092,S19575,C047,2025-11-18,15,3,Low Attendance
A011093,S07984,C001,2025-09-24,20,6,Low Attendance
A011094,S09405,C033,2025-12-16,10,4,Low Attendance
A011095,S09936,C035,2025-04-19,25,21,Present
A011096,S14035,C037,2025-03-13,20,2,Low Attendance
A011097,S13186,C036,2025-06-28,30,14,Low Attendance
A011098,S12833,C021,2025-06-02,25,17,Low Attendance
A011099,S17694,C023,2025-02-26,10,7,Low Attendance
A011100,S14211,C001,2025-09-20,20,5,Low Attendance
A011101,S03567,C002,2025-03-25,20,17,Present
A011102,S11864,C024,2025-08-30,25,19,Present
A011103,S13450,C049,2025-11-06,20,3,Low Attendance
A011104,S01096,C007,2025-10-11,15,7,Low Attendance
A011105,S02924,C039,2025-01-05,20,14,Low Attendance
A011106,S02008,C036,2025-09-30,10,5,Low Attendance
A011107,S09550,C039,2025-12-19,10,2,Low Attendance
A011108,S09755,C002,2025-05-03,30,17,Low Attendance
A011109,S19315,C015,2025-08-20,15,5,Low Attendance
A011110,S14520,C038,2025-11-14,10,10,Present
A011111,S07909,C030,2025-04-02,20,18,Present
A011112,S14588,C024,2025-05-01,20,19,Present
A011113,S07527,C033,2025-07-14,15,12,Present
A011114,S01340,C039,2025-04-24,10,5,Low Attendance
A011115,S00243,C002,2025-08-27,10,0,Low Attendance
A011116,S07019,C035,2025-01-17,25,13,Low Attendance
A011117,S08034,C028,2025-04-18,20,0,Low Attendance
A011118,S11542,C009,2025-03-08,20,14,Low Attendance
A011119,S06531,C046,2025-05-14,20,16,Present
A011120,S08925,C002,2025-12-17,10,4,Low Attendance
A011121,S12766,C003,2025-06-03,20,0,Low Attendance
A011122,S14322,C036,2025-07-21,20,17,Present
A011123,S07058,C037,2025-06-24,15,13,Present
A011124,S09140,C035,2025-06-28,10,9,Present
A011125,S13683,C013,2025-05-29,15,4,Low Attendance
A011126,S17084,C048,2025-01-31,30,12,Low Attendance
A011127,S18450,C041,2025-08-01,30,0,Low Attendance
A011128,S10280,C033,2025-06-19,25,17,Low Attendance
A011129,S18772,C015,2025-12-15,25,19,Present
A011130,S05894,C048,2025-12-22,25,13,Low Attendance
A011131,S18325,C036,2025-11-11,10,10,Present
A011132,S08170,C047,2025-07-27,25,6,Low Attendance
A011133,S02489,C047,2025-04-20,25,25,Present
A011134,S14239,C025,2025-04-15,25,3,Low Attendance
A011135,S15492,C037,2025-07-26,10,9,Present
A011136,S11272,C012,2025-06-22,10,7,Low Attendance
A011137,S08048,C023,2025-06-18,20,4,Low Attendance
A011138,S04335,C040,2025-08-07,10,2,Low Attendance
A011139,S05081,C005,2025-12-14,15,5,Low Attendance
A011140,S03148,C035,2025-12-12,25,23,Present
A011141,S05751,C024,2025-09-03,10,1,Low Attendance
A011142,S14493,C035,2025-08-14,25,19,Present
A011143,S00367,C017,2025-06-15,30,22,Low Attendance
A011144,S15200,C032,2025-07-05,30,7,Low Attendance
A011145,S19947,C023,2025-12-11,20,0,Low Attendance
A011146,S15455,C046,2025-07-12,15,2,Low Attendance
A011147,S00710,C014,2025-11-15,15,8,Low Attendance
A011148,S01994,C021,2025-02-02,30,24,Present
A011149,S00204,C035,2025-09-17,10,4,Low Attendance
A011150,S08709,C020,2025-12-28,15,12,Present
A011151,S14033,C034,2025-01-21,30,12,Low Attendance
A011152,S07138,C048,2025-08-31,30,22,Low Attendance
A011153,S07946,C019,2025-08-17,30,12,Low Attendance
A011154,S13679,C038,2025-11-06,10,1,Low Attendance
A011155,S12449,C027,2025-04-29,30,15,Low Attendance
A011156,S18871,C032,2025-05-16,15,3,Low Attendance
A011157,S14181,C049,2025-12-27,10,6,Low Attendance
A011158,S03661,C039,2025-07-30,15,9,Low Attendance
A011159,S02933,C030,2025-08-29,30,28,Present
A011160,S16239,C009,2025-07-23,30,15,Low Attendance
A011161,S03351,C007,2025-06-29,20,15,Present
A011162,S12527,C015,2025-03-16,15,1,Low Attendance
A011163,S04761,C032,2025-07-11,15,14,Present
A011164,S15691,C034,2025-05-09,20,13,Low Attendance
A011165,S13563,C001,2025-10-03,30,2,Low Attendance
A011166,S16406,C047,2025-08-08,25,9,Low Attendance
A011167,S10479,C034,2025-05-17,10,6,Low Attendance
A011168,S01047,C046,2025-07-04,15,7,
A011169,S07648,C033,2025-06-21,20,7,Low Attendance
A011170,S07086,C046,2025-11-08,30,22,
A011171,S14065,C045,2025-05-14,10,6,Low Attendance
A011172,S01838,C019,2025-05-06,10,2,Low Attendance
A011173,S02340,C037,2025-02-03,10,5,Low Attendance
A011174,S10760,C028,2025-11-24,20,2,Low Attendance
A011175,S04972,C046,2025-07-14,25,0,Low Attendance
A011176,S19853,C042,2025-11-02,30,2,Low Attendance
A011177,S05991,C034,2025-12-12,25,10,Low Attendance
A011178,S19081,C015,2025-07-02,20,9,Low Attendance
A011179,S16544,C038,2025-12-06,20,9,Low Attendance
A011180,S10089,C015,2025-11-16,30,10,Low Attendance
A011181,S09048,C023,2025-03-03,15,5,Low Attendance
A011182,S06279,C034,2025-12-04,10,9,Present
A011183,S06808,C005,2025-11-25,20,18,Present
A011184,S01407,C037,2025-01-07,25,19,Present
A011185,S19068,C043,2025-03-08,25,10,Low Attendance
A011186,S12124,C036,2025-07-19,15,0,Low Attendance
A011187,S12412,C012,2025-07-22,30,11,Low Attendance
A011188,S06640,C043,2025-05-08,30,17,Low Attendance
A011189,S17311,C010,2025-12-12,30,8,Low Attendance
A011190,S11113,C044,2025-10-03,25,12,Low Attendance
A011191,S07185,C004,2025-12-19,20,5,Low Attendance
A011192,S00026,C039,2025-01-12,25,10,Low Attendance
A011193,S06804,C034,2025-06-20,30,11,Low Attendance
A011194,S01947,C040,2025-06-14,30,19,Low Attendance
A011195,S12295,C034,2025-04-07,30,6,Low Attendance
A011196,S19358,C008,2025-10-06,15,14,Present
A011197,S19789,C040,2025-04-14,20,13,Low Attendance
A011198,S16433,C044,2025-03-01,10,5,Low Attendance
A011199,S04638,C013,2025-06-26,25,20,Present
A011200,S18987,C019,2025-08-13,30,29,Present
A011201,S03987,C039,2025-09-15,30,4,Low Attendance
A011202,S17591,C007,2025-05-17,30,20,Low Attendance
A011203,S08571,C016,2025-11-22,20,18,Present
A011204,S07965,C037,2025-11-29,15,5,Low Attendance
A011205,S10392,C043,2025-09-08,20,12,Low Attendance
A011206,S08737,C022,2025-08-13,25,2,Low Attendance
A011207,S08810,C036,2025-09-22,15,12,Present
A011208,S01904,C046,2025-07-27,10,0,Low Attendance
A011209,S02120,C032,2025-01-17,20,15,Present
A011210,S11287,C018,2025-10-11,25,1,Low Attendance
A011211,S00070,C046,2025-11-22,20,10,Low Attendance
A011212,S03422,C017,2025-07-07,10,8,Present
A011213,S08059,C027,2025-06-11,20,10,Low Attendance
A011214,S08944,C002,2025-04-15,20,9,Low Attendance
A011215,S09117,C023,2025-08-05,20,11,Low Attendance
A011216,S13467,C009,2025-08-23,10,10,Present
A011217,S02575,C033,2025-07-08,20,20,Present
A011218,S14046,C028,2025-12-20,15,8,Low Attendance
A011219,S01497,C030,2025-02-07,15,2,Low Attendance
A011220,S10309,C034,2025-12-31,10,4,Low Attendance
A011221,S18471,C024,2025-07-06,30,16,Low Attendance
A011222,S15048,C033,2025-06-14,20,5,Low Attendance
A011223,S04286,C020,2025-08-06,15,15,Present
A011224,S11671,C046,2025-08-23,10,6,Low Attendance
A011225,S06637,C045,2025-12-02,30,18,Low Attendance
A011226,S02433,C002,2025-01-26,30,25,Present
A011227,S10584,C033,2025-10-04,10,0,Low Attendance
A011228,S10869,C013,2025-05-08,20,15,Present
A011229,S05234,C031,2025-02-06,20,20,Present
A011230,S16388,C035,2025-12-15,15,8,Low Attendance
A011231,S14308,C021,2025-10-24,30,13,Low Attendance
A011232,S11935,C028,2025-02-28,30,20,Low Attendance
A011233,S17357,C012,2025-12-05,30,4,Low Attendance
A011234,S12996,C050,2025-02-15,20,10,Low Attendance
A011235,S15315,C018,2025-08-27,20,13,Low Attendance
A011236,S12921,C010,2025-09-13,15,14,Present
A011237,S01138,C034,2025-05-12,10,6,Low Attendance
A011238,S10410,C041,2025-02-18,20,16,Present
A011239,S10879,C042,2025-10-26,10,0,Low Attendance
A011240,S05332,C046,2025-12-14,25,10,Low Attendance
A011241,S17863,C035,2025-05-30,30,4,Low Attendance
A011242,S02127,C012,2025-03-09,10,7,Low Attendance
A011243,S18166,C040,2025-06-11,15,3,Low Attendance
A011244,S07412,C017,2025-02-16,30,0,Low Attendance
A011245,S12379,C041,2025-01-06,25,22,Present
A011246,S11785,C039,2025-08-06,25,3,Low Attendance
A011247,S18305,C018,2025-01-16,25,9,Low Attendance
A011248,S06961,C026,2025-11-25,30,7,Low Attendance
A011249,S02079,C010,2025-10-10,15,11,Low Attendance
A011250,S14297,C017,2025-02-10,10,2,Low Attendance
A011251,S01494,C047,2025-10-31,20,13,Low Attendance
A011252,S07157,C043,2025-08-10,30,15,Low Attendance
A011253,S10611,C011,2025-03-15,20,16,Present
A011254,S12031,C042,2025-02-25,15,11,Low Attendance
A011255,S03509,C045,2025-06-03,30,18,Low Attendance
A011256,S07414,C044,2025-03-25,20,9,Low Attendance
A011257,S03897,C011,2025-09-14,10,6,Low Attendance
A011258,S19867,C050,2025-03-08,30,0,Low Attendance
A011259,S00798,C013,2025-11-23,15,8,Low Attendance
A011260,S13353,C010,2025-03-24,20,9,Low Attendance
A011261,S01251,C015,2025-03-16,10,10,Present
A011262,S01150,C027,2025-12-07,25,16,Low Attendance
A011263,S03085,C048,2025-04-24,30,8,Low Attendance
A011264,S01859,C009,2025-03-17,25,5,Low Attendance
A011265,S13269,C010,2025-08-18,30,3,
A011266,S17838,C011,2025-09-21,30,29,Present
A011267,S05742,C028,2025-02-23,10,6,Low Attendance
A011268,S14386,C025,2025-04-05,25,19,Present
A011269,S08326,C036,2025-08-13,15,9,Low Attendance
A011270,S16837,C041,2025-11-26,20,3,Low Attendance
A011271,S16596,C037,2025-11-08,15,10,Low Attendance
A011272,S02591,C034,2025-06-13,25,7,Low Attendance
A011273,S15434,C043,2025-07-16,20,10,Low Attendance
A011274,S01044,C009,2025-06-07,20,11,Low Attendance
A011275,S16566,C031,2025-04-02,10,9,Present
A011276,S12227,C049,2025-12-10,20,0,Low Attendance
A011277,S11453,C041,2025-01-28,20,8,Low Attendance
A011278,S10314,C030,2025-03-20,25,17,Low Attendance
A011279,S08473,C005,2025-11-04,30,25,Present
A011280,S16173,C027,2025-08-14,25,7,Low Attendance
A011281,S17585,C004,2025-05-29,10,2,Low Attendance
A011282,S02255,C033,2025-11-11,25,6,Low Attendance
A011283,S15390,C034,2025-06-23,20,5,Low Attendance
A011284,S19257,C034,2025-12-10,20,3,Low Attendance
A011285,S17485,C036,2025-08-20,15,12,Present
A011286,S07779,C028,2025-02-19,30,15,Low Attendance
A011287,S01345,C022,2025-07-12,25,4,Low Attendance
A011288,S12518,C025,2025-11-12,25,11,Low Attendance
A011289,S08558,C034,2025-10-14,15,13,Present
A011290,S00457,C037,2025-12-06,10,10,Present
A011291,S08401,C034,2025-05-01,30,2,Low Attendance
A011292,S19456,C021,2025-06-30,10,1,Low Attendance
A011293,S10262,C018,2025-10-24,20,10,Low Attendance
A011294,S19267,C042,2025-03-23,20,12,Low Attendance
A011295,S13284,C050,2025-05-26,30,15,Low Attendance
A011296,S02676,C004,2025-08-10,15,2,Low Attendance
A011297,S17112,C001,2025-09-13,15,6,Low Attendance
A011298,S12303,C012,2025-09-14,25,11,Low Attendance
A011299,S06427,C041,2025-06-10,10,0,Low Attendance
A011300,S02212,C010,2025-12-28,15,11,Low Attendance
A011301,S05570,C040,2025-01-07,15,0,Low Attendance
A011302,S10539,C031,2025-11-30,25,12,Low Attendance
A011303,S18061,C049,2025-02-18,20,11,Low Attendance
A011304,S13165,C035,2025-04-01,15,9,Low Attendance
A011305,S13146,C021,2025-12-21,25,18,Low Attendance
A011306,S08314,C048,2025-08-23,10,6,Low Attendance
A011307,S11271,C044,2025-02-20,25,25,Present
A011308,S17574,C026,2025-02-24,25,18,Low Attendance
A011309,S17108,C023,2025-12-12,15,2,Low Attendance
A011310,S05899,C033,2025-11-30,10,8,Present
A011311,S06163,C025,2025-01-26,25,15,Low Attendance
A011312,S07679,C026,2025-07-10,20,2,Low Attendance
A011313,S01420,C024,2025-06-17,15,2,Low Attendance
A011314,S04602,C002,2025-12-08,10,6,Low Attendance
A011315,S02815,C021,2025-10-19,20,6,Low Attendance
A011316,S00752,C042,2025-10-31,10,10,Present
A011317,S13620,C045,2025-05-03,25,22,Present
A011318,S07718,C002,2025-01-04,30,0,Low Attendance
A011319,S03927,C022,2025-07-23,10,2,Low Attendance
A011320,S17663,C012,2025-02-11,30,27,Present
A011321,S16261,C007,2025-07-30,20,4,Low Attendance
A011322,S15021,C040,2025-07-20,20,1,Low Attendance
A011323,S10901,C020,2025-05-05,25,12,Low Attendance
A011324,S08705,C003,2025-09-08,30,5,Low Attendance
A011325,S09810,C031,2025-07-21,30,16,Low Attendance
A011326,S10371,C021,2025-03-11,25,25,Present
A011327,S06386,C033,2025-03-22,20,18,Present
A011328,S13923,C009,2025-06-04,20,12,Low Attendance
A011329,S16098,C018,2025-05-26,30,6,Low Attendance
A011330,S09815,C046,2025-10-21,30,25,Present
A011331,S01387,C032,2025-02-08,15,12,Present
A011332,S09614,C003,2025-01-06,20,14,Low Attendance
A011333,S15402,C032,2025-02-07,10,9,Present
A011334,S14948,C008,2025-07-30,20,17,Present
A011335,S11772,C006,2025-01-17,15,8,Low Attendance
A011336,S05373,C048,2025-06-16,25,10,Low Attendance
A011337,S05641,C010,2025-12-06,20,10,Low Attendance
A011338,S19663,C048,2025-12-04,20,10,Low Attendance
A011339,S10461,C032,2025-04-23,20,8,Low Attendance
A011340,S04557,C012,2025-12-18,15,13,Present
A011341,S16922,C020,2025-05-22,10,0,Low Attendance
A011342,S01986,C025,2025-04-15,25,21,Present
A011343,S03983,C044,2025-12-29,25,14,Low Attendance
A011344,S17782,C035,2025-05-28,10,4,Low Attendance
A011345,S09327,C005,2025-11-26,15,1,Low Attendance
A011346,S08336,C006,2025-01-21,30,24,Present
A011347,S04118,C034,2025-01-09,15,1,Low Attendance
A011348,S19615,C047,2025-06-03,20,18,Present
A011349,S13110,C028,2025-03-18,30,29,Present
A011350,S06402,C030,2025-07-12,30,3,Low Attendance
A011351,S04648,C040,2025-10-22,30,3,Low Attendance
A011352,S05622,C043,2025-10-25,20,15,Present
A011353,S16872,C049,2025-08-10,25,19,Present
A011354,S05468,C019,2025-03-20,20,20,Present
A011355,S06501,C045,2025-09-25,10,10,Present
A011356,S02410,C032,2025-02-01,25,12,Low Attendance
A011357,S14392,C025,2025-03-20,30,25,Present
A011358,S15828,C022,2025-10-18,25,9,Low Attendance
A011359,S17040,C022,2025-07-17,15,0,Low Attendance
A011360,S14854,C026,2025-10-18,30,9,Low Attendance
A011361,S16228,C047,2025-04-16,10,4,Low Attendance
A011362,S01836,C024,2025-05-15,15,7,Low Attendance
A011363,S03643,C016,2025-08-01,10,9,Present
A011364,S12573,C015,2025-07-11,20,8,Low Attendance
A011365,S04453,C025,2025-08-27,20,0,Low Attendance
A011366,S19505,C042,2025-09-15,20,19,Present
A011367,S07899,C046,2025-01-07,15,15,Present
A011368,S08688,C023,2025-11-13,20,11,Low Attendance
A011369,S01165,C048,2025-07-22,30,1,Low Attendance
A011370,S12140,C011,2025-07-07,20,1,Low Attendance
A011371,S02844,C024,2025-11-06,15,6,Low Attendance
A011372,S12344,C003,2025-03-27,10,8,Present
A011373,S04818,C019,2025-06-05,25,14,Low Attendance
A011374,S06274,C019,2025-01-21,25,16,Low Attendance
A011375,S16415,C015,2025-05-06,30,1,Low Attendance
A011376,S01902,C021,2025-08-29,25,2,Low Attendance
A011377,S18151,C026,2025-03-07,20,1,Low Attendance
A011378,S15651,C012,2025-04-14,25,23,Present
A011379,S07504,C041,2025-07-27,20,14,Low Attendance
A011380,S13971,C006,2025-05-16,20,2,Low Attendance
A011381,S07985,C008,2025-08-01,25,14,Low Attendance
A011382,S18351,C029,2025-05-12,20,4,Low Attendance
A011383,S07171,C017,2025-09-23,30,5,Low Attendance
A011384,S02019,C042,2025-11-20,10,7,Low Attendance
A011385,S17117,C002,2025-07-02,10,8,Present
A011386,S18686,C031,2025-12-16,15,4,Low Attendance
A011387,S17827,C041,2025-04-03,25,11,Low Attendance
A011388,S03249,C009,2025-07-28,30,26,Present
A011389,S04282,C028,2025-08-31,30,9,Low Attendance
A011390,S03914,C042,2025-05-25,30,8,Low Attendance
A011391,S08014,C024,2025-12-09,30,18,Low Attendance
A011392,S13152,C048,2025-11-15,25,4,Low Attendance
A011393,S08446,C001,2025-05-20,20,17,Present
A011394,S03274,C003,2025-01-05,20,3,Low Attendance
A011395,S18253,C048,2025-11-20,10,6,Low Attendance
A011396,S08035,C039,2025-04-07,15,7,Low Attendance
A011397,S06904,C001,2025-07-03,30,8,Low Attendance
A011398,S13076,C035,2025-10-19,30,22,Low Attendance
A011399,S17106,C024,2025-04-19,10,3,Low Attendance
A011400,S18982,C011,2025-05-13,15,6,Low Attendance
A011401,S11678,C037,2025-01-31,25,18,Low Attendance
A011402,S03614,C026,2025-10-11,20,9,Low Attendance
A011403,S00771,C003,2025-03-19,30,24,Present
A011404,S18986,C021,2025-07-13,20,5,Low Attendance
A011405,S09957,C019,2025-03-21,30,30,Present
A011406,S09480,C003,2025-06-28,25,19,Present
A011407,S18021,C004,2025-01-21,30,2,Low Attendance
A011408,S19913,C023,2025-09-19,30,27,Present
A011409,S01052,C017,2025-12-17,10,4,Low Attendance
A011410,S10641,C022,2025-11-12,20,20,Present
A011411,S02271,C044,2025-04-16,10,0,Low Attendance
A011412,S09110,C011,2025-08-16,30,5,Low Attendance
A011413,S12194,C003,2025-11-24,25,9,Low Attendance
A011414,S17800,C011,2025-05-10,10,2,Low Attendance
A011415,S15446,C028,2025-01-14,25,22,Present
A011416,S03219,C048,2025-02-23,20,1,Low Attendance
A011417,S12333,C018,2025-04-01,25,12,Low Attendance
A011418,S06018,C035,2025-12-03,20,19,Present
A011419,S12961,C037,2025-11-13,10,10,Present
A011420,S03397,C026,2025-08-27,30,24,Present
A011421,S05706,C028,2025-06-06,30,26,Present
A011422,S01377,C007,2025-12-10,15,9,Low Attendance
A011423,S17922,C005,2025-03-03,25,16,Low Attendance
A011424,S13260,C016,2025-07-04,10,8,Present
A011425,S05187,C001,2025-07-14,25,14,Low Attendance
A011426,S14565,C007,2025-08-16,25,1,Low Attendance
A011427,S05102,C030,2025-12-26,30,2,Low Attendance
A011428,S08130,C013,2025-12-08,20,15,Present
A011429,S13550,C043,2025-03-19,15,0,Low Attendance
A011430,S03070,C021,2025-04-29,15,10,Low Attendance
A011431,S10553,C016,2025-12-14,30,4,Low Attendance
A011432,S05156,C042,2025-09-04,20,14,Low Attendance
A011433,S12487,C030,2025-03-21,30,16,Low Attendance
A011434,S01702,C048,2025-07-04,15,8,Low Attendance
A011435,S05931,C009,2025-03-13,20,16,Present
A011436,S10279,C006,2025-06-21,10,10,Present
A011437,S06916,C037,2025-07-02,15,7,Low Attendance
A011438,S19328,C041,2025-06-07,15,12,Present
A011439,S16153,C048,2025-04-28,20,11,Low Attendance
A011440,S18262,C034,2025-06-19,20,13,Low Attendance
A011441,S09547,C046,2025-01-03,20,1,Low Attendance
A011442,S04479,C008,2025-07-06,30,16,Low Attendance
A011443,S05523,C022,2025-03-19,30,1,Low Attendance
A011444,S00729,C021,2025-04-20,10,0,Low Attendance
A011445,S19578,C014,2025-04-22,30,11,Low Attendance
A011446,S05163,C041,2025-09-29,30,29,Present
A011447,S15994,C031,2025-11-24,30,28,Present
A011448,S05666,C017,2025-11-27,15,4,Low Attendance
A011449,S19021,C049,2025-11-24,20,2,Low Attendance
A011450,S07484,C026,2025-07-10,15,12,Present
A011451,S07936,C040,2025-10-27,30,20,Low Attendance
A011452,S16618,C017,2025-05-04,25,6,Low Attendance
A011453,S18188,C030,2025-12-29,30,0,Low Attendance
A011454,S11246,C047,2025-09-05,10,6,Low Attendance
A011455,S00230,C045,2025-11-05,20,11,Low Attendance
A011456,S14064,C047,2025-08-13,15,1,Low Attendance
A011457,S10116,C031,2025-11-11,15,12,Present
A011458,S11803,C046,2025-12-09,10,2,Low Attendance
A011459,S05851,C049,2025-03-19,10,4,Low Attendance
A011460,S19732,C028,2025-04-26,10,8,Present
A011461,S11995,C026,2025-08-10,20,1,Low Attendance
A011462,S06253,C037,2025-08-21,15,8,Low Attendance
A011463,S06570,C010,2025-01-19,15,10,Low Attendance
A011464,S06931,C001,2025-09-08,20,0,Low Attendance
A011465,S06687,C028,2025-06-02,30,5,Low Attendance
A011466,S07528,C007,2025-01-12,15,13,Present
A011467,S15088,C002,2025-08-02,15,11,Low Attendance
A011468,S08471,C048,2025-10-15,20,0,Low Attendance
A011469,S06839,C024,2025-07-29,15,7,Low Attendance
A011470,S09788,C033,2025-12-15,15,15,Present
A011471,S16919,C046,2025-10-09,10,5,Low Attendance
A011472,S14074,C003,2025-12-03,25,22,Present
A011473,S09523,C002,2025-09-12,30,15,Low Attendance
A011474,S14976,C003,2025-01-04,25,17,Low Attendance
A011475,S03884,C050,2025-10-08,25,12,Low Attendance
A011476,S16991,C022,2025-05-08,10,8,Present
A011477,S01650,C035,2025-05-04,15,3,Low Attendance
A011478,S04079,C022,2025-12-15,10,7,Low Attendance
A011479,S09585,C023,2025-04-29,30,24,Present
A011480,S07197,C001,2025-07-03,30,15,Low Attendance
A011481,S16843,C039,2025-06-08,15,2,Low Attendance
A011482,S15453,C018,2025-03-15,20,20,Present
A011483,S14052,C032,2025-04-14,25,11,Low Attendance
A011484,S13521,C025,2025-04-15,15,11,Low Attendance
A011485,S04571,C038,2025-10-06,20,8,Low Attendance
A011486,S18108,C042,2025-05-04,25,3,Low Attendance
A011487,S16348,C016,2025-07-09,25,2,Low Attendance
A011488,S04903,C010,2025-11-05,15,13,Present
A011489,S03116,C038,2025-03-18,15,6,Low Attendance
A011490,S07373,C050,2025-12-27,30,17,Low Attendance
A011491,S11215,C013,2025-05-03,20,13,Low Attendance
A011492,S05599,C002,2025-03-27,30,15,Low Attendance
A011493,S04428,C037,2025-01-24,20,14,Low Attendance
A011494,S18957,C011,2025-01-05,10,10,Present
A011495,S06452,C048,2025-11-30,10,9,Present
A011496,S04196,C019,2025-07-31,10,1,Low Attendance
A011497,S15492,C009,2025-12-13,25,13,Low Attendance
A011498,S19034,C019,2025-05-06,10,1,Low Attendance
A011499,S08145,C044,2025-11-28,25,6,Low Attendance
A011500,S18543,C028,2025-07-03,25,7,Low Attendance
A011501,S17361,C029,2025-10-05,20,17,Present
A011502,S18295,C004,2025-05-15,30,10,Low Attendance
A011503,S02738,C047,2025-06-09,25,7,Low Attendance
A011504,S16555,C032,2025-09-10,30,29,Present
A011505,S11874,C002,2025-07-06,25,19,Present
A011506,S02478,C021,2025-12-08,30,0,Low Attendance
A011507,S10725,C029,2025-09-03,30,0,Low Attendance
A011508,S12936,C019,2025-08-21,30,5,Low Attendance
A011509,S10482,C050,2025-01-03,15,9,Low Attendance
A011510,S05399,C022,2025-01-30,15,12,Present
A011511,S10311,C022,2025-01-08,15,1,Low Attendance
A011512,S07002,C024,2025-12-01,30,15,Low Attendance
A011513,S03211,C019,2025-04-19,10,8,Present
A011514,S10913,C007,2025-07-06,25,14,Low Attendance
A011515,S01741,C023,2025-05-21,15,12,Present
A011516,S01963,C005,2025-02-04,25,2,Low Attendance
A011517,S11613,C049,2025-10-14,25,11,Low Attendance
A011518,S04930,C015,2025-12-16,10,7,Low Attendance
A011519,S18440,C045,2025-03-06,10,4,Low Attendance
A011520,S16675,C048,2025-07-27,15,0,Low Attendance
A011521,S17540,C018,2025-07-09,25,14,Low Attendance
A011522,S05971,C017,2025-05-02,30,21,Low Attendance
A011523,S12536,C005,2025-06-16,10,9,Present
A011524,S01622,C025,2025-08-18,25,12,Low Attendance
A011525,S13646,C019,2025-09-11,20,3,Low Attendance
A011526,S02054,C014,2025-08-11,20,19,Present
A011527,S03400,C012,2025-09-15,25,5,Low Attendance
A011528,S06004,C028,2025-08-23,15,2,Low Attendance
A011529,S12273,C009,2025-07-23,30,18,Low Attendance
A011530,S06412,C013,2025-08-14,25,12,Low Attendance
A011531,S04244,C017,2025-04-02,30,12,Low Attendance
A011532,S17925,C005,2025-06-02,15,0,Low Attendance
A011533,S15608,C035,2025-12-03,20,0,Low Attendance
A011534,S11473,C022,2025-11-17,20,7,Low Attendance
A011535,S05073,C040,2025-02-23,10,3,Low Attendance
A011536,S16216,C011,2025-12-31,30,3,Low Attendance
A011537,S00320,C018,2025-07-11,30,24,Present
A011538,S03308,C019,2025-07-25,20,1,Low Attendance
A011539,S10972,C023,2025-02-02,20,1,Low Attendance
A011540,S03887,C018,2025-02-18,25,20,Present
A011541,S06422,C037,2025-08-27,30,23,Present
A011542,S09399,C038,2025-06-29,25,25,Present
A011543,S02548,C016,2025-09-10,25,20,Present
A011544,S17725,C042,2025-04-19,15,4,Low Attendance
A011545,S03043,C014,2025-03-20,10,4,Low Attendance
A011546,S07726,C039,2025-07-15,20,3,Low Attendance
A011547,S17330,C023,2025-10-21,20,6,Low Attendance
A011548,S01493,C021,2025-01-25,20,9,Low Attendance
A011549,S15245,C045,2025-06-20,15,15,Present
A011550,S17478,C030,2025-04-07,20,1,Low Attendance
A011551,S13499,C025,2025-07-14,10,5,Low Attendance
A011552,S17308,C020,2025-10-01,15,4,Low Attendance
A011553,S17049,C036,2025-01-04,15,15,Present
A011554,S10692,C035,2025-08-31,15,0,Low Attendance
A011555,S07471,C002,2025-11-26,15,14,Present
A011556,S05862,C033,2025-03-25,20,18,Present
A011557,S09728,C015,2025-06-17,25,0,Low Attendance
A011558,S14551,C034,2025-01-03,20,12,Low Attendance
A011559,S08577,C007,2025-06-22,15,7,Low Attendance
A011560,S15997,C048,2025-09-01,15,12,Present
A011561,S08066,C025,2025-02-12,20,13,Low Attendance
A011562,S02113,C044,2025-10-14,25,2,Low Attendance
A011563,S14353,C042,2025-10-10,25,13,Low Attendance
A011564,S07919,C024,2025-11-23,15,7,Low Attendance
A011565,S03592,C006,2025-10-04,30,0,Low Attendance
A011566,S15487,C047,2025-08-10,30,7,Low Attendance
A011567,S18978,C022,2025-07-10,15,13,Present
A011568,S08383,C045,2025-12-02,15,1,Low Attendance
A011569,S19659,C022,2025-07-19,20,17,Present
A011570,S03348,C028,2025-10-12,30,0,Low Attendance
A011571,S14901,C033,2025-08-23,25,19,Present
A011572,S00186,C041,2025-11-16,15,4,Low Attendance
A011573,S05601,C032,2025-12-31,25,0,Low Attendance
A011574,S09197,C044,2025-08-15,20,11,Low Attendance
A011575,S14972,C029,2025-12-09,30,30,Present
A011576,S14525,C048,2025-09-10,20,13,Low Attendance
A011577,S06768,C005,2025-12-24,20,16,Present
A011578,S03416,C049,2025-07-30,30,17,Low Attendance
A011579,S02452,C021,2025-06-23,25,20,Present
A011580,S11343,C050,2025-12-17,10,1,Low Attendance
A011581,S05152,C043,2025-09-04,20,13,Low Attendance
A011582,S01923,C047,2025-11-29,15,5,Low Attendance
A011583,S01373,C039,2025-04-11,15,10,Low Attendance
A011584,S13053,C031,2025-10-31,10,4,Low Attendance
A011585,S16606,C026,2025-11-30,10,5,Low Attendance
A011586,S18356,C022,2025-02-12,10,10,Present
A011587,S19890,C043,2025-06-04,30,11,Low Attendance
A011588,S18215,C012,2025-10-23,20,14,Low Attendance
A011589,S19392,C046,2025-10-02,30,8,Low Attendance
A011590,S17279,C003,2025-08-25,30,15,Low Attendance
A011591,S05393,C042,2025-08-21,10,4,Low Attendance
A011592,S09392,C050,2025-07-27,30,4,Low Attendance
A011593,S13926,C018,2025-08-28,10,4,Low Attendance
A011594,S18346,C028,2025-04-14,10,2,Low Attendance
A011595,S18167,C022,2025-09-10,25,6,Low Attendance
A011596,S06818,C007,2025-02-20,20,12,Low Attendance
A011597,S02627,C021,2025-01-06,25,8,Low Attendance
A011598,S15001,C011,2025-09-27,15,3,Low Attendance
A011599,S06070,C015,2025-02-23,15,8,Low Attendance
A011600,S05822,C009,2025-11-27,25,5,Low Attendance
A011601,S17293,C011,2025-05-03,15,5,Low Attendance
A011602,S19439,C003,2025-03-28,15,9,Low Attendance
A011603,S07098,C035,2025-11-23,20,10,Low Attendance
A011604,S15179,C036,2025-08-22,15,0,Low Attendance
A011605,S16576,C028,2025-11-09,10,7,Low Attendance
A011606,S11001,C042,2025-03-02,10,9,Present
A011607,S06096,C050,2025-11-12,30,8,Low Attendance
A011608,S12649,C020,2025-04-05,15,1,Low Attendance
A011609,S09506,C031,2025-11-11,20,8,Low Attendance
A011610,S18024,C043,2025-10-21,25,13,Low Attendance
A011611,S00857,C024,2025-04-06,15,10,Low Attendance
A011612,S11819,C036,2025-02-19,10,0,Low Attendance
A011613,S10300,C040,2025-10-20,25,19,Present
A011614,S18478,C008,2025-07-05,20,18,Present
A011615,S16251,C026,2025-02-05,15,10,Low Attendance
A011616,S17367,C036,2025-12-20,15,7,Low Attendance
A011617,S04335,C019,2025-08-14,10,0,Low Attendance
A011618,S05195,C024,2025-01-16,15,9,Low Attendance
A011619,S15887,C032,2025-06-09,25,4,Low Attendance
A011620,S12661,C017,2025-06-18,20,20,Present
A011621,S11344,C019,2025-08-14,15,1,Low Attendance
A011622,S13137,C025,2025-05-19,15,8,Low Attendance
A011623,S08730,C001,2025-02-19,20,4,Low Attendance
A011624,S15469,C018,2025-01-08,15,0,Low Attendance
A011625,S01629,C007,2025-11-03,20,7,Low Attendance
A011626,S04641,C043,2025-03-10,20,13,Low Attendance
A011627,S19100,C046,2025-05-16,15,4,Low Attendance
A011628,S11563,C044,2025-09-12,20,11,Low Attendance
A011629,S14870,C007,2025-05-22,25,24,Present
A011630,S16727,C045,2025-10-20,20,13,Low Attendance
A011631,S10298,C012,2025-11-07,10,9,Present
A011632,S05588,C002,2025-08-03,30,1,Low Attendance
A011633,S06145,C041,2025-04-30,20,2,Low Attendance
A011634,S16475,C040,2025-01-31,30,4,Low Attendance
A011635,S19004,C007,2025-03-29,25,9,Low Attendance
A011636,S19554,C045,2025-08-26,30,27,Present
A011637,S15671,C033,2025-10-26,15,4,Low Attendance
A011638,S04570,C042,2025-01-21,15,1,Low Attendance
A011639,S05980,C045,2025-07-05,15,15,Present
A011640,S01504,C010,2025-07-25,15,7,Low Attendance
A011641,S09514,C010,2025-05-03,25,13,Low Attendance
A011642,S13752,C027,2025-09-10,25,4,Low Attendance
A011643,S19065,C007,2025-12-09,30,2,Low Attendance
A011644,S04353,C046,2025-09-25,20,18,Present
A011645,S00589,C012,2025-09-30,10,6,Low Attendance
A011646,S00175,C037,2025-02-07,15,9,Low Attendance
A011647,S16039,C008,2025-07-05,15,12,Present
A011648,S16884,C005,2025-08-20,10,6,Low Attendance
A011649,S16983,C034,2025-09-28,25,11,Low Attendance
A011650,S04428,C042,2025-02-13,10,7,Low Attendance
A011651,S05246,C025,2025-04-18,10,4,Low Attendance
A011652,S10216,C010,2025-05-30,20,10,Low Attendance
A011653,S16523,C005,2025-09-11,15,11,Low Attendance
A011654,S01685,C005,2025-06-08,25,15,Low Attendance
A011655,S00373,C040,2025-06-18,30,14,Low Attendance
A011656,S17443,C046,2025-09-02,20,1,Low Attendance
A011657,S00654,C029,2025-11-22,20,20,Present
A011658,S17402,C042,2025-10-23,20,13,Low Attendance
A011659,S18848,C046,2025-10-03,15,4,Low Attendance
A011660,S01968,C010,2025-02-01,25,11,Low Attendance
A011661,S02930,C015,2025-06-25,20,7,Low Attendance
A011662,S16400,C019,2025-03-31,20,10,Low Attendance
A011663,S14539,C018,2025-06-24,25,9,Low Attendance
A011664,S11087,C047,2025-06-07,10,7,Low Attendance
A011665,S17359,C024,2025-05-08,10,9,Present
A011666,S11958,C021,2025-11-19,20,20,Present
A011667,S03384,C024,2025-09-27,10,3,Low Attendance
A011668,S16782,C007,2025-02-19,10,3,Low Attendance
A011669,S07469,C024,2025-01-25,25,4,Low Attendance
A011670,S05342,C034,2025-11-09,15,14,Present
A011671,S03923,C029,2025-10-26,15,2,Low Attendance
A011672,S02260,C003,2025-06-12,10,8,Present
A011673,S07950,C014,2025-02-16,30,2,Low Attendance
A011674,S15097,C013,2025-05-24,25,16,Low Attendance
A011675,S05683,C002,2025-04-04,25,22,Present
A011676,S09386,C014,2025-02-20,10,2,Low Attendance
A011677,S01249,C015,2025-08-26,30,20,Low Attendance
A011678,S12211,C035,2025-10-15,10,7,Low Attendance
A011679,S01292,C046,2025-06-12,15,8,Low Attendance
A011680,S00426,C017,2025-01-24,30,14,Low Attendance
A011681,S06954,C037,2025-06-12,10,4,Low Attendance
A011682,S15255,C001,2025-08-27,25,24,Present
A011683,S16594,C027,2025-04-22,20,19,Present
A011684,S09734,C043,2025-06-18,30,8,Low Attendance
A011685,S00970,C033,2025-04-21,20,4,Low Attendance
A011686,S13288,C015,2025-04-29,15,5,Low Attendance
A011687,S13847,C038,2025-08-05,10,4,Low Attendance
A011688,S05525,C022,2025-09-10,20,1,Low Attendance
A011689,S04710,C009,2025-04-19,25,22,Present
A011690,S07311,C011,2025-03-17,30,13,Low Attendance
A011691,S07125,C032,2025-07-01,30,7,Low Attendance
A011692,S15255,C001,2025-10-14,30,23,Present
A011693,S00026,C038,2025-01-27,20,19,Present
A011694,S11739,C029,2025-08-06,15,15,Present
A011695,S08566,C030,2025-10-19,25,23,Present
A011696,S17524,C046,2025-04-09,15,8,Low Attendance
A011697,S12270,C025,2025-07-14,30,18,Low Attendance
A011698,S19037,C003,2025-04-19,10,8,Present
A011699,S03988,C002,2025-10-04,10,1,Low Attendance
A011700,S03145,C026,2025-06-04,25,3,Low Attendance
A011701,S08426,C011,2025-11-20,15,8,Low Attendance
A011702,S02828,C042,2025-06-01,10,2,Low Attendance
A011703,S07273,C036,2025-10-29,30,9,Low Attendance
A011704,S12582,C026,2025-07-27,15,2,Low Attendance
A011705,S18016,C010,2025-06-16,15,9,Low Attendance
A011706,S10546,C047,2025-07-09,25,21,Present
A011707,S16794,C043,2025-03-30,25,21,Present
A011708,S09790,C047,2025-10-08,15,15,Present
A011709,S09433,C003,2025-02-04,30,28,Present
A011710,S09194,C014,2025-04-20,10,3,Low Attendance
A011711,S06982,C003,2025-12-06,25,23,Present
A011712,S19792,C045,2025-02-06,30,21,Low Attendance
A011713,S08131,C003,2025-03-22,15,0,Low Attendance
A011714,S05950,C045,2025-01-30,30,1,Low Attendance
A011715,S03915,C034,2025-04-22,20,16,Present
A011716,S10055,C036,2025-11-07,25,19,Present
A011717,S12872,C017,2025-12-03,25,9,Low Attendance
A011718,S03891,C011,2025-02-24,20,7,Low Attendance
A011719,S01951,C037,2025-01-28,15,1,Low Attendance
A011720,S00647,C025,2025-09-26,15,4,Low Attendance
A011721,S18978,C027,2025-04-11,30,24,Present
A011722,S12058,C019,2025-11-23,10,4,Low Attendance
A011723,S16234,C045,2025-12-24,30,13,Low Attendance
A011724,S05660,C041,2025-07-21,20,17,Present
A011725,S01672,C035,2025-05-19,25,25,Present
A011726,S19470,C017,2025-12-28,10,4,Low Attendance
A011727,S11134,C037,2025-04-19,20,14,Low Attendance
A011728,S04532,C036,2025-11-09,30,10,Low Attendance
A011729,S16731,C022,2025-08-08,25,7,Low Attendance
A011730,S05429,C046,2025-10-05,25,12,Low Attendance
A011731,S17414,C024,2025-06-08,15,6,Low Attendance
A011732,S18261,C047,2025-12-18,15,6,Low Attendance
A011733,S18505,C028,2025-06-05,30,24,Present
A011734,S02233,C009,2025-02-21,30,22,Low Attendance
A011735,S12032,C021,2025-09-17,25,0,Low Attendance
A011736,S11549,C034,2025-06-14,15,14,Present
A011737,S04171,C019,2025-06-23,30,14,Low Attendance
A011738,S03752,C032,2025-08-07,25,12,Low Attendance
A011739,S13699,C019,2025-09-25,30,3,Low Attendance
A011740,S17255,C044,2025-07-10,25,9,Low Attendance
A011741,S07074,C033,2025-11-19,20,15,Present
A011742,S06071,C018,2025-10-08,15,2,Low Attendance
A011743,S18470,C049,2025-09-13,15,4,Low Attendance
A011744,S01910,C031,2025-06-01,30,29,Present
A011745,S13666,C043,2025-02-17,15,14,Present
A011746,S03348,C028,2025-08-14,25,5,Low Attendance
A011747,S11002,C038,2025-06-16,15,11,Low Attendance
A011748,S02761,C019,2025-11-11,30,30,Present
A011749,S03503,C019,2025-12-01,20,2,Low Attendance
A011750,S01986,C026,2025-09-21,20,8,Low Attendance
A011751,S12426,C021,2025-10-31,25,18,Low Attendance
A011752,S12275,C031,2025-01-16,20,15,Present
A011753,S02271,C028,2025-11-25,25,15,Low Attendance
A011754,S00439,C042,2025-12-16,25,7,Low Attendance
A011755,S11404,C041,2025-12-01,25,1,Low Attendance
A011756,S16096,C015,2025-02-21,30,20,Low Attendance
A011757,S11763,C011,2025-01-22,15,11,Low Attendance
A011758,S12363,C042,2025-09-12,20,2,Low Attendance
A011759,S02641,C042,2025-05-29,15,14,Present
A011760,S06284,C030,2025-09-16,15,12,Present
A011761,S16192,C016,2025-07-29,25,11,Low Attendance
A011762,S05708,C020,2025-12-15,20,15,Present
A011763,S12038,C023,2025-07-31,15,8,Low Attendance
A011764,S05337,C049,2025-02-20,20,11,Low Attendance
A011765,S04788,C003,2025-10-21,25,15,Low Attendance
A011766,S11606,C047,2025-06-12,15,7,Low Attendance
A011767,S18408,C004,2025-06-19,30,6,Low Attendance
A011768,S06095,C037,2025-02-11,10,6,Low Attendance
A011769,S07020,C026,2025-08-30,10,0,Low Attendance
A011770,S06124,C032,2025-11-06,15,1,Low Attendance
A011771,S02140,C016,2025-01-02,20,2,Low Attendance
A011772,S03627,C037,2025-02-24,20,19,Present
A011773,S15105,C002,2025-06-11,10,6,Low Attendance
A011774,S18807,C044,2025-07-05,30,24,Present
A011775,S19310,C045,2025-08-19,10,0,Low Attendance
A011776,S17769,C011,2025-10-19,25,11,Low Attendance
A011777,S02552,C006,2025-01-25,20,3,Low Attendance
A011778,S08212,C041,2025-10-22,20,8,Low Attendance
A011779,S02068,C039,2025-05-06,15,7,Low Attendance
A011780,S07539,C034,2025-04-01,25,6,Low Attendance
A011781,S14134,C049,2025-05-05,15,9,Low Attendance
A011782,S02208,C015,2025-10-24,20,16,Present
A011783,S03043,C004,2025-04-02,30,2,Low Attendance
A011784,S16536,C012,2025-11-17,15,0,Low Attendance
A011785,S13773,C022,2025-01-28,20,10,Low Attendance
A011786,S18646,C015,2025-05-30,20,14,Low Attendance
A011787,S06341,C013,2025-04-16,25,17,Low Attendance
A011788,S09585,C018,2025-11-16,20,17,Present
A011789,S18854,C045,2025-07-01,20,1,Low Attendance
A011790,S18308,C046,2025-01-16,25,16,Low Attendance
A011791,S07485,C005,2025-08-10,30,22,Low Attendance
A011792,S01351,C043,2025-05-15,10,5,Low Attendance
A011793,S06843,C023,2025-06-18,10,1,Low Attendance
A011794,S19275,C035,2025-01-09,20,3,Low Attendance
A011795,S16600,C004,2025-11-14,10,5,Low Attendance
A011796,S04105,C020,2025-11-29,30,24,Present
A011797,S14244,C018,2025-06-23,30,13,Low Attendance
A011798,S14121,C001,2025-09-08,20,17,Present
A011799,S03301,C011,2025-12-30,20,9,Low Attendance
A011800,S15383,C010,2025-07-04,20,17,Present
A011801,S00427,C001,2025-06-17,15,0,Low Attendance
A011802,S01762,C050,2025-09-28,20,7,Low Attendance
A011803,S18845,C024,2025-05-14,25,18,Low Attendance
A011804,S14755,C014,2025-09-21,25,3,Low Attendance
A011805,S05256,C017,2025-01-18,25,8,Low Attendance
A011806,S09936,C022,2025-11-27,10,8,Present
A011807,S02236,C027,2025-01-19,10,10,Present
A011808,S19619,C025,2025-09-06,20,19,Present
A011809,S04210,C016,2025-02-17,10,6,Low Attendance
A011810,S16755,C035,2025-05-19,10,10,Present
A011811,S19062,C044,2025-08-16,30,16,Low Attendance
A011812,S04620,C027,2025-11-13,30,25,Present
A011813,S09169,C040,2025-06-27,20,14,Low Attendance
A011814,S06345,C043,2025-10-13,30,27,Present
A011815,S19471,C023,2025-01-25,25,14,Low Attendance
A011816,S06492,C006,2025-07-22,20,7,Low Attendance
A011817,S02575,C034,2025-05-02,15,1,Low Attendance
A011818,S16937,C020,2025-10-20,15,9,Low Attendance
A011819,S10123,C038,2025-12-14,20,2,Low Attendance
A011820,S16740,C044,2025-09-20,25,3,Low Attendance
A011821,S14194,C015,2025-08-10,15,10,Low Attendance
A011822,S15471,C029,2025-11-18,30,4,Low Attendance
A011823,S02719,C046,2025-06-20,15,11,Low Attendance
A011824,S13492,C039,2025-03-15,10,5,Low Attendance
A011825,S07366,C045,2025-08-08,30,21,Low Attendance
A011826,S12828,C038,2025-06-17,10,0,Low Attendance
A011827,S01265,C005,2025-12-10,30,17,Low Attendance
A011828,S18831,C014,2025-11-04,15,4,Low Attendance
A011829,S05823,C026,2025-11-03,15,12,Present
A011830,S18234,C007,2025-04-16,30,0,Low Attendance
A011831,S10890,C009,2025-06-14,10,6,Low Attendance
A011832,S11369,C049,2025-06-21,25,15,Low Attendance
A011833,S16272,C026,2025-07-27,10,10,Present
A011834,S08664,C040,2025-03-08,30,22,Low Attendance
A011835,S08273,C015,2025-03-18,25,10,Low Attendance
A011836,S09449,C036,2025-06-30,25,2,Low Attendance
A011837,S17940,C011,2025-08-05,15,8,Low Attendance
A011838,S02145,C010,2025-05-13,25,21,Present
A011839,S05116,C023,2025-11-16,25,25,Present
A011840,S03454,C049,2025-03-11,25,10,Low Attendance
A011841,S04833,C032,2025-04-01,10,7,Low Attendance
A011842,S05665,C009,2025-04-16,20,11,Low Attendance
A011843,S04903,C049,2025-12-10,10,0,Low Attendance
A011844,S19423,C001,2025-04-10,30,2,Low Attendance
A011845,S08476,C019,2025-09-16,10,7,Low Attendance
A011846,S16919,C034,2025-06-01,10,10,Present
A011847,S18941,C020,2025-03-12,10,9,Present
A011848,S07783,C031,2025-07-25,25,7,Low Attendance
A011849,S10961,C047,2025-07-30,10,7,Low Attendance
A011850,S10937,C006,2025-07-02,10,1,Low Attendance
A011851,S02779,C049,2025-04-07,10,6,Low Attendance
A011852,S18081,C029,2025-04-26,15,3,Low Attendance
A011853,S08042,C037,2025-07-14,30,1,Low Attendance
A011854,S00677,C044,2025-09-09,15,2,Low Attendance
A011855,S09214,C030,2025-06-12,25,18,Low Attendance
A011856,S01690,C002,2025-08-24,20,16,Present
A011857,S08604,C003,2025-04-07,25,0,Low Attendance
A011858,S09603,C036,2025-04-25,20,7,Low Attendance
A011859,S15948,C022,2025-07-21,30,8,Low Attendance
A011860,S18986,C003,2025-10-09,30,9,Low Attendance
A011861,S03710,C040,2025-06-29,10,7,Low Attendance
A011862,S14987,C049,2025-04-13,15,4,Low Attendance
A011863,S08907,C041,2025-01-05,20,10,Low Attendance
A011864,S04314,C003,2025-03-01,10,5,Low Attendance
A011865,S05655,C031,2025-12-09,15,2,Low Attendance
A011866,S05050,C004,2025-07-07,15,1,Low Attendance
A011867,S09213,C048,2025-12-25,15,4,Low Attendance
A011868,S00601,C023,2025-02-18,15,13,Present
A011869,S19604,C022,2025-11-26,10,2,Low Attendance
A011870,S06353,C037,2025-10-12,10,3,Low Attendance
A011871,S08880,C046,2025-09-12,15,11,Low Attendance
A011872,S19553,C018,2025-01-22,30,25,Present
A011873,S18876,C022,2025-06-21,30,26,Present
A011874,S03869,C042,2025-06-07,30,8,Low Attendance
A011875,S12087,C030,2025-10-28,20,5,Low Attendance
A011876,S01252,C039,2025-11-18,10,6,Low Attendance
A011877,S00877,C009,2025-08-21,20,15,Present
A011878,S03583,C049,2025-05-11,25,0,Low Attendance
A011879,S17453,C032,2025-03-11,30,2,Low Attendance
A011880,S19816,C042,2025-02-22,25,24,Present
A011881,S03401,C050,2025-09-28,15,10,Low Attendance
A011882,S15640,C011,2025-10-02,10,7,Low Attendance
A011883,S18940,C032,2025-11-24,20,19,Present
A011884,S11056,C043,2025-02-27,25,1,Low Attendance
A011885,S02940,C039,2025-12-30,10,2,Low Attendance
A011886,S13205,C047,2025-10-30,10,2,Low Attendance
A011887,S08211,C031,2025-03-26,15,0,Low Attendance
A011888,S15651,C007,2025-07-18,20,2,Low Attendance
A011889,S11284,C039,2025-12-03,20,12,Low Attendance
A011890,S11192,C043,2025-01-18,25,12,Low Attendance
A011891,S06235,C046,2025-04-01,25,15,Low Attendance
A011892,S08865,C033,2025-07-20,30,15,Low Attendance
A011893,S10164,C013,2025-03-21,30,7,Low Attendance
A011894,S04053,C009,2025-09-07,25,22,Present
A011895,S16087,C039,2025-01-26,30,26,Present
A011896,S07545,C007,2025-05-28,25,18,Low Attendance
A011897,S09919,C044,2025-02-27,15,10,Low Attendance
A011898,S15043,C008,2025-02-20,20,12,Low Attendance
A011899,S12462,C027,2025-11-23,30,18,
A011900,S17243,C043,2025-04-19,30,28,Present
A011901,S05841,C012,2025-06-01,30,6,Low Attendance
A011902,S17608,C014,2025-05-05,10,4,Low Attendance
A011903,S10210,C036,2025-10-08,25,13,Low Attendance
A011904,S06170,C045,2025-03-15,10,6,Low Attendance
A011905,S16683,C048,2025-11-18,30,26,Present
A011906,S00198,C008,2025-12-22,10,10,Present
A011907,S00145,C033,2025-07-18,15,12,Present
A011908,S08725,C045,2025-11-15,25,14,Low Attendance
A011909,S12522,C046,2025-03-20,20,4,Low Attendance
A011910,S17388,C028,2025-08-20,25,12,Low Attendance
A011911,S19141,C042,2025-01-28,25,11,Low Attendance
A011912,S18331,C036,2025-03-14,30,6,Low Attendance
A011913,S00334,C006,2025-11-01,20,14,Low Attendance
A011914,S13979,C039,2025-03-02,20,4,Low Attendance
A011915,S08275,C012,2025-02-17,20,20,Present
A011916,S06953,C046,2025-08-12,30,8,Low Attendance
A011917,S13987,C044,2025-08-09,15,15,Present
A011918,S03320,C047,2025-08-05,10,7,Low Attendance
A011919,S02881,C011,2025-08-28,30,27,Present
A011920,S04501,C030,2025-09-23,25,7,Low Attendance
A011921,S03067,C027,2025-08-04,10,7,Low Attendance
A011922,S15130,C015,2025-04-20,30,30,Present
A011923,S17739,C039,2025-08-26,30,13,Low Attendance
A011924,S13219,C032,2025-03-10,15,8,Low Attendance
A011925,S15857,C036,2025-11-07,30,5,Low Attendance
A011926,S09257,C049,2025-07-17,15,13,Present
A011927,S05825,C049,2025-07-21,10,6,Low Attendance
A011928,S06720,C036,2025-04-15,25,0,Low Attendance
A011929,S04113,C023,2025-01-02,20,15,Present
A011930,S11649,C042,2025-10-25,15,9,Low Attendance
A011931,S15404,C048,2025-05-24,30,20,Low Attendance
A011932,S12954,C038,2025-07-23,10,3,Low Attendance
A011933,S07413,C042,2025-08-15,10,8,Present
A011934,S01686,C028,2025-08-19,15,12,Present
A011935,S03529,C018,2025-02-25,20,15,Present
A011936,S15892,C017,2025-01-08,20,9,Low Attendance
A011937,S04720,C011,2025-01-11,10,2,Low Attendance
A011938,S17622,C014,2025-12-11,25,23,Present
A011939,S17170,C050,2025-09-23,15,13,Present
A011940,S06586,C041,2025-03-18,10,7,Low Attendance
A011941,S04690,C034,2025-09-16,25,16,Low Attendance
A011942,S03310,C018,2025-02-28,30,8,Low Attendance
A011943,S11822,C007,2025-08-26,25,10,Low Attendance
A011944,S05072,C037,2025-07-04,15,10,Low Attendance
A011945,S10710,C036,2025-10-04,10,0,Low Attendance
A011946,S01765,C026,2025-11-19,25,3,Low Attendance
A011947,S13524,C001,2025-10-13,10,8,Present
A011948,S07096,C002,2025-09-05,25,16,Low Attendance
A011949,S05735,C027,2025-10-24,20,7,Low Attendance
A011950,S03941,C018,2025-06-30,15,11,Low Attendance
A011951,S16944,C001,2025-12-30,30,23,Present
A011952,S01638,C011,2025-05-25,25,5,Low Attendance
A011953,S17852,C018,2025-04-22,30,24,Present
A011954,S01302,C020,2025-02-23,30,24,Present
A011955,S10865,C043,2025-03-04,10,0,Low Attendance
A011956,S02532,C050,2025-07-10,10,5,Low Attendance
A011957,S05148,C039,2025-10-31,20,15,Present
A011958,S14546,C025,2025-08-25,10,4,Low Attendance
A011959,S17170,C050,2025-04-11,20,2,Low Attendance
A011960,S01315,C033,2025-04-03,10,8,Present
A011961,S10017,C030,2025-11-20,30,29,Present
A011962,S08019,C028,2025-09-11,30,19,Low Attendance
A011963,S00150,C049,2025-02-26,25,23,Present
A011964,S13206,C031,2025-07-21,10,8,Present
A011965,S03007,C031,2025-05-22,15,4,Low Attendance
A011966,S15911,C037,2025-11-26,15,1,Low Attendance
A011967,S14421,C020,2025-08-26,10,6,Low Attendance
A011968,S03717,C025,2025-07-09,20,12,Low Attendance
A011969,S19571,C002,2025-10-13,25,21,Present
A011970,S06923,C020,2025-10-02,10,4,Low Attendance
A011971,S13199,C046,2025-01-13,15,5,Low Attendance
A011972,S04190,C020,2025-02-26,15,6,Low Attendance
A011973,S00342,C038,2025-08-31,20,1,Low Attendance
A011974,S08998,C008,2025-03-08,15,14,Present
A011975,S04817,C044,2025-02-28,25,8,Low Attendance
A011976,S11824,C028,2025-06-18,30,1,Low Attendance
A011977,S04146,C026,2025-09-02,30,24,Present
A011978,S14542,C004,2025-04-21,30,7,Low Attendance
A011979,S13789,C003,2025-07-16,25,21,Present
A011980,S01967,C049,2025-06-08,15,7,Low Attendance
A011981,S09156,C022,2025-10-06,30,7,Low Attendance
A011982,S12252,C033,2025-12-30,10,0,Low Attendance
A011983,S14389,C004,2025-08-16,30,29,Present
A011984,S03392,C019,2025-06-17,30,8,Low Attendance
A011985,S16757,C036,2025-12-16,20,19,Present
A011986,S17632,C018,2025-11-08,15,1,Low Attendance
A011987,S11007,C017,2025-05-15,25,14,Low Attendance
A011988,S15027,C027,2025-10-11,25,11,Low Attendance
A011989,S07326,C009,2025-05-30,30,20,Low Attendance
A011990,S02017,C037,2025-06-17,25,8,Low Attendance
A011991,S02327,C050,2025-02-08,15,15,Present
A011992,S00280,C031,2025-10-15,15,10,Low Attendance
A011993,S02493,C002,2025-12-21,10,4,Low Attendance
A011994,S19895,C012,2025-05-26,30,8,Low Attendance
A011995,S13908,C029,2025-11-03,30,29,Present
A011996,S09629,C004,2025-03-16,25,7,Low Attendance
A011997,S06798,C014,2025-06-09,15,8,Low Attendance
A011998,S17883,C024,2025-04-03,25,14,Low Attendance
A011999,S12369,C033,2025-09-26,25,24,Present
A012000,S15928,C003,2025-07-02,20,9,Low Attendance
A012001,S01252,C039,2025-01-20,25,19,Present
A012002,S19574,C030,2025-06-07,25,15,Low Attendance
A012003,S08410,C016,2025-01-27,20,3,Low Attendance
A012004,S16172,C014,2025-02-23,20,3,Low Attendance
A012005,S09323,C035,2025-09-19,15,0,Low Attendance
A012006,S13464,C001,2025-01-08,30,6,Low Attendance
A012007,S05244,C010,2025-12-19,15,11,Low Attendance
A012008,S01771,C048,2025-06-12,20,12,Low Attendance
A012009,S01349,C031,2025-11-21,15,0,Low Attendance
A012010,S07230,C039,2025-09-30,20,11,Low Attendance
A012011,S13953,C049,2025-10-23,30,27,Present
A012012,S11511,C034,2025-09-11,15,12,Present
A012013,S00956,C019,2025-09-01,25,23,Present
A012014,S10653,C047,2025-07-05,10,3,Low Attendance
A012015,S17310,C015,2025-08-16,25,13,Low Attendance
A012016,S13626,C048,2025-01-19,30,19,Low Attendance
A012017,S07125,C016,2025-03-10,10,9,Present
A012018,S11105,C017,2025-10-14,20,20,Present
A012019,S18014,C019,2025-08-05,30,0,Low Attendance
A012020,S15815,C035,2025-09-19,25,14,Low Attendance
A012021,S19257,C026,2025-09-20,30,8,Low Attendance
A012022,S19647,C008,2025-10-30,15,8,Low Attendance
A012023,S05896,C043,2025-05-25,20,13,Low Attendance
A012024,S00956,C015,2025-02-14,20,2,Low Attendance
A012025,S04268,C010,2025-05-22,15,4,Low Attendance
A012026,S11498,C004,2025-04-27,30,7,Low Attendance
A012027,S12556,C015,2025-06-15,10,9,Present
A012028,S19011,C036,2025-12-23,15,1,Low Attendance
A012029,S13322,C038,2025-04-14,25,22,Present
A012030,S07022,C045,2025-05-14,15,0,Low Attendance
A012031,S06829,C004,2025-07-11,10,1,Low Attendance
A012032,S03768,C026,2025-06-23,10,0,Low Attendance
A012033,S17395,C009,2025-06-28,20,4,Low Attendance
A012034,S02083,C016,2025-06-14,15,6,Low Attendance
A012035,S06356,C012,2025-12-26,15,6,Low Attendance
A012036,S02659,C007,2025-09-24,30,19,Low Attendance
A012037,S11468,C020,2025-05-05,30,24,Present
A012038,S03788,C039,2025-12-08,15,8,Low Attendance
A012039,S07925,C006,2025-01-04,30,1,Low Attendance
A012040,S01615,C010,2025-02-15,15,5,Low Attendance
A012041,S17223,C021,2025-11-05,15,14,Present
A012042,S14776,C047,2025-03-01,10,4,Low Attendance
A012043,S05053,C050,2025-05-24,10,3,Low Attendance
A012044,S17001,C022,2025-11-20,20,1,Low Attendance
A012045,S11071,C037,2025-09-27,10,6,Low Attendance
A012046,S10264,C025,2025-05-27,10,4,Low Attendance
A012047,S16871,C009,2025-01-08,20,10,Low Attendance
A012048,S08907,C038,2025-03-31,30,27,Present
A012049,S00065,C021,2025-08-06,25,10,Low Attendance
A012050,S08637,C041,2025-10-07,20,17,Present
A012051,S13751,C047,2025-06-02,10,6,Low Attendance
A012052,S18251,C048,2025-08-21,30,27,Present
A012053,S10122,C041,2025-07-07,20,7,Low Attendance
A012054,S08294,C002,2025-09-22,20,14,Low Attendance
A012055,S03561,C035,2025-05-02,25,18,Low Attendance
A012056,S06441,C015,2025-08-31,20,8,Low Attendance
A012057,S00827,C008,2025-04-10,10,2,Low Attendance
A012058,S03472,C021,2025-07-20,25,13,Low Attendance
A012059,S05045,C023,2025-02-16,15,0,Low Attendance
A012060,S08315,C022,2025-10-12,20,8,Low Attendance
A012061,S18614,C030,2025-08-20,15,4,Low Attendance
A012062,S02350,C023,2025-06-22,20,7,Low Attendance
A012063,S18439,C033,2025-01-05,15,12,Present
A012064,S00139,C008,2025-04-14,15,10,Low Attendance
A012065,S06458,C007,2025-06-09,20,16,Present
A012066,S10316,C027,2025-07-06,25,25,Present
A012067,S15756,C020,2025-05-05,30,26,Present
A012068,S03640,C038,2025-02-22,10,5,Low Attendance
A012069,S10171,C026,2025-06-11,10,0,Low Attendance
A012070,S15122,C048,2025-02-05,25,11,Low Attendance
A012071,S11631,C001,2025-07-26,10,7,Low Attendance
A012072,S10166,C048,2025-01-15,30,12,Low Attendance
A012073,S05078,C042,2025-03-26,30,8,Low Attendance
A012074,S07858,C018,2025-12-31,20,6,Low Attendance
A012075,S10654,C026,2025-03-13,15,6,Low Attendance
A012076,S16202,C021,2025-08-31,15,10,Low Attendance
A012077,S14214,C044,2025-10-22,30,8,Low Attendance
A012078,S08273,C037,2025-11-18,30,1,Low Attendance
A012079,S17897,C014,2025-03-27,30,30,Present
A012080,S19387,C019,2025-07-02,10,3,Low Attendance
A012081,S14044,C011,2025-11-29,25,21,Present
A012082,S13312,C023,2025-12-03,10,0,Low Attendance
A012083,S09892,C033,2025-10-28,20,14,Low Attendance
A012084,S11594,C050,2025-08-24,10,9,Present
A012085,S15807,C032,2025-07-06,25,2,Low Attendance
A012086,S07938,C036,2025-07-11,10,5,Low Attendance
A012087,S15446,C033,2025-01-04,15,7,Low Attendance
A012088,S15026,C032,2025-08-21,20,7,Low Attendance
A012089,S04534,C024,2025-11-08,10,10,Present
A012090,S01914,C025,2025-01-02,10,6,Low Attendance
A012091,S11111,C011,2025-11-12,25,25,Present
A012092,S15792,C018,2025-11-22,20,6,Low Attendance
A012093,S06923,C012,2025-08-25,10,10,Present
A012094,S04284,C044,2025-03-24,20,0,Low Attendance
A012095,S16966,C009,2025-04-02,20,7,Low Attendance
A012096,S11048,C028,2025-04-08,10,7,Low Attendance
A012097,S01352,C045,2025-06-20,30,18,Low Attendance
A012098,S05996,C004,2025-04-09,10,9,Present
A012099,S10804,C026,2025-08-22,10,4,Low Attendance
A012100,S07421,C016,2025-01-11,15,10,Low Attendance
A012101,S02885,C013,2025-12-24,10,5,Low Attendance
A012102,S14845,C036,2025-02-08,10,3,Low Attendance
A012103,S07022,C009,2025-12-30,25,0,Low Attendance
A012104,S11675,C008,2025-11-14,15,5,Low Attendance
A012105,S04634,C037,2025-06-27,10,5,Low Attendance
A012106,S00550,C009,2025-11-21,25,8,Low Attendance
A012107,S11479,C027,2025-08-19,25,12,Low Attendance
A012108,S00245,C019,2025-11-30,30,19,Low Attendance
A012109,S12338,C046,2025-01-03,15,15,Present
A012110,S05961,C034,2025-09-07,15,9,Low Attendance
A012111,S06271,C011,2025-05-10,20,16,Present
A012112,S13857,C033,2025-01-13,30,8,Low Attendance
A012113,S12613,C034,2025-02-26,15,2,Low Attendance
A012114,S10241,C036,2025-09-10,30,9,Low Attendance
A012115,S18500,C031,2025-11-07,15,10,Low Attendance
A012116,S07368,C010,2025-03-15,30,20,Low Attendance
A012117,S11899,C027,2025-07-03,20,16,Present
A012118,S09193,C040,2025-02-28,20,4,Low Attendance
A012119,S17920,C027,2025-03-20,30,11,Low Attendance
A012120,S03560,C049,2025-04-22,30,11,Low Attendance
A012121,S17584,C046,2025-12-19,10,8,Present
A012122,S10179,C033,2025-04-24,20,9,Low Attendance
A012123,S14111,C021,2025-11-26,25,22,Present
A012124,S19082,C019,2025-09-22,20,7,Low Attendance
A012125,S02129,C002,2025-09-09,30,26,Present
A012126,S00739,C024,2025-04-24,15,14,Present
A012127,S06895,C020,2025-10-23,15,0,Low Attendance
A012128,S05043,C032,2025-05-31,20,8,Low Attendance
A012129,S10769,C048,2025-10-04,20,1,Low Attendance
A012130,S01176,C017,2025-07-10,25,18,Low Attendance
A012131,S01183,C015,2025-10-30,20,9,Low Attendance
A012132,S00604,C032,2025-01-05,15,15,Present
A012133,S12517,C027,2025-01-18,15,11,Low Attendance
A012134,S07626,C046,2025-11-20,25,4,Low Attendance
A012135,S13636,C024,2025-04-09,10,4,Low Attendance
A012136,S12885,C011,2025-09-29,30,4,Low Attendance
A012137,S06013,C021,2025-02-28,10,3,Low Attendance
A012138,S01927,C035,2025-04-09,25,14,Low Attendance
A012139,S18126,C023,2025-04-08,30,9,Low Attendance
A012140,S18105,C002,2025-09-18,30,18,Low Attendance
A012141,S08731,C044,2025-08-08,25,13,Low Attendance
A012142,S02076,C017,2025-06-07,20,17,Present
A012143,S02684,C014,2025-12-24,10,6,Low Attendance
A012144,S11204,C011,2025-11-01,30,26,Present
A012145,S02938,C027,2025-06-19,20,1,Low Attendance
A012146,S02029,C010,2025-09-13,25,13,Low Attendance
A012147,S10312,C045,2025-06-17,25,2,Low Attendance
A012148,S05454,C036,2025-11-07,25,5,Low Attendance
A012149,S13026,C044,2025-12-27,25,16,Low Attendance
A012150,S17067,C030,2025-09-06,20,7,Low Attendance
A012151,S07871,C010,2025-06-11,25,13,Low Attendance
A012152,S14363,C048,2025-03-09,10,4,Low Attendance
A012153,S16410,C037,2025-04-17,20,13,Low Attendance
A012154,S08318,C048,2025-04-29,25,0,Low Attendance
A012155,S15719,C031,2025-12-14,30,10,Low Attendance
A012156,S03646,C005,2025-09-18,10,5,Low Attendance
A012157,S06242,C021,2025-01-08,15,3,Low Attendance
A012158,S00269,C017,2025-02-20,25,21,Present
A012159,S12201,C043,2025-08-03,20,3,Low Attendance
A012160,S05249,C041,2025-09-02,25,6,Low Attendance
A012161,S13496,C006,2025-06-28,15,12,Present
A012162,S15677,C021,2025-05-04,10,8,Present
A012163,S03151,C050,2025-02-06,15,1,Low Attendance
A012164,S09902,C049,2025-06-11,15,9,Low Attendance
A012165,S15936,C005,2025-02-28,10,10,Present
A012166,S18469,C014,2025-10-06,20,5,Low Attendance
A012167,S03044,C026,2025-11-18,25,4,Low Attendance
A012168,S01848,C027,2025-11-05,15,15,Present
A012169,S07063,C033,2025-06-03,20,17,Present
A012170,S07822,C032,2025-06-11,10,6,Low Attendance
A012171,S07987,C048,2025-03-12,20,1,Low Attendance
A012172,S12596,C001,2025-08-06,10,7,Low Attendance
A012173,S16374,C019,2025-09-02,25,10,Low Attendance
A012174,S00839,C019,2025-06-21,25,2,Low Attendance
A012175,S17548,C001,2025-06-27,15,14,Present
A012176,S13187,C032,2025-07-21,15,1,Low Attendance
A012177,S05255,C029,2025-11-03,15,2,Low Attendance
A012178,S18713,C039,2025-10-21,10,6,Low Attendance
A012179,S09172,C024,2025-01-29,20,11,Low Attendance
A012180,S06543,C008,2025-06-01,25,2,Low Attendance
A012181,S00855,C004,2025-12-06,10,4,Low Attendance
A012182,S09026,C025,2025-05-29,15,13,Present
A012183,S13720,C030,2025-10-09,30,4,Low Attendance
A012184,S14153,C011,2025-12-29,10,1,Low Attendance
A012185,S09785,C041,2025-01-09,25,22,Present
A012186,S16460,C026,2025-05-06,15,4,Low Attendance
A012187,S05468,C013,2025-10-17,10,0,Low Attendance
A012188,S18885,C010,2025-03-01,20,13,Low Attendance
A012189,S06148,C006,2025-11-15,30,10,Low Attendance
A012190,S10695,C032,2025-08-02,25,14,Low Attendance
A012191,S17848,C001,2025-09-17,25,0,Low Attendance
A012192,S13352,C040,2025-06-25,10,3,Low Attendance
A012193,S14024,C004,2025-04-02,10,0,Low Attendance
A012194,S05132,C025,2025-01-10,10,3,Low Attendance
A012195,S08041,C025,2025-03-11,20,9,Low Attendance
A012196,S06757,C031,2025-03-08,15,9,Low Attendance
A012197,S02819,C039,2025-08-17,30,20,Low Attendance
A012198,S17747,C042,2025-01-15,30,28,Present
A012199,S01455,C050,2025-02-03,30,17,Low Attendance
A012200,S16030,C029,2025-09-09,15,1,Low Attendance
A012201,S00685,C039,2025-10-27,25,8,Low Attendance
A012202,S14587,C028,2025-08-19,10,8,Present
A012203,S08596,C017,2025-12-13,25,18,Low Attendance
A012204,S16917,C010,2025-03-12,20,14,Low Attendance
A012205,S06729,C038,2025-07-15,20,18,Present
A012206,S01730,C001,2025-10-31,20,5,Low Attendance
A012207,S13983,C019,2025-09-24,25,23,Present
A012208,S11073,C012,2025-10-25,25,4,Low Attendance
A012209,S19727,C009,2025-09-20,30,18,Low Attendance
A012210,S10673,C026,2025-05-16,15,15,Present
A012211,S15842,C021,2025-10-26,30,27,Present
A012212,S00265,C004,2025-04-04,25,7,Low Attendance
A012213,S15888,C001,2025-06-11,20,11,Low Attendance
A012214,S06900,C042,2025-02-13,25,9,Low Attendance
A012215,S08515,C049,2025-12-26,30,15,Low Attendance
A012216,S02889,C029,2025-12-05,30,10,Low Attendance
A012217,S01438,C002,2025-04-09,25,13,Low Attendance
A012218,S08381,C019,2025-07-30,10,6,Low Attendance
A012219,S08089,C045,2025-10-28,20,2,Low Attendance
A012220,S05293,C030,2025-02-07,10,2,Low Attendance
A012221,S02105,C046,2025-11-11,25,23,Present
A012222,S13837,C046,2025-08-29,15,5,Low Attendance
A012223,S11293,C047,2025-12-20,15,1,Low Attendance
A012224,S16735,C026,2025-01-17,15,12,Present
A012225,S04131,C049,2025-11-01,30,0,Low Attendance
A012226,S12610,C021,2025-07-27,30,3,Low Attendance
A012227,S04201,C035,2025-07-11,30,19,Low Attendance
A012228,S01193,C001,2025-08-17,30,28,Present
A012229,S06844,C037,2025-06-11,20,19,Present
A012230,S15176,C023,2025-04-11,25,13,Low Attendance
A012231,S06284,C024,2025-11-24,15,4,Low Attendance
A012232,S11685,C041,2025-10-11,20,12,Low Attendance
A012233,S02159,C036,2025-08-10,25,5,Low Attendance
A012234,S11303,C045,2025-03-05,15,12,Present
A012235,S05690,C047,2025-12-27,10,7,Low Attendance
A012236,S02232,C045,2025-10-12,10,6,Low Attendance
A012237,S05373,C010,2025-12-26,10,3,Low Attendance
A012238,S19079,C050,2025-12-09,30,16,Low Attendance
A012239,S07223,C048,2025-12-04,15,15,Present
A012240,S17224,C015,2025-10-11,10,6,Low Attendance
A012241,S13067,C026,2025-10-18,25,5,Low Attendance
A012242,S15556,C042,2025-11-02,30,12,Low Attendance
A012243,S01542,C025,2025-07-09,25,12,Low Attendance
A012244,S10570,C034,2025-12-20,25,21,Present
A012245,S13583,C050,2025-10-09,20,7,Low Attendance
A012246,S06209,C042,2025-10-31,10,5,Low Attendance
A012247,S07392,C002,2025-02-05,20,13,Low Attendance
A012248,S17771,C042,2025-02-27,25,12,Low Attendance
A012249,S10466,C023,2025-06-15,20,18,Present
A012250,S13280,C046,2025-03-07,20,5,Low Attendance
A012251,S18923,C020,2025-09-11,10,2,Low Attendance
A012252,S18218,C016,2025-04-29,20,1,Low Attendance
A012253,S05560,C015,2025-07-13,20,2,Low Attendance
A012254,S04172,C036,2025-03-13,15,5,Low Attendance
A012255,S02500,C032,2025-09-05,30,7,Low Attendance
A012256,S02181,C044,2025-06-08,15,12,Present
A012257,S05903,C050,2025-05-15,20,3,Low Attendance
A012258,S18194,C009,2025-12-16,15,0,Low Attendance
A012259,S04852,C023,2025-09-16,25,1,Low Attendance
A012260,S19563,C018,2025-09-07,10,2,Low Attendance
A012261,S01310,C045,2025-11-28,25,10,Low Attendance
A012262,S17837,C034,2025-07-23,20,11,Low Attendance
A012263,S05898,C022,2025-06-19,20,16,Present
A012264,S12607,C043,2025-05-22,15,9,Low Attendance
A012265,S15871,C049,2025-10-16,15,3,Low Attendance
A012266,S11205,C039,2025-06-06,15,3,Low Attendance
A012267,S15080,C027,2025-08-12,10,1,Low Attendance
A012268,S15856,C027,2025-06-21,25,22,Present
A012269,S10920,C008,2025-07-28,30,29,Present
A012270,S08938,C028,2025-08-03,10,0,Low Attendance
A012271,S03466,C024,2025-07-23,15,2,Low Attendance
A012272,S06412,C013,2025-02-16,20,9,Low Attendance
A012273,S09073,C029,2025-12-01,10,3,Low Attendance
A012274,S07873,C031,2025-05-16,10,7,Low Attendance
A012275,S04101,C042,2025-04-21,30,16,Low Attendance
A012276,S01328,C003,2025-03-06,10,4,Low Attendance
A012277,S18941,C028,2025-11-13,20,4,Low Attendance
A012278,S16807,C049,2025-09-29,20,18,Present
A012279,S02783,C002,2025-09-22,10,0,Low Attendance
A012280,S10595,C022,2025-01-06,25,15,Low Attendance
A012281,S17949,C028,2025-06-06,25,13,Low Attendance
A012282,S15335,C045,2025-08-11,30,25,
A012283,S15073,C038,2025-03-19,20,17,Present
A012284,S10657,C036,2025-08-20,15,6,Low Attendance
A012285,S10861,C040,2025-03-21,10,7,Low Attendance
A012286,S14552,C032,2025-10-21,25,19,Present
A012287,S09721,C026,2025-05-22,20,9,Low Attendance
A012288,S08479,C039,2025-01-05,10,0,Low Attendance
A012289,S02100,C020,2025-09-23,20,14,Low Attendance
A012290,S12105,C027,2025-04-22,10,4,Low Attendance
A012291,S09103,C028,2025-08-12,30,20,Low Attendance
A012292,S00788,C006,2025-06-10,10,9,Present
A012293,S11882,C029,2025-12-30,30,24,Present
A012294,S05595,C035,2025-03-09,15,3,Low Attendance
A012295,S07428,C013,2025-05-27,10,6,Low Attendance
A012296,S10624,C006,2025-08-09,20,9,Low Attendance
A012297,S05388,C038,2025-02-05,25,23,Present
A012298,S19099,C013,2025-12-25,10,10,Present
A012299,S04020,C036,2025-11-19,30,14,Low Attendance
A012300,S10461,C035,2025-10-07,30,7,Low Attendance
A012301,S07175,C041,2025-12-03,20,15,Present
A012302,S16972,C007,2025-10-31,20,11,Low Attendance
A012303,S00382,C047,2025-12-30,25,16,Low Attendance
A012304,S04963,C036,2025-04-14,10,4,Low Attendance
A012305,S06201,C013,2025-12-13,15,1,Low Attendance
A012306,S18170,C021,2025-08-10,20,6,Low Attendance
A012307,S10612,C019,2025-02-19,15,9,Low Attendance
A012308,S07957,C033,2025-07-21,20,14,Low Attendance
A012309,S13753,C022,2025-07-05,20,12,Low Attendance
A012310,S05798,C024,2025-04-16,10,1,Low Attendance
A012311,S17453,C016,2025-08-02,20,17,Present
A012312,S02889,C018,2025-05-03,20,5,Low Attendance
A012313,S04209,C033,2025-08-26,20,15,Present
A012314,S16436,C038,2025-10-24,15,8,Low Attendance
A012315,S02267,C026,2025-11-30,20,15,Present
A012316,S07658,C034,2025-06-22,20,18,Present
A012317,S09214,C048,2025-05-11,10,5,Low Attendance
A012318,S01453,C022,2025-12-18,20,11,Low Attendance
A012319,S09395,C020,2025-11-05,15,13,Present
A012320,S18743,C045,2025-12-12,25,22,Present
A012321,S04474,C021,2025-08-04,15,9,Low Attendance
A012322,S15983,C031,2025-12-29,20,13,Low Attendance
A012323,S19328,C035,2025-12-25,10,10,Present
A012324,S12697,C016,2025-10-29,20,19,Present
A012325,S07858,C034,2025-01-16,15,7,Low Attendance
A012326,S02808,C045,2025-12-23,25,12,Low Attendance
A012327,S15970,C022,2025-01-10,25,14,Low Attendance
A012328,S15704,C018,2025-03-31,15,5,Low Attendance
A012329,S03887,C018,2025-02-16,10,0,Low Attendance
A012330,S08166,C022,2025-05-29,20,3,Low Attendance
A012331,S13674,C034,2025-07-17,25,17,Low Attendance
A012332,S04474,C018,2025-05-16,20,4,Low Attendance
A012333,S08878,C031,2025-04-13,15,1,Low Attendance
A012334,S08957,C014,2025-04-25,30,8,Low Attendance
A012335,S06302,C001,2025-12-03,25,19,Present
A012336,S19518,C004,2025-05-24,15,9,Low Attendance
A012337,S00563,C014,2025-11-01,15,13,Present
A012338,S01394,C025,2025-03-07,15,7,Low Attendance
A012339,S00965,C002,2025-10-02,15,1,Low Attendance
A012340,S01014,C006,2025-07-14,25,15,Low Attendance
A012341,S15684,C037,2025-11-28,20,18,Present
A012342,S17676,C049,2025-11-02,20,17,Present
A012343,S18592,C017,2025-12-28,30,4,Low Attendance
A012344,S10373,C024,2025-05-06,20,0,Low Attendance
A012345,S12921,C030,2025-12-09,25,15,Low Attendance
A012346,S07166,C045,2025-10-03,10,6,Low Attendance
A012347,S04511,C011,2025-07-14,25,16,Low Attendance
A012348,S02713,C034,2025-05-20,20,13,Low Attendance
A012349,S02290,C043,2025-02-17,25,13,Low Attendance
A012350,S17525,C004,2025-02-22,10,7,Low Attendance
A012351,S12914,C041,2025-03-17,25,4,Low Attendance
A012352,S13882,C045,2025-12-21,20,10,Low Attendance
A012353,S10499,C023,2025-02-17,10,5,Low Attendance
A012354,S05913,C041,2025-03-19,15,5,Low Attendance
A012355,S00294,C021,2025-04-02,25,22,Present
A012356,S11952,C033,2025-11-16,20,20,Present
A012357,S01169,C017,2025-10-25,10,2,Low Attendance
A012358,S14392,C039,2025-05-19,30,25,Present
A012359,S14655,C050,2025-04-18,25,9,Low Attendance
A012360,S16042,C017,2025-03-19,10,10,Present
A012361,S09171,C016,2025-06-28,30,23,Present
A012362,S16813,C039,2025-04-08,25,7,Low Attendance
A012363,S02076,C045,2025-12-11,30,5,Low Attendance
A012364,S13047,C012,2025-05-25,20,0,Low Attendance
A012365,S01909,C017,2025-09-09,10,0,Low Attendance
A012366,S02148,C034,2025-03-27,20,8,Low Attendance
A012367,S17354,C003,2025-05-26,25,25,Present
A012368,S05532,C016,2025-10-19,15,3,Low Attendance
A012369,S09075,C029,2025-09-14,25,17,Low Attendance
A012370,S10029,C031,2025-05-17,15,9,Low Attendance
A012371,S18133,C017,2025-12-11,10,1,Low Attendance
A012372,S07452,C004,2025-09-08,30,21,Low Attendance
A012373,S05089,C019,2025-04-06,30,23,Present
A012374,S03774,C005,2025-03-02,10,8,Present
A012375,S06055,C016,2025-02-19,10,0,Low Attendance
A012376,S10391,C029,2025-10-31,15,9,Low Attendance
A012377,S07136,C042,2025-03-03,15,7,Low Attendance
A012378,S08295,C037,2025-02-01,25,14,Low Attendance
A012379,S14209,C037,2025-01-15,20,5,Low Attendance
A012380,S05559,C009,2025-10-02,10,6,Low Attendance
A012381,S15416,C049,2025-10-21,20,8,Low Attendance
A012382,S14484,C012,2025-11-02,30,2,Low Attendance
A012383,S19682,C048,2025-10-20,20,11,Low Attendance
A012384,S00922,C012,2025-03-19,25,19,Present
A012385,S02094,C028,2025-06-13,20,5,Low Attendance
A012386,S00206,C040,2025-10-12,10,6,Low Attendance
A012387,S03603,C038,2025-12-30,30,17,Low Attendance
A012388,S14884,C005,2025-03-24,15,6,Low Attendance
A012389,S00306,C025,2025-03-09,25,13,Low Attendance
A012390,S18958,C032,2025-03-06,10,6,Low Attendance
A012391,S17190,C038,2025-07-28,20,12,Low Attendance
A012392,S19966,C026,2025-06-25,15,13,Present
A012393,S06575,C025,2025-07-24,15,0,Low Attendance
A012394,S07524,C044,2025-05-31,20,8,Low Attendance
A012395,S00197,C022,2025-12-31,20,8,Low Attendance
A012396,S16034,C030,2025-06-03,10,5,Low Attendance
A012397,S01073,C048,2025-08-05,10,6,Low Attendance
A012398,S03445,C024,2025-03-02,15,7,Low Attendance
A012399,S05557,C016,2025-10-02,15,15,Present
A012400,S14891,C042,2025-12-04,10,0,Low Attendance
A012401,S14252,C010,2025-06-11,25,17,Low Attendance
A012402,S10864,C009,2025-12-04,30,12,Low Attendance
A012403,S14695,C044,2025-05-23,20,1,Low Attendance
A012404,S17885,C024,2025-06-15,20,15,Present
A012405,S10640,C048,2025-10-04,10,6,Low Attendance
A012406,S04328,C037,2025-10-26,25,22,Present
A012407,S02658,C048,2025-08-28,25,8,Low Attendance
A012408,S19904,C047,2025-11-05,25,16,Low Attendance
A012409,S02004,C010,2025-07-07,15,11,Low Attendance
A012410,S08868,C033,2025-09-07,30,29,Present
A012411,S11608,C015,2025-12-15,30,27,Present
A012412,S15655,C018,2025-11-06,30,18,Low Attendance
A012413,S10861,C029,2025-12-24,20,7,Low Attendance
A012414,S19955,C012,2025-05-13,25,9,Low Attendance
A012415,S06820,C025,2025-01-14,10,4,Low Attendance
A012416,S03593,C035,2025-10-06,20,19,Present
A012417,S14777,C028,2025-11-16,25,17,Low Attendance
A012418,S10244,C006,2025-09-18,25,4,Low Attendance
A012419,S01400,C006,2025-02-13,20,10,Low Attendance
A012420,S19473,C007,2025-09-12,10,3,Low Attendance
A012421,S11168,C033,2025-10-20,15,11,Low Attendance
A012422,S19877,C035,2025-04-07,15,10,Low Attendance
A012423,S05668,C016,2025-10-13,30,28,Present
A012424,S03102,C035,2025-02-28,20,8,Low Attendance
A012425,S00763,C028,2025-01-03,30,9,Low Attendance
A012426,S00882,C025,2025-11-19,25,12,Low Attendance
A012427,S05284,C042,2025-06-05,25,5,Low Attendance
A012428,S01063,C023,2025-05-18,15,14,Present
A012429,S19470,C007,2025-12-21,20,0,Low Attendance
A012430,S15303,C001,2025-01-31,20,3,Low Attendance
A012431,S05834,C002,2025-07-18,25,20,Present
A012432,S02814,C016,2025-06-14,30,20,Low Attendance
A012433,S08763,C043,2025-10-15,20,14,Low Attendance
A012434,S01132,C023,2025-08-26,20,4,Low Attendance
A012435,S15216,C016,2025-08-25,20,10,Low Attendance
A012436,S06700,C018,2025-06-19,30,21,Low Attendance
A012437,S01154,C034,2025-08-06,15,8,Low Attendance
A012438,S03646,C043,2025-04-30,20,11,Low Attendance
A012439,S07566,C001,2025-04-29,20,7,Low Attendance
A012440,S15167,C044,2025-01-09,25,23,Present
A012441,S19031,C010,2025-01-22,30,23,Present
A012442,S09970,C026,2025-09-09,10,2,Low Attendance
A012443,S16956,C029,2025-02-02,10,4,Low Attendance
A012444,S05730,C012,2025-01-07,15,1,Low Attendance
A012445,S10463,C033,2025-04-24,10,7,Low Attendance
A012446,S15918,C050,2025-10-04,30,30,Present
A012447,S05603,C030,2025-08-11,20,4,Low Attendance
A012448,S19529,C048,2025-10-24,10,0,Low Attendance
A012449,S10898,C025,2025-08-24,10,6,Low Attendance
A012450,S15877,C043,2025-03-12,20,18,Present
A012451,S05754,C003,2025-04-06,10,6,Low Attendance
A012452,S02980,C037,2025-09-30,10,1,Low Attendance
A012453,S06539,C002,2025-08-25,30,22,Low Attendance
A012454,S01699,C038,2025-10-08,30,12,Low Attendance
A012455,S09084,C044,2025-10-25,20,7,Low Attendance
A012456,S10656,C024,2025-07-26,10,10,Present
A012457,S13717,C017,2025-09-02,20,10,Low Attendance
A012458,S08490,C049,2025-11-14,30,9,Low Attendance
A012459,S02804,C049,2025-08-27,20,2,Low Attendance
A012460,S05106,C028,2025-04-03,20,7,Low Attendance
A012461,S06951,C010,2025-08-26,15,2,Low Attendance
A012462,S09460,C022,2025-05-22,15,8,Low Attendance
A012463,S07539,C040,2025-12-23,25,5,Low Attendance
A012464,S06597,C015,2025-06-09,30,21,Low Attendance
A012465,S01559,C016,2025-10-16,10,6,Low Attendance
A012466,S04643,C035,2025-04-18,30,2,Low Attendance
A012467,S06164,C032,2025-07-25,30,4,Low Attendance
A012468,S12582,C013,2025-04-12,30,28,Present
A012469,S19974,C036,2025-09-14,20,20,Present
A012470,S16119,C014,2025-02-18,20,19,Present
A012471,S00393,C031,2025-05-10,10,2,Low Attendance
A012472,S10181,C003,2025-11-28,30,10,Low Attendance
A012473,S05375,C038,2025-03-05,20,16,Present
A012474,S01917,C025,2025-01-31,20,6,Low Attendance
A012475,S19958,C002,2025-09-19,25,16,Low Attendance
A012476,S00798,C010,2025-09-13,15,12,Present
A012477,S02461,C013,2025-09-25,30,30,Present
A012478,S09106,C048,2025-06-23,15,5,Low Attendance
A012479,S09318,C003,2025-11-14,15,1,Low Attendance
A012480,S15731,C038,2025-03-04,15,12,Present
A012481,S14278,C002,2025-01-15,30,15,Low Attendance
A012482,S05968,C006,2025-06-25,10,8,Present
A012483,S06060,C045,2025-02-07,10,9,Present
A012484,S02056,C015,2025-11-05,10,8,
A012485,S02635,C049,2025-03-18,10,4,Low Attendance
A012486,S17462,C015,2025-12-16,30,10,Low Attendance
A012487,S12374,C007,2025-08-17,15,9,Low Attendance
A012488,S17348,C049,2025-10-25,10,0,Low Attendance
A012489,S14566,C018,2025-07-19,30,24,Present
A012490,S10717,C022,2025-06-04,10,9,Present
A012491,S11759,C030,2025-11-16,25,22,Present
A012492,S19250,C025,2025-11-18,25,2,Low Attendance
A012493,S18529,C004,2025-03-01,15,0,Low Attendance
A012494,S03764,C006,2025-12-16,20,1,Low Attendance
A012495,S02769,C050,2025-06-16,30,26,Present
A012496,S09383,C037,2025-05-16,20,18,Present
A012497,S14609,C036,2025-12-05,10,3,Low Attendance
A012498,S03344,C016,2025-05-14,20,9,Low Attendance
A012499,S03081,C041,2025-11-07,15,2,Low Attendance
A012500,S00768,C040,2025-03-16,10,5,Low Attendance
A012501,S14941,C016,2025-08-04,25,7,Low Attendance
A012502,S16489,C016,2025-07-17,30,2,Low Attendance
A012503,S04222,C006,2025-11-05,10,6,Low Attendance
A012504,S11821,C026,2025-08-10,25,20,Present
A012505,S10099,C022,2025-05-08,30,0,Low Attendance
A012506,S18741,C033,2025-08-18,20,0,Low Attendance
A012507,S05428,C020,2025-04-11,30,3,Low Attendance
A012508,S15514,C004,2025-04-03,25,9,Low Attendance
A012509,S10243,C004,2025-10-19,10,5,Low Attendance
A012510,S06583,C046,2025-12-17,10,2,Low Attendance
A012511,S02041,C040,2025-07-25,15,10,Low Attendance
A012512,S01680,C001,2025-06-20,25,11,Low Attendance
A012513,S18692,C041,2025-07-02,15,4,Low Attendance
A012514,S07204,C030,2025-03-11,25,19,Present
A012515,S00700,C025,2025-10-30,25,0,Low Attendance
A012516,S07559,C012,2025-04-06,25,14,Low Attendance
A012517,S18846,C027,2025-06-04,20,19,Present
A012518,S06919,C048,2025-10-24,30,16,Low Attendance
A012519,S07113,C045,2025-12-30,20,16,Present
A012520,S00076,C003,2025-02-12,25,8,Low Attendance
A012521,S14245,C002,2025-10-08,20,0,Low Attendance
A012522,S12277,C044,2025-07-15,15,2,Low Attendance
A012523,S19465,C046,2025-08-26,15,1,Low Attendance
A012524,S06189,C003,2025-05-16,25,23,Present
A012525,S06287,C023,2025-02-12,10,8,Present
A012526,S17448,C030,2025-10-16,10,6,Low Attendance
A012527,S12469,C025,2025-04-03,20,18,Present
A012528,S03975,C042,2025-08-09,20,18,Present
A012529,S19672,C050,2025-09-21,20,8,Low Attendance
A012530,S09571,C046,2025-07-02,20,12,Low Attendance
A012531,S04052,C045,2025-08-07,30,26,Present
A012532,S17303,C050,2025-07-13,15,11,Low Attendance
A012533,S09389,C048,2025-05-28,10,2,Low Attendance
A012534,S13017,C007,2025-06-16,15,11,Low Attendance
A012535,S11769,C049,2025-06-27,10,8,Present
A012536,S14612,C016,2025-10-30,30,15,Low Attendance
A012537,S16604,C014,2025-08-13,15,1,Low Attendance
A012538,S18440,C024,2025-03-24,30,20,Low Attendance
A012539,S10820,C012,2025-12-15,10,6,Low Attendance
A012540,S05088,C024,2025-12-31,20,7,Low Attendance
A012541,S17286,C039,2025-09-09,20,19,Present
A012542,S15432,C039,2025-03-17,10,5,Low Attendance
A012543,S04271,C041,2025-06-24,25,19,Present
A012544,S15861,C019,2025-12-27,25,1,Low Attendance
A012545,S11198,C020,2025-01-11,30,17,Low Attendance
A012546,S17269,C024,2025-09-12,25,9,Low Attendance
A012547,S07286,C005,2025-12-28,25,4,Low Attendance
A012548,S12683,C021,2025-09-16,10,10,Present
A012549,S03232,C034,2025-10-18,15,2,Low Attendance
A012550,S00163,C029,2025-11-02,20,1,Low Attendance
A012551,S00229,C033,2025-05-11,30,16,Low Attendance
A012552,S09949,C025,2025-11-03,10,6,Low Attendance
A012553,S03793,C017,2025-03-17,30,9,Low Attendance
A012554,S17930,C023,2025-05-22,15,15,Present
A012555,S14314,C032,2025-05-20,25,1,Low Attendance
A012556,S14942,C010,2025-02-25,25,21,Present
A012557,S11848,C029,2025-08-21,30,2,Low Attendance
A012558,S17521,C022,2025-08-15,20,13,Low Attendance
A012559,S04019,C029,2025-08-06,20,20,Present
A012560,S02458,C049,2025-03-11,10,1,Low Attendance
A012561,S00917,C030,2025-04-25,25,23,Present
A012562,S03573,C031,2025-07-30,15,0,Low Attendance
A012563,S00837,C023,2025-11-04,30,21,Low Attendance
A012564,S09887,C010,2025-06-24,30,0,Low Attendance
A012565,S13743,C036,2025-01-28,20,3,Low Attendance
A012566,S03433,C040,2025-11-03,25,2,Low Attendance
A012567,S19947,C009,2025-12-15,10,5,Low Attendance
A012568,S18283,C025,2025-12-07,30,12,Low Attendance
A012569,S18231,C033,2025-06-06,30,29,Present
A012570,S08568,C035,2025-02-27,20,15,Present
A012571,S05241,C021,2025-07-10,15,3,Low Attendance
A012572,S07657,C003,2025-07-02,30,21,Low Attendance
A012573,S18736,C036,2025-12-08,15,8,Low Attendance
A012574,S05247,C030,2025-08-14,20,3,Low Attendance
A012575,S00480,C011,2025-01-08,25,12,Low Attendance
A012576,S02075,C015,2025-10-25,15,1,Low Attendance
A012577,S02408,C036,2025-08-03,10,5,Low Attendance
A012578,S15461,C050,2025-09-24,25,17,Low Attendance
A012579,S17226,C026,2025-02-26,15,9,Low Attendance
A012580,S00453,C033,2025-07-25,30,17,Low Attendance
A012581,S16125,C009,2025-07-11,30,28,Present
A012582,S08779,C035,2025-01-04,20,7,Low Attendance
A012583,S07335,C041,2025-02-28,25,10,Low Attendance
A012584,S06585,C049,2025-02-12,25,2,Low Attendance
A012585,S09763,C014,2025-06-20,25,14,Low Attendance
A012586,S05182,C040,2025-08-19,25,21,Present
A012587,S01685,C024,2025-12-18,30,24,Present
A012588,S18174,C011,2025-04-02,10,3,Low Attendance
A012589,S00842,C021,2025-09-20,10,0,Low Attendance
A012590,S14837,C010,2025-03-29,10,8,Present
A012591,S08055,C015,2025-11-25,25,10,Low Attendance
A012592,S16035,C018,2025-07-07,15,13,Present
A012593,S02418,C021,2025-02-11,20,1,Low Attendance
A012594,S17116,C017,2025-08-21,20,14,Low Attendance
A012595,S06061,C014,2025-10-11,10,1,Low Attendance
A012596,S10088,C011,2025-08-15,20,5,Low Attendance
A012597,S05534,C031,2025-05-21,25,22,Present
A012598,S08519,C050,2025-03-14,10,3,Low Attendance
A012599,S07895,C046,2025-11-25,25,23,Present
A012600,S01060,C038,2025-01-11,10,8,Present
A012601,S10745,C049,2025-10-05,25,8,Low Attendance
A012602,S19050,C029,2025-06-09,20,12,Low Attendance
A012603,S13443,C022,2025-12-05,15,11,Low Attendance
A012604,S19346,C026,2025-06-21,20,16,Present
A012605,S03980,C032,2025-10-08,10,3,Low Attendance
A012606,S12473,C014,2025-07-19,25,19,Present
A012607,S17021,C020,2025-01-02,20,10,Low Attendance
A012608,S01817,C011,2025-12-27,30,23,Present
A012609,S14535,C008,2025-12-14,15,3,Low Attendance
A012610,S01499,C010,2025-12-21,30,23,Present
A012611,S03100,C034,2025-12-11,15,15,Present
A012612,S17210,C009,2025-08-31,15,14,Present
A012613,S14116,C035,2025-06-11,30,19,Low Attendance
A012614,S07913,C045,2025-06-28,25,9,Low Attendance
A012615,S16051,C011,2025-05-28,20,11,Low Attendance
A012616,S19745,C048,2025-04-07,10,8,Present
A012617,S03882,C038,2025-06-21,15,13,Present
A012618,S11636,C029,2025-08-26,10,3,Low Attendance
A012619,S18343,C041,2025-03-17,20,6,Low Attendance
A012620,S15030,C001,2025-02-28,10,8,Present
A012621,S15667,C011,2025-07-22,10,8,Present
A012622,S17640,C003,2025-10-14,30,2,Low Attendance
A012623,S16023,C031,2025-06-28,20,1,Low Attendance
A012624,S06511,C023,2025-11-01,30,13,Low Attendance
A012625,S16364,C007,2025-04-12,15,15,Present
A012626,S10806,C030,2025-09-01,30,1,Low Attendance
A012627,S14590,C021,2025-12-12,10,9,Present
A012628,S03959,C008,2025-11-12,25,2,Low Attendance
A012629,S09236,C010,2025-01-01,15,15,Present
A012630,S09014,C003,2025-07-15,15,14,Present
A012631,S04632,C032,2025-09-27,30,1,Low Attendance
A012632,S05535,C033,2025-12-16,10,7,Low Attendance
A012633,S11513,C041,2025-01-29,30,14,Low Attendance
A012634,S16010,C017,2025-11-11,20,16,Present
A012635,S10057,C023,2025-04-26,10,4,Low Attendance
A012636,S13421,C010,2025-07-06,25,0,Low Attendance
A012637,S10805,C001,2025-04-12,25,11,Low Attendance
A012638,S02051,C039,2025-04-26,30,3,Low Attendance
A012639,S04799,C032,2025-08-25,25,14,Low Attendance
A012640,S07745,C044,2025-05-11,10,0,Low Attendance
A012641,S02111,C041,2025-01-18,10,1,Low Attendance
A012642,S00208,C002,2025-09-26,30,30,Present
A012643,S18622,C014,2025-10-08,15,5,Low Attendance
A012644,S15956,C018,2025-04-27,10,10,Present
A012645,S10969,C021,2025-08-24,15,7,Low Attendance
A012646,S18183,C017,2025-05-29,10,2,Low Attendance
A012647,S06589,C008,2025-06-23,25,4,Low Attendance
A012648,S01625,C023,2025-05-11,15,7,Low Attendance
A012649,S13910,C029,2025-04-06,30,22,Low Attendance
A012650,S18242,C028,2025-08-03,20,12,Low Attendance
A012651,S04026,C020,2025-09-04,15,5,Low Attendance
A012652,S02753,C014,2025-04-30,10,3,Low Attendance
A012653,S06229,C032,2025-02-28,20,12,Low Attendance
A012654,S02846,C029,2025-02-14,20,16,Present
A012655,S16162,C020,2025-11-01,30,10,Low Attendance
A012656,S05529,C030,2025-01-01,25,10,Low Attendance
A012657,S03220,C019,2025-12-01,25,15,Low Attendance
A012658,S05167,C009,2025-08-24,15,2,Low Attendance
A012659,S09255,C013,2025-12-02,10,0,Low Attendance
A012660,S12808,C018,2025-07-07,10,7,Low Attendance
A012661,S09863,C041,2025-02-04,20,17,Present
A012662,S01363,C044,2025-03-25,25,18,Low Attendance
A012663,S08812,C019,2025-01-05,10,0,Low Attendance
A012664,S16816,C032,2025-04-03,15,3,Low Attendance
A012665,S16896,C013,2025-01-29,30,6,Low Attendance
A012666,S00643,C050,2025-11-22,30,4,Low Attendance
A012667,S15655,C009,2025-01-01,25,6,Low Attendance
A012668,S00095,C040,2025-04-17,10,0,Low Attendance
A012669,S10060,C024,2025-08-18,10,2,Low Attendance
A012670,S00579,C043,2025-12-04,25,2,Low Attendance
A012671,S18994,C002,2025-04-16,30,5,Low Attendance
A012672,S16215,C016,2025-09-17,10,8,Present
A012673,S04372,C028,2025-03-24,20,2,Low Attendance
A012674,S06427,C009,2025-03-16,30,29,Present
A012675,S14326,C006,2025-07-08,15,4,Low Attendance
A012676,S18044,C014,2025-10-11,30,26,Present
A012677,S01131,C032,2025-08-06,10,5,Low Attendance
A012678,S00079,C041,2025-03-13,10,10,Present
A012679,S04824,C044,2025-01-23,20,7,Low Attendance
A012680,S15638,C046,2025-04-12,15,1,Low Attendance
A012681,S11314,C028,2025-05-08,15,9,Low Attendance
A012682,S15173,C029,2025-09-17,15,3,Low Attendance
A012683,S08012,C027,2025-05-26,30,7,Low Attendance
A012684,S02717,C041,2025-05-20,25,14,Low Attendance
A012685,S10724,C024,2025-04-28,25,16,Low Attendance
A012686,S12294,C050,2025-04-11,10,8,Present
A012687,S11955,C019,2025-07-16,15,5,Low Attendance
A012688,S02955,C043,2025-09-22,30,28,Present
A012689,S09739,C002,2025-12-03,30,8,Low Attendance
A012690,S13447,C036,2025-07-15,10,0,Low Attendance
A012691,S05653,C039,2025-12-04,25,7,Low Attendance
A012692,S06681,C032,2025-09-26,30,17,Low Attendance
A012693,S10491,C045,2025-08-23,10,9,Present
A012694,S03454,C002,2025-01-10,25,22,Present
A012695,S18946,C042,2025-06-19,10,0,Low Attendance
A012696,S15770,C036,2025-07-24,20,18,Present
A012697,S07599,C018,2025-05-06,25,8,Low Attendance
A012698,S12277,C017,2025-01-20,30,30,Present
A012699,S00828,C019,2025-01-17,15,5,Low Attendance
A012700,S02166,C032,2025-06-24,10,6,Low Attendance
A012701,S13700,C020,2025-03-23,15,13,Present
A012702,S00323,C016,2025-11-10,20,7,Low Attendance
A012703,S01800,C013,2025-12-08,15,9,Low Attendance
A012704,S19826,C005,2025-02-18,30,9,Low Attendance
A012705,S11743,C003,2025-06-09,10,2,Low Attendance
A012706,S02477,C019,2025-05-10,15,3,Low Attendance
A012707,S19938,C011,2025-05-16,10,2,Low Attendance
A012708,S12462,C013,2025-04-29,20,2,Low Attendance
A012709,S16231,C031,2025-05-25,25,21,Present
A012710,S08749,C034,2025-09-24,25,0,Low Attendance
A012711,S13544,C016,2025-04-20,30,28,Present
A012712,S13812,C016,2025-12-09,15,4,Low Attendance
A012713,S11708,C017,2025-05-11,20,14,Low Attendance
A012714,S17092,C007,2025-08-17,15,12,Present
A012715,S08841,C024,2025-08-11,20,11,Low Attendance
A012716,S00881,C015,2025-06-07,15,14,Present
A012717,S02079,C040,2025-04-22,25,8,Low Attendance
A012718,S17342,C008,2025-09-25,30,2,Low Attendance
A012719,S00418,C048,2025-09-26,20,15,Present
A012720,S19570,C046,2025-07-01,30,1,Low Attendance
A012721,S09349,C041,2025-11-30,25,0,Low Attendance
A012722,S09573,C030,2025-03-19,25,7,Low Attendance
A012723,S06572,C023,2025-02-25,15,8,Low Attendance
A012724,S19842,C017,2025-07-22,20,16,Present
A012725,S02884,C007,2025-02-11,10,5,Low Attendance
A012726,S10391,C003,2025-06-28,30,8,Low Attendance
A012727,S03701,C039,2025-09-07,20,11,Low Attendance
A012728,S10857,C016,2025-10-07,15,4,Low Attendance
A012729,S02717,C034,2025-05-17,20,12,Low Attendance
A012730,S15355,C040,2025-07-18,10,10,Present
A012731,S08921,C027,2025-03-29,25,10,Low Attendance
A012732,S12712,C025,2025-01-17,25,11,Low Attendance
A012733,S02000,C013,2025-12-11,30,13,Low Attendance
A012734,S06247,C021,2025-04-14,15,2,Low Attendance
A012735,S05388,C043,2025-06-07,15,0,Low Attendance
A012736,S13242,C006,2025-09-09,15,2,Low Attendance
A012737,S08202,C026,2025-01-18,30,5,Low Attendance
A012738,S17323,C011,2025-10-07,15,2,Low Attendance
A012739,S19249,C013,2025-02-06,15,11,Low Attendance
A012740,S10841,C008,2025-02-03,30,21,Low Attendance
A012741,S01219,C009,2025-12-19,30,2,Low Attendance
A012742,S13090,C031,2025-04-15,20,9,Low Attendance
A012743,S03519,C026,2025-02-25,15,8,Low Attendance
A012744,S17257,C031,2025-09-30,10,6,Low Attendance
A012745,S15608,C049,2025-07-17,25,1,Low Attendance
A012746,S16755,C010,2025-09-01,20,8,Low Attendance
A012747,S14163,C004,2025-05-26,10,4,Low Attendance
A012748,S02481,C032,2025-04-08,15,0,Low Attendance
A012749,S01524,C034,2025-03-30,15,9,Low Attendance
A012750,S12987,C016,2025-12-26,10,6,Low Attendance
A012751,S06998,C047,2025-11-03,30,24,Present
A012752,S00410,C031,2025-02-13,30,0,Low Attendance
A012753,S10171,C040,2025-07-23,25,11,Low Attendance
A012754,S14461,C035,2025-05-10,10,1,Low Attendance
A012755,S17384,C016,2025-05-13,25,21,Present
A012756,S17323,C006,2025-10-25,15,8,Low Attendance
A012757,S05411,C043,2025-05-26,15,6,Low Attendance
A012758,S06207,C016,2025-11-27,20,13,Low Attendance
A012759,S09917,C042,2025-03-19,30,19,Low Attendance
A012760,S05874,C018,2025-03-17,10,2,Low Attendance
A012761,S06059,C017,2025-10-12,10,1,Low Attendance
A012762,S06837,C022,2025-07-11,15,8,Low Attendance
A012763,S16132,C046,2025-08-05,30,6,Low Attendance
A012764,S17658,C025,2025-10-10,20,0,Low Attendance
A012765,S15103,C043,2025-11-13,30,24,Present
A012766,S18354,C018,2025-07-20,15,1,Low Attendance
A012767,S08491,C048,2025-01-26,10,6,Low Attendance
A012768,S18261,C046,2025-09-16,15,10,Low Attendance
A012769,S05735,C008,2025-09-17,20,6,Low Attendance
A012770,S17865,C024,2025-03-11,30,15,Low Attendance
A012771,S18543,C010,2025-12-08,10,1,Low Attendance
A012772,S00908,C010,2025-05-28,15,14,Present
A012773,S06674,C026,2025-12-01,25,13,Low Attendance
A012774,S18068,C035,2025-10-10,30,19,Low Attendance
A012775,S03245,C047,2025-02-15,15,12,Present
A012776,S05857,C007,2025-09-26,10,3,Low Attendance
A012777,S18848,C020,2025-06-22,10,3,Low Attendance
A012778,S08940,C007,2025-08-02,10,4,Low Attendance
A012779,S01915,C022,2025-06-03,10,7,Low Attendance
A012780,S16314,C044,2025-05-03,25,13,Low Attendance
A012781,S17013,C010,2025-04-26,15,7,Low Attendance
A012782,S09017,C004,2025-01-09,20,10,Low Attendance
A012783,S03956,C001,2025-09-26,20,20,Present
A012784,S01644,C026,2025-05-31,30,7,Low Attendance
A012785,S18948,C006,2025-11-26,15,13,Present
A012786,S15097,C033,2025-05-16,30,4,Low Attendance
A012787,S07854,C028,2025-07-13,10,8,Present
A012788,S15455,C037,2025-06-29,25,25,Present
A012789,S05038,C029,2025-05-09,30,2,Low Attendance
A012790,S16479,C020,2025-12-14,15,3,Low Attendance
A012791,S19736,C030,2025-05-23,25,12,Low Attendance
A012792,S12120,C033,2025-04-10,25,12,Low Attendance
A012793,S07645,C012,2025-06-01,15,11,Low Attendance
A012794,S00723,C014,2025-05-12,25,25,Present
A012795,S11192,C008,2025-06-17,25,15,Low Attendance
A012796,S10517,C021,2025-05-14,10,7,Low Attendance
A012797,S13602,C035,2025-11-22,15,4,Low Attendance
A012798,S04502,C008,2025-06-22,30,15,Low Attendance
A012799,S05096,C004,2025-11-16,30,9,Low Attendance
A012800,S01777,C046,2025-12-22,30,20,Low Attendance
A012801,S15017,C016,2025-02-09,20,3,Low Attendance
A012802,S10770,C026,2025-07-21,20,0,Low Attendance
A012803,S05564,C029,2025-06-03,30,13,Low Attendance
A012804,S17947,C005,2025-07-28,25,22,Present
A012805,S08445,C020,2025-05-22,25,15,Low Attendance
A012806,S08717,C005,2025-01-29,30,20,Low Attendance
A012807,S19566,C017,2025-10-12,15,14,Present
A012808,S12683,C008,2025-01-05,30,27,Present
A012809,S14787,C013,2025-06-03,20,14,Low Attendance
A012810,S19397,C028,2025-06-27,15,14,Present
A012811,S15772,C045,2025-01-13,10,8,Present
A012812,S15302,C010,2025-08-19,20,9,Low Attendance
A012813,S12956,C005,2025-10-17,10,3,Low Attendance
A012814,S07206,C045,2025-07-05,20,7,Low Attendance
A012815,S17960,C043,2025-01-30,25,17,Low Attendance
A012816,S19512,C041,2025-09-24,10,7,Low Attendance
A012817,S13358,C001,2025-08-19,15,10,Low Attendance
A012818,S15750,C010,2025-04-04,30,10,Low Attendance
A012819,S02945,C005,2025-10-07,20,0,Low Attendance
A012820,S14368,C003,2025-04-27,10,9,Present
A012821,S04164,C011,2025-03-18,30,6,Low Attendance
A012822,S17919,C042,2025-08-02,15,11,Low Attendance
A012823,S06843,C029,2025-11-20,25,24,Present
A012824,S19030,C005,2025-07-30,25,16,Low Attendance
A012825,S02803,C012,2025-02-28,10,5,Low Attendance
A012826,S16757,C050,2025-10-04,10,8,Present
A012827,S11287,C037,2025-12-04,30,4,Low Attendance
A012828,S01166,C041,2025-07-15,25,24,Present
A012829,S15759,C023,2025-01-17,20,5,Low Attendance
A012830,S07819,C048,2025-01-29,10,7,Low Attendance
A012831,S08999,C037,2025-08-14,10,6,Low Attendance
A012832,S03878,C035,2025-10-12,20,18,Present
A012833,S09377,C029,2025-05-10,25,16,Low Attendance
A012834,S13684,C050,2025-06-15,20,4,Low Attendance
A012835,S07501,C002,2025-10-11,25,22,Present
A012836,S18732,C048,2025-06-04,15,6,Low Attendance
A012837,S07786,C003,2025-08-17,25,22,Present
A012838,S11267,C047,2025-08-15,25,4,Low Attendance
A012839,S02075,C009,2025-07-08,20,15,Present
A012840,S14514,C020,2025-02-28,30,12,Low Attendance
A012841,S16837,C038,2025-07-31,25,10,Low Attendance
A012842,S18915,C021,2025-04-17,25,22,Present
A012843,S06399,C039,2025-12-04,15,13,Present
A012844,S05166,C032,2025-09-16,30,18,Low Attendance
A012845,S13840,C050,2025-06-13,10,3,Low Attendance
A012846,S17584,C010,2025-03-14,15,11,Low Attendance
A012847,S11846,C031,2025-11-18,10,9,Present
A012848,S15711,C049,2025-02-17,10,5,Low Attendance
A012849,S11148,C033,2025-09-29,30,30,Present
A012850,S16358,C042,2025-04-18,10,1,Low Attendance
A012851,S02273,C020,2025-10-28,10,0,Low Attendance
A012852,S03266,C024,2025-02-05,15,12,Present
A012853,S12329,C027,2025-12-12,10,4,Low Attendance
A012854,S17960,C011,2025-06-09,10,3,Low Attendance
A012855,S07172,C003,2025-01-05,25,21,Present
A012856,S13240,C009,2025-10-23,30,11,Low Attendance
A012857,S07024,C001,2025-12-22,30,30,Present
A012858,S19395,C031,2025-11-09,25,14,Low Attendance
A012859,S03216,C016,2025-01-16,10,7,Low Attendance
A012860,S04260,C039,2025-06-01,25,1,Low Attendance
A012861,S01573,C036,2025-06-09,20,12,Low Attendance
A012862,S10696,C025,2025-01-05,20,7,Low Attendance
A012863,S01313,C005,2025-08-06,20,1,Low Attendance
A012864,S02939,C045,2025-11-19,15,6,Low Attendance
A012865,S06212,C014,2025-08-03,25,15,Low Attendance
A012866,S12457,C028,2025-05-06,20,14,Low Attendance
A012867,S10054,C040,2025-02-06,25,19,Present
A012868,S09615,C018,2025-09-16,15,9,Low Attendance
A012869,S13121,C027,2025-06-04,20,12,Low Attendance
A012870,S18692,C019,2025-12-21,20,0,Low Attendance
A012871,S03694,C015,2025-03-02,15,0,Low Attendance
A012872,S17290,C012,2025-01-10,15,1,Low Attendance
A012873,S16741,C010,2025-08-10,25,2,Low Attendance
A012874,S13224,C009,2025-10-11,15,9,Low Attendance
A012875,S19858,C022,2025-08-15,15,8,Low Attendance
A012876,S16046,C031,2025-03-19,25,0,Low Attendance
A012877,S15775,C014,2025-07-06,30,19,Low Attendance
A012878,S01101,C025,2025-08-27,30,23,Present
A012879,S06927,C026,2025-06-13,10,9,Present
A012880,S00147,C023,2025-09-06,15,8,Low Attendance
A012881,S18064,C007,2025-09-23,15,6,Low Attendance
A012882,S13318,C018,2025-06-06,10,10,Present
A012883,S00773,C004,2025-06-04,25,2,Low Attendance
A012884,S15562,C034,2025-01-12,10,1,Low Attendance
A012885,S04329,C045,2025-09-10,25,10,Low Attendance
A012886,S08153,C020,2025-04-27,15,13,Present
A012887,S06112,C005,2025-05-28,10,7,Low Attendance
A012888,S13742,C039,2025-09-14,10,7,Low Attendance
A012889,S19878,C007,2025-10-02,20,14,Low Attendance
A012890,S09608,C026,2025-11-13,10,1,Low Attendance
A012891,S19705,C002,2025-01-25,20,8,Low Attendance
A012892,S19551,C021,2025-05-20,20,0,Low Attendance
A012893,S01014,C045,2025-04-10,15,4,Low Attendance
A012894,S11956,C020,2025-03-10,20,16,Present
A012895,S10157,C046,2025-02-05,30,15,Low Attendance
A012896,S18625,C003,2025-03-04,15,11,Low Attendance
A012897,S10592,C032,2025-10-09,30,0,Low Attendance
A012898,S09970,C002,2025-04-11,20,16,Present
A012899,S10336,C027,2025-07-31,15,14,Present
A012900,S12454,C007,2025-06-09,15,6,Low Attendance
A012901,S04424,C036,2025-08-16,20,3,Low Attendance
A012902,S19784,C012,2025-09-11,20,16,Present
A012903,S12044,C032,2025-01-01,20,17,Present
A012904,S05623,C044,2025-08-20,15,2,
A012905,S06884,C048,2025-11-10,25,7,Low Attendance
A012906,S14566,C045,2025-07-17,25,22,Present
A012907,S18748,C028,2025-07-30,10,0,Low Attendance
A012908,S01256,C004,2025-02-09,25,5,Low Attendance
A012909,S10810,C050,2025-10-31,30,16,Low Attendance
A012910,S01818,C019,2025-10-11,10,3,Low Attendance
A012911,S13670,C030,2025-10-20,20,9,Low Attendance
A012912,S08288,C039,2025-06-24,10,9,Present
A012913,S03031,C006,2025-08-01,20,8,Low Attendance
A012914,S01344,C026,2025-02-15,25,9,Low Attendance
A012915,S07810,C001,2025-02-07,10,7,Low Attendance
A012916,S12495,C005,2025-04-08,10,4,Low Attendance
A012917,S04208,C021,2025-12-22,10,4,Low Attendance
A012918,S11470,C037,2025-12-13,15,8,Low Attendance
A012919,S03084,C050,2025-01-20,15,4,Low Attendance
A012920,S19807,C029,2025-04-21,25,14,Low Attendance
A012921,S12962,C032,2025-07-27,10,8,Present
A012922,S11155,C031,2025-04-27,30,16,Low Attendance
A012923,S17350,C019,2025-08-20,30,30,Present
A012924,S07615,C038,2025-06-25,30,29,Present
A012925,S10757,C021,2025-10-21,10,9,Present
A012926,S19903,C037,2025-10-19,10,8,Present
A012927,S09063,C032,2025-07-25,25,11,Low Attendance
A012928,S11490,C039,2025-06-15,10,2,Low Attendance
A012929,S10805,C007,2025-04-19,20,11,Low Attendance
A012930,S00679,C039,2025-11-04,10,1,Low Attendance
A012931,S02145,C015,2025-02-20,30,0,Low Attendance
A012932,S10157,C005,2025-01-10,10,4,Low Attendance
A012933,S05916,C028,2025-10-15,10,8,Present
A012934,S03444,C045,2025-07-27,20,2,Low Attendance
A012935,S12516,C036,2025-08-25,10,9,Present
A012936,S08936,C050,2025-07-31,10,6,Low Attendance
A012937,S02376,C022,2025-08-10,10,2,Low Attendance
A012938,S15572,C047,2025-11-22,30,30,Present
A012939,S15285,C006,2025-04-10,30,27,Present
A012940,S04055,C007,2025-08-31,20,11,Low Attendance
A012941,S00382,C037,2025-01-23,15,10,
A012942,S06498,C029,2025-11-13,15,3,Low Attendance
A012943,S17808,C035,2025-09-03,20,9,Low Attendance
A012944,S10476,C011,2025-10-01,15,12,Present
A012945,S02625,C033,2025-01-19,25,13,Low Attendance
A012946,S18820,C026,2025-10-24,30,24,Present
A012947,S04181,C010,2025-10-02,30,27,Present
A012948,S17339,C042,2025-01-06,30,22,Low Attendance
A012949,S08637,C032,2025-03-23,15,5,Low Attendance
A012950,S03756,C013,2025-09-02,10,0,Low Attendance
A012951,S18902,C017,2025-06-10,25,18,Low Attendance
A012952,S18629,C012,2025-06-10,25,20,Present
A012953,S08966,C018,2025-07-02,10,0,Low Attendance
A012954,S02169,C033,2025-12-18,30,4,Low Attendance
A012955,S06332,C002,2025-01-13,15,13,Present
A012956,S18747,C006,2025-09-03,15,5,Low Attendance
A012957,S19450,C004,2025-12-09,30,15,Low Attendance
A012958,S13522,C037,2025-06-28,10,10,Present
A012959,S08112,C024,2025-04-03,15,9,Low Attendance
A012960,S18312,C038,2025-06-03,10,1,Low Attendance
A012961,S15793,C005,2025-01-06,30,6,Low Attendance
A012962,S01780,C030,2025-12-10,30,9,Low Attendance
A012963,S11033,C035,2025-12-11,15,7,Low Attendance
A012964,S19466,C001,2025-12-07,15,5,Low Attendance
A012965,S08726,C011,2025-11-14,30,13,Low Attendance
A012966,S07731,C002,2025-08-26,30,6,Low Attendance
A012967,S01697,C050,2025-12-06,15,9,Low Attendance
A012968,S01245,C015,2025-01-17,15,0,Low Attendance
A012969,S17050,C025,2025-12-26,20,9,Low Attendance
A012970,S03328,C049,2025-01-07,30,24,Present
A012971,S06823,C041,2025-06-07,20,17,Present
A012972,S11886,C031,2025-06-14,30,6,Low Attendance
A012973,S19892,C050,2025-04-29,30,8,Low Attendance
A012974,S16878,C044,2025-04-10,15,4,Low Attendance
A012975,S04548,C029,2025-11-01,15,14,Present
A012976,S01155,C039,2025-08-02,20,19,Present
A012977,S17423,C008,2025-11-21,30,16,Low Attendance
A012978,S13257,C038,2025-02-13,25,17,Low Attendance
A012979,S01046,C005,2025-02-20,25,17,Low Attendance
A012980,S10282,C025,2025-09-16,20,5,Low Attendance
A012981,S03276,C041,2025-12-28,15,8,Low Attendance
A012982,S00752,C029,2025-09-04,20,3,Low Attendance
A012983,S16695,C040,2025-12-04,10,10,Present
A012984,S11141,C025,2025-10-05,30,3,Low Attendance
A012985,S08897,C016,2025-05-16,10,10,Present
A012986,S08237,C004,2025-01-21,10,6,Low Attendance
A012987,S00478,C033,2025-05-28,25,12,Low Attendance
A012988,S14496,C046,2025-03-13,30,7,Low Attendance
A012989,S01844,C016,2025-07-09,15,1,Low Attendance
A012990,S02429,C021,2025-07-28,15,15,Present
A012991,S19721,C036,2025-03-17,20,6,Low Attendance
A012992,S08682,C021,2025-10-19,10,1,
A012993,S10748,C020,2025-08-15,20,20,Present
A012994,S12458,C014,2025-06-13,25,4,Low Attendance
A012995,S05945,C033,2025-11-30,10,1,Low Attendance
A012996,S12682,C016,2025-05-10,30,21,Low Attendance
A012997,S15562,C028,2025-12-07,20,18,Present
A012998,S05908,C034,2025-09-07,30,14,Low Attendance
A012999,S00467,C016,2025-06-25,25,10,Low Attendance
A013000,S03966,C014,2025-03-27,25,25,Present
A013001,S11592,C037,2025-08-16,20,14,Low Attendance
A013002,S09696,C032,2025-03-29,10,2,Low Attendance
A013003,S15948,C036,2025-08-11,25,15,Low Attendance
A013004,S11711,C044,2025-04-06,20,19,Present
A013005,S18531,C003,2025-07-05,20,2,Low Attendance
A013006,S00728,C039,2025-12-27,25,6,Low Attendance
A013007,S05718,C026,2025-03-01,30,7,Low Attendance
A013008,S05238,C038,2025-07-26,30,11,Low Attendance
A013009,S19313,C016,2025-06-02,30,1,Low Attendance
A013010,S04034,C028,2025-04-03,10,8,Present
A013011,S10011,C045,2025-03-20,15,4,Low Attendance
A013012,S13100,C018,2025-01-29,15,13,Present
A013013,S09842,C043,2025-07-03,30,19,Low Attendance
A013014,S10499,C036,2025-04-19,15,3,Low Attendance
A013015,S19918,C050,2025-04-08,15,5,Low Attendance
A013016,S09159,C004,2025-05-12,20,4,Low Attendance
A013017,S05998,C001,2025-09-15,10,2,Low Attendance
A013018,S17829,C029,2025-02-01,30,27,Present
A013019,S12540,C028,2025-06-29,20,1,Low Attendance
A013020,S17843,C022,2025-10-23,20,12,Low Attendance
A013021,S07240,C034,2025-09-15,15,0,Low Attendance
A013022,S13862,C027,2025-08-07,20,7,Low Attendance
A013023,S05838,C008,2025-10-11,10,2,Low Attendance
A013024,S09080,C014,2025-06-28,25,8,Low Attendance
A013025,S03072,C010,2025-05-19,10,6,Low Attendance
A013026,S08837,C010,2025-12-20,25,4,Low Attendance
A013027,S16652,C019,2025-02-24,30,15,Low Attendance
A013028,S07302,C047,2025-11-19,25,13,Low Attendance
A013029,S12699,C038,2025-08-18,25,6,Low Attendance
A013030,S16175,C016,2025-04-07,30,18,Low Attendance
A013031,S06891,C031,2025-03-25,25,7,Low Attendance
A013032,S03704,C020,2025-11-11,15,12,Present
A013033,S17829,C010,2025-12-31,25,17,Low Attendance
A013034,S13387,C019,2025-05-04,25,11,Low Attendance
A013035,S03544,C008,2025-07-11,25,15,Low Attendance
A013036,S11208,C035,2025-03-12,30,7,Low Attendance
A013037,S03096,C014,2025-02-05,15,11,Low Attendance
A013038,S02128,C032,2025-02-27,25,21,Present
A013039,S19824,C028,2025-06-29,25,18,Low Attendance
A013040,S01690,C030,2025-12-28,30,27,Present
A013041,S11428,C001,2025-04-11,20,4,Low Attendance
A013042,S08331,C025,2025-06-08,25,21,Present
A013043,S03947,C023,2025-10-27,15,11,Low Attendance
A013044,S01121,C028,2025-08-15,20,15,Present
A013045,S14704,C013,2025-10-02,10,1,Low Attendance
A013046,S02400,C003,2025-07-06,10,2,Low Attendance
A013047,S15480,C029,2025-08-22,30,10,Low Attendance
A013048,S12648,C023,2025-08-26,15,2,Low Attendance
A013049,S08547,C037,2025-07-04,10,6,Low Attendance
A013050,S15254,C016,2025-08-04,20,3,Low Attendance
A013051,S05718,C048,2025-11-06,25,12,Low Attendance
A013052,S16209,C031,2025-12-10,10,10,Present
A013053,S10961,C025,2025-01-31,10,3,Low Attendance
A013054,S12967,C025,2025-07-27,10,2,Low Attendance
A013055,S03244,C015,2025-11-22,15,2,Low Attendance
A013056,S19592,C036,2025-05-08,10,8,Present
A013057,S01267,C029,2025-03-13,20,0,Low Attendance
A013058,S08242,C034,2025-10-19,20,15,Present
A013059,S12744,C022,2025-07-24,10,4,Low Attendance
A013060,S05487,C004,2025-06-23,15,12,Present
A013061,S18397,C016,2025-05-17,30,24,Present
A013062,S00092,C035,2025-02-05,15,0,Low Attendance
A013063,S19728,C007,2025-10-10,15,1,Low Attendance
A013064,S16715,C025,2025-08-21,25,23,Present
A013065,S02840,C039,2025-01-20,15,8,Low Attendance
A013066,S17512,C044,2025-04-15,20,12,Low Attendance
A013067,S14154,C032,2025-02-13,20,20,Present
A013068,S07445,C012,2025-08-01,10,7,Low Attendance
A013069,S10985,C018,2025-02-21,15,2,Low Attendance
A013070,S14885,C046,2025-04-18,20,4,Low Attendance
A013071,S02191,C015,2025-06-26,10,4,Low Attendance
A013072,S16776,C040,2025-05-03,10,7,Low Attendance
A013073,S11654,C030,2025-11-03,25,24,Present
A013074,S02963,C048,2025-04-11,25,9,Low Attendance
A013075,S08770,C011,2025-08-10,15,8,Low Attendance
A013076,S00790,C024,2025-09-10,20,7,Low Attendance
A013077,S05694,C006,2025-09-24,25,7,Low Attendance
A013078,S08564,C038,2025-10-11,15,6,Low Attendance
A013079,S14244,C016,2025-05-25,30,28,Present
A013080,S04022,C031,2025-05-23,15,7,Low Attendance
A013081,S11337,C046,2025-02-12,30,30,Present
A013082,S04824,C026,2025-02-24,15,4,Low Attendance
A013083,S16387,C011,2025-02-10,15,0,Low Attendance
A013084,S01238,C018,2025-07-09,10,7,Low Attendance
A013085,S18503,C035,2025-06-15,10,9,Present
A013086,S16977,C045,2025-11-30,25,2,Low Attendance
A013087,S06431,C047,2025-10-03,15,11,Low Attendance
A013088,S03243,C019,2025-12-25,15,2,Low Attendance
A013089,S00935,C031,2025-05-29,15,12,Present
A013090,S07298,C039,2025-01-14,15,5,Low Attendance
A013091,S05077,C012,2025-09-18,20,20,Present
A013092,S01771,C018,2025-09-02,20,14,Low Attendance
A013093,S13425,C050,2025-05-14,30,8,
A013094,S03363,C022,2025-05-13,10,1,Low Attendance
A013095,S17064,C041,2025-04-05,15,15,Present
A013096,S02681,C002,2025-04-16,30,12,Low Attendance
A013097,S15874,C018,2025-05-25,15,0,Low Attendance
A013098,S05270,C010,2025-08-27,10,4,Low Attendance
A013099,S19284,C020,2025-09-23,15,2,Low Attendance
A013100,S17061,C010,2025-12-31,10,6,Low Attendance
A013101,S04309,C011,2025-05-20,30,11,Low Attendance
A013102,S19777,C034,2025-04-05,10,4,Low Attendance
A013103,S16722,C002,2025-05-23,30,30,Present
A013104,S11213,C046,2025-08-15,30,10,Low Attendance
A013105,S17441,C031,2025-09-12,20,19,Present
A013106,S19385,C024,2025-10-29,20,20,Present
A013107,S02397,C012,2025-04-26,15,2,Low Attendance
A013108,S19878,C039,2025-07-03,30,11,Low Attendance
A013109,S14506,C004,2025-11-18,10,7,Low Attendance
A013110,S09688,C008,2025-08-07,20,1,Low Attendance
A013111,S19611,C034,2025-07-23,10,5,Low Attendance
A013112,S04447,C027,2025-02-04,15,12,Present
A013113,S09509,C050,2025-01-16,25,5,Low Attendance
A013114,S14128,C014,2025-04-30,20,15,Present
A013115,S05216,C047,2025-01-07,10,9,Present
A013116,S14183,C010,2025-07-01,30,14,Low Attendance
A013117,S11598,C045,2025-09-08,25,17,Low Attendance
A013118,S16718,C042,2025-06-14,10,0,Low Attendance
A013119,S19778,C012,2025-05-15,15,4,Low Attendance
A013120,S04176,C047,2025-01-27,25,17,Low Attendance
A013121,S19773,C014,2025-07-30,30,6,Low Attendance
A013122,S18598,C045,2025-02-14,10,6,Low Attendance
A013123,S12183,C040,2025-09-16,25,1,Low Attendance
A013124,S05645,C035,2025-07-20,30,12,Low Attendance
A013125,S07053,C019,2025-01-12,25,25,Present
A013126,S15102,C025,2025-05-03,15,1,Low Attendance
A013127,S01277,C028,2025-03-21,10,2,Low Attendance
A013128,S19694,C006,2025-02-01,30,30,Present
A013129,S00132,C017,2025-09-07,20,16,Present
A013130,S02972,C021,2025-04-05,20,2,Low Attendance
A013131,S12432,C035,2025-04-01,10,9,Present
A013132,S12805,C010,2025-10-21,25,20,Present
A013133,S01417,C045,2025-08-29,15,5,Low Attendance
A013134,S14557,C029,2025-10-30,25,16,Low Attendance
A013135,S06467,C004,2025-06-20,25,12,Low Attendance
A013136,S11608,C020,2025-10-30,30,16,Low Attendance
A013137,S07248,C021,2025-01-17,20,19,Present
A013138,S08704,C018,2025-08-29,15,15,Present
A013139,S12134,C016,2025-12-30,10,4,Low Attendance
A013140,S08471,C039,2025-02-22,15,15,Present
A013141,S07788,C021,2025-02-14,30,12,Low Attendance
A013142,S17547,C038,2025-10-18,20,2,Low Attendance
A013143,S02803,C002,2025-08-29,30,20,Low Attendance
A013144,S15349,C022,2025-11-03,30,11,Low Attendance
A013145,S18710,C016,2025-09-18,20,7,Low Attendance
A013146,S03579,C039,2025-08-03,20,2,Low Attendance
A013147,S14050,C021,2025-08-10,10,5,Low Attendance
A013148,S04761,C005,2025-05-29,15,3,Low Attendance
A013149,S00719,C036,2025-09-25,25,22,Present
A013150,S18685,C049,2025-04-07,15,9,Low Attendance
A013151,S06781,C010,2025-02-27,30,14,Low Attendance
A013152,S07684,C042,2025-11-05,10,5,Low Attendance
A013153,S04131,C020,2025-04-10,25,16,Low Attendance
A013154,S19228,C015,2025-02-14,25,12,Low Attendance
A013155,S08434,C013,2025-03-17,15,7,Low Attendance
A013156,S16179,C040,2025-05-28,25,12,Low Attendance
A013157,S00318,C019,2025-04-08,25,13,Low Attendance
A013158,S11987,C021,2025-05-17,30,5,Low Attendance
A013159,S08249,C024,2025-10-05,30,3,Low Attendance
A013160,S03823,C025,2025-01-08,20,6,Low Attendance
A013161,S16541,C041,2025-07-12,15,6,Low Attendance
A013162,S15875,C041,2025-01-10,10,0,Low Attendance
A013163,S03332,C050,2025-01-28,30,6,Low Attendance
A013164,S03710,C045,2025-08-27,10,9,Present
A013165,S08706,C049,2025-12-01,15,7,Low Attendance
A013166,S12292,C033,2025-05-10,25,16,Low Attendance
A013167,S02630,C044,2025-03-19,10,1,Low Attendance
A013168,S04972,C018,2025-09-04,10,5,Low Attendance
A013169,S00734,C034,2025-05-15,25,12,Low Attendance
A013170,S15110,C029,2025-10-19,15,3,Low Attendance
A013171,S11988,C003,2025-10-18,15,14,Present
A013172,S17816,C047,2025-07-10,20,16,Present
A013173,S14819,C030,2025-04-03,15,2,Low Attendance
A013174,S18681,C001,2025-05-18,25,13,Low Attendance
A013175,S13994,C034,2025-09-19,10,1,Low Attendance
A013176,S00773,C038,2025-09-16,15,1,Low Attendance
A013177,S14963,C044,2025-01-01,20,4,Low Attendance
A013178,S16260,C026,2025-12-26,25,11,Low Attendance
A013179,S05982,C009,2025-12-31,25,19,Present
A013180,S09928,C036,2025-10-13,15,0,Low Attendance
A013181,S12129,C044,2025-02-01,30,6,Low Attendance
A013182,S01807,C009,2025-04-07,25,2,Low Attendance
A013183,S07621,C039,2025-05-19,20,12,Low Attendance
A013184,S13681,C035,2025-06-02,20,4,Low Attendance
A013185,S04991,C030,2025-09-19,20,0,Low Attendance
A013186,S19052,C009,2025-09-23,25,13,Low Attendance
A013187,S12309,C024,2025-01-28,25,13,Low Attendance
A013188,S11259,C012,2025-08-05,15,1,Low Attendance
A013189,S07991,C049,2025-03-20,10,2,Low Attendance
A013190,S07541,C019,2025-12-03,20,8,Low Attendance
A013191,S05564,C045,2025-09-25,25,2,Low Attendance
A013192,S12993,C048,2025-10-31,20,17,Present
A013193,S08538,C001,2025-05-16,10,4,Low Attendance
A013194,S00269,C009,2025-09-09,25,3,Low Attendance
A013195,S19654,C016,2025-06-26,30,12,Low Attendance
A013196,S07362,C045,2025-11-06,10,2,Low Attendance
A013197,S03328,C002,2025-01-07,25,0,Low Attendance
A013198,S12824,C024,2025-12-19,25,15,Low Attendance
A013199,S04539,C012,2025-04-18,30,24,Present
A013200,S01587,C004,2025-12-23,10,1,Low Attendance
A013201,S18680,C017,2025-01-26,10,7,Low Attendance
A013202,S13670,C034,2025-11-02,10,10,Present
A013203,S01475,C002,2025-02-14,10,3,Low Attendance
A013204,S01162,C026,2025-08-11,15,5,Low Attendance
A013205,S12993,C003,2025-09-07,15,9,Low Attendance
A013206,S01550,C044,2025-02-11,15,10,Low Attendance
A013207,S12435,C037,2025-04-30,15,8,Low Attendance
A013208,S12710,C011,2025-10-24,30,10,Low Attendance
A013209,S13300,C038,2025-12-14,20,9,Low Attendance
A013210,S15816,C034,2025-10-29,20,9,Low Attendance
A013211,S15243,C047,2025-10-13,20,9,Low Attendance
A013212,S03766,C021,2025-12-15,25,9,Low Attendance
A013213,S11321,C037,2025-09-12,20,10,Low Attendance
A013214,S03757,C040,2025-04-26,30,3,Low Attendance
A013215,S18392,C001,2025-08-31,10,1,Low Attendance
A013216,S02533,C036,2025-06-03,20,18,Present
A013217,S19847,C048,2025-05-16,30,7,Low Attendance
A013218,S16219,C035,2025-05-14,25,19,Present
A013219,S12033,C037,2025-05-15,15,0,Low Attendance
A013220,S06354,C002,2025-09-17,10,6,Low Attendance
A013221,S02062,C012,2025-06-29,25,11,Low Attendance
A013222,S10377,C046,2025-07-24,15,15,Present
A013223,S02127,C013,2025-03-16,30,21,Low Attendance
A013224,S19857,C038,2025-01-21,20,13,Low Attendance
A013225,S09245,C047,2025-03-27,15,11,Low Attendance
A013226,S02664,C049,2025-03-24,10,8,Present
A013227,S00618,C020,2025-12-23,20,7,Low Attendance
A013228,S13643,C006,2025-02-07,15,14,Present
A013229,S01412,C023,2025-11-08,15,15,Present
A013230,S06422,C023,2025-12-27,30,27,Present
A013231,S11400,C017,2025-09-28,15,13,Present
A013232,S04204,C010,2025-10-31,25,25,Present
A013233,S06890,C019,2025-04-17,30,22,Low Attendance
A013234,S19461,C003,2025-05-30,15,12,Present
A013235,S11198,C004,2025-07-30,10,0,Low Attendance
A013236,S15438,C035,2025-01-29,30,3,Low Attendance
A013237,S19123,C017,2025-02-07,10,7,Low Attendance
A013238,S19429,C004,2025-03-01,20,11,Low Attendance
A013239,S00403,C045,2025-09-29,20,4,Low Attendance
A013240,S13006,C018,2025-02-22,15,0,Low Attendance
A013241,S13150,C007,2025-12-31,20,7,Low Attendance
A013242,S08043,C016,2025-06-10,15,14,Present
A013243,S09795,C031,2025-09-04,15,6,Low Attendance
A013244,S10941,C036,2025-05-12,10,7,Low Attendance
A013245,S07958,C008,2025-09-14,30,13,Low Attendance
A013246,S17219,C030,2025-06-20,30,11,Low Attendance
A013247,S00286,C011,2025-10-11,15,14,Present
A013248,S14794,C030,2025-04-20,25,18,Low Attendance
A013249,S01347,C024,2025-03-29,25,15,Low Attendance
A013250,S06106,C014,2025-12-09,10,8,Present
A013251,S02727,C032,2025-10-16,15,0,Low Attendance
A013252,S09440,C014,2025-05-10,20,8,Low Attendance
A013253,S09948,C011,2025-06-21,10,8,Present
A013254,S03807,C022,2025-05-23,20,5,Low Attendance
A013255,S06453,C043,2025-07-24,25,25,Present
A013256,S17297,C027,2025-01-25,30,8,Low Attendance
A013257,S10996,C007,2025-07-21,30,28,Present
A013258,S14691,C020,2025-08-12,10,9,Present
A013259,S17522,C011,2025-11-21,15,7,Low Attendance
A013260,S02132,C023,2025-12-26,15,10,Low Attendance
A013261,S17536,C045,2025-06-28,15,7,Low Attendance
A013262,S11201,C042,2025-01-14,20,20,Present
A013263,S02918,C032,2025-10-28,30,0,Low Attendance
A013264,S05439,C009,2025-05-07,30,4,Low Attendance
A013265,S18866,C032,2025-01-25,20,11,Low Attendance
A013266,S06327,C048,2025-01-31,10,5,Low Attendance
A013267,S03072,C011,2025-08-27,10,4,Low Attendance
A013268,S03293,C007,2025-03-01,15,3,Low Attendance
A013269,S09596,C003,2025-06-26,25,25,Present
A013270,S07070,C022,2025-08-11,10,7,Low Attendance
A013271,S15483,C015,2025-12-08,30,2,Low Attendance
A013272,S14956,C039,2025-02-24,20,3,Low Attendance
A013273,S16814,C039,2025-04-04,10,10,Present
A013274,S19876,C018,2025-11-25,20,19,Present
A013275,S10979,C047,2025-01-10,15,9,Low Attendance
A013276,S01704,C045,2025-07-18,15,15,Present
A013277,S14797,C002,2025-09-06,15,13,Present
A013278,S19165,C038,2025-09-12,30,10,Low Attendance
A013279,S07194,C025,2025-08-19,20,9,Low Attendance
A013280,S02840,C026,2025-09-26,10,3,Low Attendance
A013281,S05686,C003,2025-08-29,10,4,Low Attendance
A013282,S09735,C008,2025-11-20,30,8,Low Attendance
A013283,S17785,C009,2025-10-18,30,2,Low Attendance
A013284,S10093,C028,2025-02-18,20,14,Low Attendance
A013285,S13979,C012,2025-05-08,30,18,Low Attendance
A013286,S12330,C021,2025-05-09,20,0,Low Attendance
A013287,S05966,C003,2025-11-20,20,2,Low Attendance
A013288,S01482,C016,2025-03-19,10,10,Present
A013289,S10247,C016,2025-10-12,20,13,Low Attendance
A013290,S04031,C019,2025-04-03,25,18,Low Attendance
A013291,S15998,C050,2025-01-26,25,10,Low Attendance
A013292,S09752,C017,2025-03-18,25,7,Low Attendance
A013293,S16351,C021,2025-01-12,25,19,Present
A013294,S00606,C004,2025-11-26,30,14,Low Attendance
A013295,S11745,C022,2025-11-20,10,9,Present
A013296,S14959,C019,2025-11-01,30,15,Low Attendance
A013297,S04529,C010,2025-09-10,15,7,Low Attendance
A013298,S00077,C002,2025-02-11,15,8,Low Attendance
A013299,S02475,C012,2025-02-05,15,9,Low Attendance
A013300,S02702,C037,2025-09-20,30,19,Low Attendance
A013301,S16007,C005,2025-09-10,15,15,Present
A013302,S12776,C003,2025-08-29,20,5,Low Attendance
A013303,S06190,C024,2025-12-25,25,1,Low Attendance
A013304,S05973,C009,2025-09-22,10,2,Low Attendance
A013305,S15317,C002,2025-12-20,15,3,Low Attendance
A013306,S16855,C029,2025-07-27,30,25,Present
A013307,S14630,C025,2025-09-11,25,13,Low Attendance
A013308,S11434,C032,2025-07-16,25,11,Low Attendance
A013309,S13304,C014,2025-05-31,15,9,Low Attendance
A013310,S07029,C048,2025-10-31,20,9,Low Attendance
A013311,S19613,C035,2025-08-10,30,18,Low Attendance
A013312,S15871,C002,2025-03-01,10,3,Low Attendance
A013313,S11550,C046,2025-05-02,20,2,Low Attendance
A013314,S12476,C048,2025-10-09,25,12,Low Attendance
A013315,S02707,C033,2025-01-11,30,9,Low Attendance
A013316,S19186,C047,2025-12-01,25,16,Low Attendance
A013317,S07281,C032,2025-10-20,15,11,Low Attendance
A013318,S14193,C015,2025-10-25,20,18,Present
A013319,S13870,C049,2025-09-28,10,3,Low Attendance
A013320,S00612,C037,2025-12-01,10,2,Low Attendance
A013321,S06028,C035,2025-10-20,25,10,Low Attendance
A013322,S09368,C014,2025-01-22,10,7,Low Attendance
A013323,S01044,C043,2025-06-23,30,3,Low Attendance
A013324,S03403,C040,2025-03-16,10,3,Low Attendance
A013325,S17402,C008,2025-10-11,25,16,Low Attendance
A013326,S20000,C012,2025-09-13,25,5,Low Attendance
A013327,S11851,C047,2025-08-07,10,3,Low Attendance
A013328,S13411,C043,2025-10-31,10,1,Low Attendance
A013329,S17888,C044,2025-05-01,10,3,Low Attendance
A013330,S07976,C033,2025-05-01,30,15,Low Attendance
A013331,S02179,C021,2025-01-16,10,1,Low Attendance
A013332,S11293,C008,2025-03-02,15,4,Low Attendance
A013333,S08477,C014,2025-03-22,20,9,Low Attendance
A013334,S18987,C046,2025-06-05,10,5,Low Attendance
A013335,S19813,C012,2025-02-26,30,5,Low Attendance
A013336,S05860,C025,2025-04-19,20,7,Low Attendance
A013337,S12717,C001,2025-06-26,25,25,Present
A013338,S06117,C009,2025-01-11,30,18,Low Attendance
A013339,S07694,C045,2025-08-29,25,21,Present
A013340,S17588,C047,2025-06-02,20,4,Low Attendance
A013341,S09293,C003,2025-09-07,30,6,Low Attendance
A013342,S15324,C004,2025-12-11,20,0,Low Attendance
A013343,S17942,C015,2025-05-27,30,12,Low Attendance
A013344,S10168,C038,2025-04-28,25,6,Low Attendance
A013345,S11871,C048,2025-06-11,30,0,Low Attendance
A013346,S10192,C044,2025-01-07,20,4,Low Attendance
A013347,S00721,C005,2025-07-04,10,0,Low Attendance
A013348,S06965,C028,2025-06-09,10,8,Present
A013349,S17956,C016,2025-03-02,10,10,Present
A013350,S09857,C045,2025-08-29,15,2,Low Attendance
A013351,S01222,C004,2025-07-31,20,15,Present
A013352,S07388,C006,2025-10-19,30,19,Low Attendance
A013353,S03791,C043,2025-10-28,25,12,Low Attendance
A013354,S08862,C015,2025-05-22,25,18,Low Attendance
A013355,S08829,C037,2025-05-23,30,20,Low Attendance
A013356,S07875,C021,2025-09-22,20,1,Low Attendance
A013357,S02318,C027,2025-04-19,20,6,Low Attendance
A013358,S18798,C010,2025-04-18,25,14,Low Attendance
A013359,S05989,C029,2025-06-01,10,8,Present
A013360,S15036,C045,2025-07-08,25,10,Low Attendance
A013361,S07388,C050,2025-11-28,10,5,Low Attendance
A013362,S04526,C007,2025-07-15,25,17,Low Attendance
A013363,S00437,C044,2025-06-09,10,7,Low Attendance
A013364,S06229,C007,2025-03-18,25,19,Present
A013365,S12461,C038,2025-11-16,30,23,Present
A013366,S19624,C009,2025-05-20,10,2,Low Attendance
A013367,S10788,C026,2025-04-10,30,26,Present
A013368,S03095,C016,2025-11-07,15,0,Low Attendance
A013369,S19976,C013,2025-03-15,15,12,Present
A013370,S11501,C047,2025-09-04,25,22,Present
A013371,S07043,C038,2025-05-13,30,3,Low Attendance
A013372,S08239,C039,2025-09-02,30,24,Present
A013373,S01963,C048,2025-07-01,20,16,Present
A013374,S13124,C016,2025-05-21,25,24,Present
A013375,S02090,C028,2025-11-09,30,2,Low Attendance
A013376,S06776,C026,2025-12-27,15,5,Low Attendance
A013377,S07680,C040,2025-07-19,20,3,Low Attendance
A013378,S08183,C030,2025-06-28,25,13,Low Attendance
A013379,S03290,C025,2025-04-08,10,9,Present
A013380,S12073,C038,2025-09-18,30,27,Present
A013381,S19447,C050,2025-11-30,10,7,Low Attendance
A013382,S16531,C015,2025-06-23,10,8,Present
A013383,S15544,C007,2025-12-30,10,4,Low Attendance
A013384,S00602,C008,2025-05-20,25,7,Low Attendance
A013385,S01441,C037,2025-01-03,15,5,Low Attendance
A013386,S02026,C019,2025-10-04,30,27,Present
A013387,S18525,C024,2025-04-09,25,16,Low Attendance
A013388,S09663,C012,2025-01-25,10,5,Low Attendance
A013389,S18824,C039,2025-02-22,15,3,Low Attendance
A013390,S07405,C036,2025-12-12,25,16,Low Attendance
A013391,S19143,C013,2025-03-19,10,5,Low Attendance
A013392,S03623,C014,2025-03-23,10,5,Low Attendance
A013393,S15653,C044,2025-02-09,30,22,Low Attendance
A013394,S08636,C042,2025-11-09,30,21,Low Attendance
A013395,S08488,C012,2025-11-05,15,12,Present
A013396,S02686,C048,2025-10-17,25,6,Low Attendance
A013397,S07251,C024,2025-07-29,30,25,Present
A013398,S18095,C004,2025-04-16,20,17,Present
A013399,S17443,C034,2025-10-26,25,12,Low Attendance
A013400,S03784,C037,2025-05-12,25,4,Low Attendance
A013401,S01207,C036,2025-09-14,30,14,Low Attendance
A013402,S08050,C006,2025-10-14,10,4,Low Attendance
A013403,S08831,C041,2025-03-25,30,9,Low Attendance
A013404,S07882,C011,2025-02-23,20,16,Present
A013405,S07141,C034,2025-03-02,25,6,Low Attendance
A013406,S19423,C006,2025-12-31,10,8,Present
A013407,S04293,C027,2025-05-21,30,29,Present
A013408,S09414,C035,2025-09-23,25,15,Low Attendance
A013409,S03528,C022,2025-11-01,10,8,Present
A013410,S04009,C017,2025-05-12,30,20,Low Attendance
A013411,S03217,C026,2025-10-05,10,4,Low Attendance
A013412,S05341,C014,2025-09-18,15,4,Low Attendance
A013413,S17240,C036,2025-06-01,10,0,Low Attendance
A013414,S06525,C032,2025-09-09,20,9,Low Attendance
A013415,S02051,C009,2025-05-09,25,8,Low Attendance
A013416,S07156,C021,2025-02-25,10,1,Low Attendance
A013417,S01610,C003,2025-08-20,25,15,Low Attendance
A013418,S18910,C031,2025-08-27,25,24,Present
A013419,S18915,C017,2025-01-24,25,8,Low Attendance
A013420,S05580,C001,2025-10-31,30,4,Low Attendance
A013421,S01904,C005,2025-04-22,10,8,Present
A013422,S18352,C026,2025-09-21,30,3,Low Attendance
A013423,S13500,C042,2025-10-05,30,21,Low Attendance
A013424,S02102,C040,2025-07-10,15,10,Low Attendance
A013425,S05349,C048,2025-07-05,25,4,Low Attendance
A013426,S00827,C039,2025-08-03,30,23,Present
A013427,S19418,C024,2025-11-23,15,7,Low Attendance
A013428,S19393,C007,2025-08-24,30,2,Low Attendance
A013429,S19192,C039,2025-02-10,10,3,Low Attendance
A013430,S18855,C023,2025-10-21,30,19,Low Attendance
A013431,S11401,C047,2025-11-12,15,11,Low Attendance
A013432,S13221,C042,2025-06-13,25,11,Low Attendance
A013433,S19965,C008,2025-05-26,20,16,Present
A013434,S06953,C033,2025-10-27,15,4,Low Attendance
A013435,S16915,C027,2025-05-08,15,4,Low Attendance
A013436,S19775,C047,2025-12-26,15,14,Present
A013437,S10763,C042,2025-10-13,15,7,Low Attendance
A013438,S11577,C010,2025-06-11,15,12,Present
A013439,S13970,C009,2025-03-26,30,14,Low Attendance
A013440,S07415,C031,2025-02-28,10,4,Low Attendance
A013441,S01923,C028,2025-04-23,30,8,Low Attendance
A013442,S07006,C035,2025-06-02,20,14,Low Attendance
A013443,S02955,C023,2025-10-06,10,9,Present
A013444,S18421,C034,2025-07-12,10,6,Low Attendance
A013445,S13336,C006,2025-07-05,15,4,Low Attendance
A013446,S10651,C007,2025-10-20,30,16,Low Attendance
A013447,S18913,C012,2025-06-05,25,3,Low Attendance
A013448,S19572,C005,2025-01-21,25,3,Low Attendance
A013449,S14390,C040,2025-12-19,15,1,Low Attendance
A013450,S06078,C036,2025-06-25,10,7,Low Attendance
A013451,S15023,C032,2025-02-28,10,9,Present
A013452,S14617,C010,2025-05-12,15,14,Present
A013453,S12419,C016,2025-07-08,30,20,Low Attendance
A013454,S10768,C050,2025-09-07,25,3,Low Attendance
A013455,S18015,C023,2025-05-15,10,10,Present
A013456,S04302,C010,2025-11-30,10,1,Low Attendance
A013457,S11578,C040,2025-11-26,30,27,Present
A013458,S08707,C003,2025-12-26,20,11,Low Attendance
A013459,S16208,C030,2025-09-28,30,13,Low Attendance
A013460,S14583,C012,2025-01-19,20,20,Present
A013461,S02704,C043,2025-07-27,10,10,Present
A013462,S01777,C020,2025-02-15,25,3,Low Attendance
A013463,S05963,C032,2025-03-12,25,5,Low Attendance
A013464,S02499,C007,2025-02-06,10,8,Present
A013465,S16923,C036,2025-09-02,30,30,Present
A013466,S15926,C031,2025-12-26,25,12,Low Attendance
A013467,S14781,C046,2025-08-01,30,6,Low Attendance
A013468,S16542,C012,2025-11-23,30,13,Low Attendance
A013469,S06511,C032,2025-02-20,20,9,Low Attendance
A013470,S18294,C006,2025-04-07,10,8,Present
A013471,S19068,C031,2025-08-14,30,27,Present
A013472,S09176,C007,2025-04-20,20,15,Present
A013473,S12871,C028,2025-05-12,20,0,Low Attendance
A013474,S05139,C028,2025-04-16,10,1,Low Attendance
A013475,S09654,C030,2025-09-05,30,21,Low Attendance
A013476,S14949,C021,2025-09-20,20,9,Low Attendance
A013477,S05935,C001,2025-03-31,25,22,Present
A013478,S00767,C015,2025-06-03,10,8,Present
A013479,S01930,C035,2025-04-14,30,0,Low Attendance
A013480,S01626,C015,2025-12-14,20,5,Low Attendance
A013481,S15931,C017,2025-01-09,20,19,Present
A013482,S11858,C004,2025-06-09,25,4,Low Attendance
A013483,S06364,C047,2025-05-19,20,1,Low Attendance
A013484,S10905,C033,2025-10-12,15,6,Low Attendance
A013485,S16646,C038,2025-08-03,30,11,Low Attendance
A013486,S16618,C026,2025-12-25,10,1,Low Attendance
A013487,S19787,C041,2025-01-29,15,3,Low Attendance
A013488,S18404,C041,2025-09-20,15,4,Low Attendance
A013489,S13097,C010,2025-03-13,10,2,Low Attendance
A013490,S07798,C014,2025-04-02,15,6,Low Attendance
A013491,S14511,C034,2025-05-27,30,21,Low Attendance
A013492,S14185,C028,2025-09-30,20,5,Low Attendance
A013493,S18864,C050,2025-07-04,30,27,Present
A013494,S02961,C024,2025-06-16,10,0,Low Attendance
A013495,S19677,C003,2025-03-20,25,24,Present
A013496,S16823,C033,2025-05-03,15,5,Low Attendance
A013497,S10557,C005,2025-03-19,10,2,Low Attendance
A013498,S05089,C016,2025-06-18,15,0,Low Attendance
A013499,S01103,C033,2025-08-07,30,12,Low Attendance
A013500,S04171,C004,2025-08-08,20,11,Low Attendance
A013501,S17908,C011,2025-11-17,15,11,Low Attendance
A013502,S04635,C046,2025-04-28,25,2,Low Attendance
A013503,S09533,C017,2025-11-07,10,2,Low Attendance
A013504,S11876,C024,2025-01-18,20,16,Present
A013505,S08434,C032,2025-02-01,25,17,Low Attendance
A013506,S03326,C041,2025-07-21,30,8,Low Attendance
A013507,S14266,C020,2025-11-18,25,5,Low Attendance
A013508,S12440,C024,2025-04-19,30,17,Low Attendance
A013509,S09985,C036,2025-07-27,15,7,Low Attendance
A013510,S15866,C019,2025-04-05,30,15,Low Attendance
A013511,S11094,C023,2025-10-09,10,0,Low Attendance
A013512,S12932,C014,2025-07-19,20,18,Present
A013513,S15413,C050,2025-09-07,20,5,Low Attendance
A013514,S06402,C025,2025-06-04,25,25,Present
A013515,S18917,C037,2025-07-11,15,14,Present
A013516,S06950,C010,2025-12-15,10,6,Low Attendance
A013517,S18079,C020,2025-06-26,20,18,Present
A013518,S08316,C045,2025-07-21,30,30,Present
A013519,S08559,C046,2025-03-08,10,6,Low Attendance
A013520,S18787,C030,2025-11-29,15,1,Low Attendance
A013521,S06712,C009,2025-04-24,25,20,Present
A013522,S08109,C038,2025-03-30,10,4,Low Attendance
A013523,S15861,C014,2025-10-23,25,14,Low Attendance
A013524,S10982,C007,2025-11-17,15,7,Low Attendance
A013525,S19241,C022,2025-12-30,15,15,Present
A013526,S18612,C012,2025-06-29,30,19,Low Attendance
A013527,S05091,C002,2025-08-19,10,4,Low Attendance
A013528,S03561,C006,2025-05-28,20,2,Low Attendance
A013529,S13121,C027,2025-06-18,10,7,Low Attendance
A013530,S04634,C006,2025-05-21,25,7,Low Attendance
A013531,S08862,C022,2025-10-03,10,10,Present
A013532,S14693,C017,2025-09-27,25,12,Low Attendance
A013533,S13543,C019,2025-03-19,10,8,Present
A013534,S06687,C041,2025-02-19,20,13,Low Attendance
A013535,S02374,C014,2025-12-28,30,10,
A013536,S02605,C043,2025-09-11,15,15,Present
A013537,S07097,C036,2025-01-27,10,2,Low Attendance
A013538,S03640,C048,2025-08-21,10,0,Low Attendance
A013539,S08982,C012,2025-08-09,20,11,Low Attendance
A013540,S18660,C047,2025-05-09,10,3,Low Attendance
A013541,S06678,C038,2025-06-07,30,29,Present
A013542,S11417,C004,2025-11-18,10,6,Low Attendance
A013543,S06794,C038,2025-09-23,10,4,Low Attendance
A013544,S01791,C002,2025-04-16,15,11,Low Attendance
A013545,S07387,C005,2025-03-06,10,7,Low Attendance
A013546,S09936,C011,2025-05-28,30,23,Present
A013547,S09446,C026,2025-04-21,15,6,Low Attendance
A013548,S09099,C013,2025-05-29,30,7,Low Attendance
A013549,S05185,C023,2025-07-03,15,1,Low Attendance
A013550,S07582,C023,2025-10-18,30,24,Present
A013551,S08282,C025,2025-03-26,10,10,Present
A013552,S04386,C050,2025-04-22,15,11,Low Attendance
A013553,S08108,C037,2025-03-24,15,10,Low Attendance
A013554,S19255,C011,2025-12-20,20,8,Low Attendance
A013555,S18323,C028,2025-03-17,20,1,Low Attendance
A013556,S02874,C024,2025-08-29,30,21,Low Attendance
A013557,S03580,C009,2025-03-24,20,17,Present
A013558,S13426,C029,2025-07-27,10,8,Present
A013559,S07069,C012,2025-08-18,15,0,Low Attendance
A013560,S10871,C019,2025-04-25,25,18,Low Attendance
A013561,S15780,C048,2025-11-05,25,3,Low Attendance
A013562,S16027,C031,2025-06-19,25,10,Low Attendance
A013563,S05014,C035,2025-10-17,25,16,Low Attendance
A013564,S00326,C015,2025-09-30,15,14,Present
A013565,S18520,C017,2025-05-31,20,17,Present
A013566,S16922,C039,2025-01-09,15,5,Low Attendance
A013567,S05930,C027,2025-01-08,20,20,Present
A013568,S12977,C027,2025-06-11,25,1,Low Attendance
A013569,S13887,C009,2025-01-13,20,14,Low Attendance
A013570,S16329,C017,2025-01-28,10,5,Low Attendance
A013571,S07376,C036,2025-01-04,15,7,Low Attendance
A013572,S19789,C027,2025-09-25,20,5,Low Attendance
A013573,S02663,C043,2025-04-28,25,11,Low Attendance
A013574,S14274,C010,2025-02-20,30,24,Present
A013575,S02437,C026,2025-09-25,30,0,Low Attendance
A013576,S01178,C007,2025-05-02,30,17,Low Attendance
A013577,S17819,C020,2025-10-13,10,0,Low Attendance
A013578,S05601,C043,2025-08-15,30,14,Low Attendance
A013579,S15672,C031,2025-09-04,20,14,Low Attendance
A013580,S18394,C019,2025-04-01,20,6,Low Attendance
A013581,S12784,C028,2025-03-21,15,6,Low Attendance
A013582,S07514,C050,2025-10-21,30,0,Low Attendance
A013583,S12169,C035,2025-05-02,15,0,Low Attendance
A013584,S08960,C011,2025-03-13,10,10,Present
A013585,S15250,C002,2025-06-26,15,3,Low Attendance
A013586,S16559,C013,2025-01-23,15,2,Low Attendance
A013587,S09333,C010,2025-02-22,25,24,
A013588,S18563,C045,2025-11-12,25,17,Low Attendance
A013589,S14625,C032,2025-04-03,20,18,Present
A013590,S05390,C046,2025-10-28,10,7,Low Attendance
A013591,S15833,C015,2025-11-09,15,2,Low Attendance
A013592,S18710,C002,2025-09-01,15,9,Low Attendance
A013593,S09033,C004,2025-07-27,15,6,Low Attendance
A013594,S07495,C042,2025-03-27,30,20,Low Attendance
A013595,S00433,C046,2025-08-28,25,17,Low Attendance
A013596,S02445,C037,2025-09-22,20,2,Low Attendance
A013597,S04677,C030,2025-03-04,10,9,Present
A013598,S06783,C001,2025-12-14,15,15,Present
A013599,S07338,C047,2025-02-23,15,15,Present
A013600,S00414,C011,2025-04-08,30,30,Present
A013601,S12229,C050,2025-04-05,25,11,Low Attendance
A013602,S01535,C024,2025-05-16,15,6,Low Attendance
A013603,S06797,C048,2025-10-27,15,15,Present
A013604,S03128,C037,2025-07-05,30,22,Low Attendance
A013605,S05519,C029,2025-04-11,30,29,Present
A013606,S06356,C009,2025-10-24,10,5,Low Attendance
A013607,S12932,C050,2025-11-10,30,25,Present
A013608,S04483,C015,2025-03-30,20,19,Present
A013609,S02669,C010,2025-01-04,15,0,Low Attendance
A013610,S04242,C017,2025-11-24,10,2,Low Attendance
A013611,S04475,C041,2025-08-23,10,3,Low Attendance
A013612,S00256,C049,2025-05-01,15,4,Low Attendance
A013613,S05362,C040,2025-07-15,25,10,Low Attendance
A013614,S11125,C049,2025-12-14,25,8,Low Attendance
A013615,S05152,C024,2025-08-17,15,15,Present
A013616,S03685,C046,2025-07-28,10,1,Low Attendance
A013617,S06024,C025,2025-05-12,30,12,Low Attendance
A013618,S04952,C048,2025-05-08,20,14,Low Attendance
A013619,S06801,C010,2025-11-01,20,20,Present
A013620,S17773,C049,2025-06-05,25,7,Low Attendance
A013621,S10700,C046,2025-03-16,15,12,Present
A013622,S12327,C017,2025-07-30,15,13,Present
A013623,S04618,C022,2025-12-14,25,14,Low Attendance
A013624,S16712,C024,2025-11-16,10,10,Present
A013625,S08216,C005,2025-01-30,10,2,Low Attendance
A013626,S17019,C021,2025-09-18,10,10,Present
A013627,S05665,C044,2025-03-04,25,9,Low Attendance
A013628,S10081,C016,2025-02-14,20,3,Low Attendance
A013629,S16237,C033,2025-08-09,25,9,Low Attendance
A013630,S13895,C002,2025-12-10,15,10,Low Attendance
A013631,S02896,C043,2025-06-10,25,23,Present
A013632,S16915,C014,2025-06-13,20,14,Low Attendance
A013633,S06997,C031,2025-04-18,15,9,Low Attendance
A013634,S17402,C027,2025-07-18,20,12,Low Attendance
A013635,S05987,C029,2025-05-02,20,18,Present
A013636,S08514,C006,2025-04-01,10,3,Low Attendance
A013637,S03961,C042,2025-09-07,20,14,Low Attendance
A013638,S09057,C001,2025-09-20,30,11,Low Attendance
A013639,S07706,C029,2025-10-13,15,14,Present
A013640,S05959,C013,2025-11-08,25,4,Low Attendance
A013641,S12851,C042,2025-08-04,15,14,Present
A013642,S14589,C016,2025-06-17,25,16,Low Attendance
A013643,S10985,C012,2025-04-08,25,23,Present
A013644,S08106,C040,2025-10-27,30,9,Low Attendance
A013645,S18306,C046,2025-11-22,30,9,Low Attendance
A013646,S14675,C030,2025-09-01,30,23,Present
A013647,S08535,C032,2025-05-01,15,15,Present
A013648,S06936,C007,2025-01-27,15,9,Low Attendance
A013649,S11369,C039,2025-03-06,15,14,Present
A013650,S16260,C036,2025-04-18,15,7,Low Attendance
A013651,S03300,C008,2025-09-29,20,17,Present
A013652,S10688,C001,2025-05-04,10,8,Present
A013653,S15546,C030,2025-12-25,10,4,Low Attendance
A013654,S04547,C012,2025-03-19,20,7,Low Attendance
A013655,S16961,C025,2025-01-12,20,7,Low Attendance
A013656,S06292,C011,2025-06-11,30,28,Present
A013657,S07153,C011,2025-09-15,30,16,Low Attendance
A013658,S14862,C031,2025-11-30,15,13,Present
A013659,S00247,C004,2025-01-24,25,23,Present
A013660,S08066,C014,2025-12-29,25,17,Low Attendance
A013661,S06916,C040,2025-02-08,15,7,Low Attendance
A013662,S04200,C003,2025-01-18,25,0,Low Attendance
A013663,S02419,C017,2025-07-12,10,4,Low Attendance
A013664,S07633,C028,2025-05-13,15,1,Low Attendance
A013665,S11131,C005,2025-06-01,10,8,Present
A013666,S06348,C049,2025-10-05,25,23,Present
A013667,S02391,C042,2025-12-25,15,5,Low Attendance
A013668,S14790,C001,2025-04-10,10,0,Low Attendance
A013669,S07755,C030,2025-05-22,15,13,Present
A013670,S12635,C012,2025-06-26,30,16,Low Attendance
A013671,S07702,C035,2025-01-31,10,1,Low Attendance
A013672,S01942,C011,2025-11-19,15,3,Low Attendance
A013673,S01811,C018,2025-05-19,15,9,Low Attendance
A013674,S05425,C019,2025-12-14,25,0,Low Attendance
A013675,S16501,C008,2025-02-01,30,26,Present
A013676,S07799,C047,2025-08-12,15,14,Present
A013677,S10897,C005,2025-09-17,15,10,Low Attendance
A013678,S19123,C032,2025-04-22,10,5,Low Attendance
A013679,S01919,C015,2025-11-01,20,19,Present
A013680,S07947,C034,2025-02-25,15,4,Low Attendance
A013681,S13006,C012,2025-11-22,20,12,Low Attendance
A013682,S13107,C008,2025-01-20,20,10,Low Attendance
A013683,S09081,C027,2025-06-06,30,14,Low Attendance
A013684,S02507,C036,2025-05-27,15,9,Low Attendance
A013685,S08823,C049,2025-08-04,30,3,Low Attendance
A013686,S01948,C043,2025-07-27,10,8,Present
A013687,S03819,C017,2025-08-19,15,2,Low Attendance
A013688,S09411,C026,2025-04-14,30,1,Low Attendance
A013689,S14387,C023,2025-09-27,25,24,Present
A013690,S01132,C001,2025-03-23,20,16,Present
A013691,S14024,C019,2025-03-27,15,14,Present
A013692,S01860,C035,2025-08-18,15,14,Present
A013693,S16061,C048,2025-04-03,20,16,Present
A013694,S07460,C016,2025-09-07,10,1,Low Attendance
A013695,S11879,C025,2025-04-17,30,14,Low Attendance
A013696,S05919,C040,2025-05-24,30,7,Low Attendance
A013697,S14667,C043,2025-08-11,20,20,Present
A013698,S07460,C042,2025-06-10,30,26,Present
A013699,S08271,C042,2025-10-28,20,6,Low Attendance
A013700,S19666,C028,2025-10-29,30,19,Low Attendance
A013701,S12449,C027,2025-10-10,10,2,Low Attendance
A013702,S17410,C012,2025-10-04,10,6,Low Attendance
A013703,S14743,C015,2025-01-07,10,5,Low Attendance
A013704,S02825,C002,2025-05-15,10,5,Low Attendance
A013705,S12025,C030,2025-10-28,30,20,Low Attendance
A013706,S18634,C017,2025-04-12,20,18,Present
A013707,S11650,C015,2025-06-16,15,4,Low Attendance
A013708,S04691,C004,2025-10-01,10,9,Present
A013709,S10275,C015,2025-02-02,30,25,Present
A013710,S03985,C021,2025-12-31,20,17,Present
A013711,S04754,C030,2025-10-25,30,2,Low Attendance
A013712,S12272,C016,2025-10-10,10,3,Low Attendance
A013713,S15619,C050,2025-10-04,10,2,Low Attendance
A013714,S18449,C027,2025-10-27,20,14,Low Attendance
A013715,S19421,C029,2025-05-22,30,13,Low Attendance
A013716,S15462,C033,2025-01-31,20,14,Low Attendance
A013717,S02495,C044,2025-12-28,25,18,Low Attendance
A013718,S12342,C020,2025-04-01,30,3,Low Attendance
A013719,S19465,C045,2025-07-22,20,17,Present
A013720,S12013,C034,2025-02-03,30,21,Low Attendance
A013721,S19082,C018,2025-07-24,10,7,Low Attendance
A013722,S16617,C047,2025-09-13,15,9,Low Attendance
A013723,S01878,C049,2025-12-07,25,8,Low Attendance
A013724,S17502,C009,2025-03-25,15,0,Low Attendance
A013725,S15919,C019,2025-07-16,10,4,Low Attendance
A013726,S11113,C023,2025-05-28,10,1,Low Attendance
A013727,S04534,C022,2025-08-10,25,1,Low Attendance
A013728,S11390,C008,2025-06-29,15,15,Present
A013729,S08995,C021,2025-11-01,20,12,Low Attendance
A013730,S14854,C036,2025-06-07,10,4,Low Attendance
A013731,S00947,C027,2025-09-21,10,9,Present
A013732,S17770,C032,2025-11-20,20,11,Low Attendance
A013733,S18974,C002,2025-06-20,30,14,Low Attendance
A013734,S13953,C023,2025-07-29,20,10,Low Attendance
A013735,S03751,C035,2025-05-03,15,8,Low Attendance
A013736,S14888,C022,2025-02-07,10,9,Present
A013737,S11188,C020,2025-12-20,25,14,Low Attendance
A013738,S16556,C033,2025-09-12,30,1,Low Attendance
A013739,S10656,C028,2025-01-04,10,4,Low Attendance
A013740,S00312,C005,2025-03-22,30,11,Low Attendance
A013741,S00875,C013,2025-01-30,25,25,Present
A013742,S16845,C015,2025-01-13,10,3,Low Attendance
A013743,S10897,C049,2025-11-25,20,10,Low Attendance
A013744,S19141,C031,2025-12-11,10,2,Low Attendance
A013745,S03888,C016,2025-04-05,25,25,Present
A013746,S15904,C020,2025-10-10,30,2,Low Attendance
A013747,S06530,C002,2025-05-27,10,3,Low Attendance
A013748,S00373,C012,2025-10-28,30,15,Low Attendance
A013749,S19899,C036,2025-02-22,20,16,Present
A013750,S11483,C046,2025-08-04,15,11,Low Attendance
A013751,S06703,C026,2025-09-20,15,4,Low Attendance
A013752,S02985,C025,2025-05-09,10,7,Low Attendance
A013753,S10172,C014,2025-05-30,10,6,Low Attendance
A013754,S02114,C043,2025-09-20,25,6,Low Attendance
A013755,S18257,C043,2025-11-24,25,1,Low Attendance
A013756,S13857,C016,2025-07-29,25,18,Low Attendance
A013757,S05299,C002,2025-11-01,10,8,Present
A013758,S04660,C042,2025-05-08,20,19,Present
A013759,S14392,C048,2025-05-31,30,13,Low Attendance
A013760,S03580,C001,2025-10-01,20,13,Low Attendance
A013761,S01695,C039,2025-04-21,20,15,Present
A013762,S02475,C042,2025-05-28,25,4,Low Attendance
A013763,S11471,C005,2025-10-08,20,13,Low Attendance
A013764,S09388,C049,2025-08-17,25,4,Low Attendance
A013765,S15016,C048,2025-12-18,30,16,Low Attendance
A013766,S14435,C021,2025-02-05,15,3,Low Attendance
A013767,S03660,C040,2025-05-20,15,5,Low Attendance
A013768,S10423,C005,2025-07-09,25,8,Low Attendance
A013769,S06966,C009,2025-10-14,30,16,Low Attendance
A013770,S18501,C007,2025-04-14,15,9,Low Attendance
A013771,S10154,C016,2025-06-27,10,0,Low Attendance
A013772,S04163,C050,2025-03-19,10,6,Low Attendance
A013773,S09549,C038,2025-08-14,25,6,Low Attendance
A013774,S04243,C006,2025-08-21,25,20,Present
A013775,S18398,C002,2025-10-25,15,10,Low Attendance
A013776,S10160,C047,2025-01-13,25,17,Low Attendance
A013777,S09539,C018,2025-01-31,10,1,Low Attendance
A013778,S04959,C023,2025-01-31,25,8,Low Attendance
A013779,S09918,C036,2025-10-12,25,22,Present
A013780,S08303,C014,2025-03-15,30,13,Low Attendance
A013781,S00481,C026,2025-09-03,15,3,Low Attendance
A013782,S04062,C027,2025-02-20,25,24,Present
A013783,S02739,C028,2025-01-04,30,18,Low Attendance
A013784,S00284,C015,2025-09-25,20,5,Low Attendance
A013785,S04619,C047,2025-10-24,25,22,Present
A013786,S03826,C045,2025-04-08,30,15,Low Attendance
A013787,S06658,C022,2025-05-21,10,4,Low Attendance
A013788,S12068,C035,2025-08-15,15,0,Low Attendance
A013789,S01485,C037,2025-04-17,15,4,Low Attendance
A013790,S15544,C049,2025-02-28,15,0,Low Attendance
A013791,S07023,C023,2025-01-08,30,3,Low Attendance
A013792,S10281,C028,2025-07-01,30,5,Low Attendance
A013793,S06404,C047,2025-07-12,10,2,Low Attendance
A013794,S06553,C033,2025-09-03,10,7,Low Attendance
A013795,S19894,C030,2025-08-31,30,26,Present
A013796,S16360,C028,2025-01-30,25,3,Low Attendance
A013797,S03099,C019,2025-01-28,15,4,Low Attendance
A013798,S07402,C010,2025-09-14,20,16,Present
A013799,S04025,C050,2025-08-21,10,2,Low Attendance
A013800,S17837,C010,2025-06-07,30,1,Low Attendance
A013801,S15558,C034,2025-02-01,20,8,Low Attendance
A013802,S01833,C046,2025-11-03,25,13,Low Attendance
A013803,S07683,C030,2025-12-20,20,18,Present
A013804,S00773,C026,2025-08-31,30,28,Present
A013805,S18627,C017,2025-03-18,10,4,Low Attendance
A013806,S04880,C023,2025-08-23,25,18,Low Attendance
A013807,S10058,C031,2025-10-08,20,12,Low Attendance
A013808,S06243,C007,2025-06-21,15,8,Low Attendance
A013809,S08940,C029,2025-01-08,15,15,Present
A013810,S07019,C004,2025-05-11,30,15,Low Attendance
A013811,S18650,C029,2025-02-03,10,6,Low Attendance
A013812,S17125,C005,2025-05-20,30,17,Low Attendance
A013813,S17752,C047,2025-09-15,20,0,Low Attendance
A013814,S18733,C035,2025-07-21,15,1,Low Attendance
A013815,S04984,C015,2025-04-14,10,0,Low Attendance
A013816,S01941,C032,2025-11-10,10,6,Low Attendance
A013817,S19035,C020,2025-04-16,10,5,Low Attendance
A013818,S17425,C009,2025-03-09,25,6,Low Attendance
A013819,S03651,C045,2025-04-28,20,2,Low Attendance
A013820,S03578,C006,2025-10-25,10,4,Low Attendance
A013821,S19492,C037,2025-07-02,25,0,Low Attendance
A013822,S04407,C033,2025-01-24,15,15,Present
A013823,S06202,C045,2025-05-20,15,12,Present
A013824,S11611,C012,2025-10-23,15,12,Present
A013825,S10156,C005,2025-02-17,15,12,Present
A013826,S07277,C027,2025-06-28,20,19,Present
A013827,S02396,C045,2025-07-22,30,14,Low Attendance
A013828,S09447,C039,2025-09-23,25,17,Low Attendance
A013829,S19068,C049,2025-07-19,20,7,Low Attendance
A013830,S17702,C021,2025-09-09,15,7,Low Attendance
A013831,S08873,C012,2025-08-28,15,9,Low Attendance
A013832,S14688,C037,2025-05-14,10,6,Low Attendance
A013833,S11030,C038,2025-12-30,25,17,Low Attendance
A013834,S16927,C002,2025-04-14,15,15,Present
A013835,S17478,C048,2025-01-10,10,0,Low Attendance
A013836,S07250,C007,2025-05-30,20,12,Low Attendance
A013837,S11730,C049,2025-01-20,20,9,Low Attendance
A013838,S02702,C044,2025-05-03,20,7,Low Attendance
A013839,S09394,C017,2025-08-29,30,4,Low Attendance
A013840,S07598,C024,2025-07-21,30,29,Present
A013841,S04094,C016,2025-07-11,25,14,Low Attendance
A013842,S00017,C007,2025-05-29,20,16,Present
A013843,S15732,C049,2025-08-04,20,16,Present
A013844,S16000,C048,2025-12-13,25,18,Low Attendance
A013845,S02069,C032,2025-05-13,20,17,Present
A013846,S13414,C004,2025-04-13,25,20,Present
A013847,S18486,C005,2025-03-13,15,5,Low Attendance
A013848,S16879,C023,2025-05-05,25,12,Low Attendance
A013849,S08759,C001,2025-12-07,25,9,Low Attendance
A013850,S12407,C029,2025-02-27,25,11,Low Attendance
A013851,S05680,C047,2025-12-02,10,2,Low Attendance
A013852,S18988,C024,2025-01-06,20,7,Low Attendance
A013853,S07624,C043,2025-06-07,10,0,Low Attendance
A013854,S11851,C043,2025-04-25,10,4,Low Attendance
A013855,S17879,C036,2025-07-15,10,2,Low Attendance
A013856,S10685,C013,2025-09-04,25,3,Low Attendance
A013857,S04272,C001,2025-04-02,30,26,Present
A013858,S17617,C049,2025-11-28,15,1,Low Attendance
A013859,S12328,C025,2025-06-12,25,12,Low Attendance
A013860,S03506,C036,2025-07-10,10,8,Present
A013861,S17595,C022,2025-11-22,30,24,Present
A013862,S05414,C037,2025-03-13,20,5,Low Attendance
A013863,S01827,C026,2025-12-10,15,6,Low Attendance
A013864,S10781,C042,2025-11-13,10,8,Present
A013865,S07347,C039,2025-05-12,10,3,Low Attendance
A013866,S08038,C015,2025-06-05,20,13,Low Attendance
A013867,S17476,C002,2025-05-26,25,23,Present
A013868,S13662,C015,2025-01-18,20,10,Low Attendance
A013869,S19517,C013,2025-01-16,15,12,Present
A013870,S16248,C044,2025-11-05,10,4,Low Attendance
A013871,S19682,C029,2025-03-28,15,9,Low Attendance
A013872,S09500,C016,2025-01-31,25,25,Present
A013873,S16585,C042,2025-11-17,20,16,Present
A013874,S10361,C010,2025-01-15,10,3,Low Attendance
A013875,S16199,C011,2025-04-01,30,16,Low Attendance
A013876,S09753,C036,2025-06-25,20,9,Low Attendance
A013877,S11083,C003,2025-02-18,15,14,Present
A013878,S06976,C021,2025-04-27,15,14,Present
A013879,S17822,C001,2025-01-01,30,17,Low Attendance
A013880,S02710,C041,2025-07-23,25,4,Low Attendance
A013881,S03397,C019,2025-07-15,30,28,Present
A013882,S19546,C048,2025-02-01,10,5,Low Attendance
A013883,S11710,C012,2025-05-26,10,1,Low Attendance
A013884,S00037,C018,2025-02-13,25,8,Low Attendance
A013885,S09399,C043,2025-03-11,25,11,Low Attendance
A013886,S19727,C046,2025-02-14,20,7,Low Attendance
A013887,S06604,C024,2025-02-17,20,2,Low Attendance
A013888,S09177,C030,2025-02-03,20,19,Present
A013889,S13551,C040,2025-10-19,25,18,Low Attendance
A013890,S18643,C011,2025-01-29,30,12,Low Attendance
A013891,S06006,C024,2025-11-02,30,7,Low Attendance
A013892,S16429,C020,2025-04-21,20,16,Present
A013893,S10144,C043,2025-04-30,15,5,Low Attendance
A013894,S00256,C002,2025-10-20,25,14,Low Attendance
A013895,S13667,C022,2025-08-28,20,2,Low Attendance
A013896,S11980,C026,2025-04-14,10,2,Low Attendance
A013897,S19700,C049,2025-09-09,20,0,Low Attendance
A013898,S06031,C039,2025-11-16,25,0,Low Attendance
A013899,S03874,C024,2025-01-15,15,13,Present
A013900,S08414,C045,2025-10-31,15,12,Present
A013901,S03455,C006,2025-04-27,25,4,Low Attendance
A013902,S06462,C001,2025-03-11,20,12,Low Attendance
A013903,S19103,C026,2025-04-27,20,20,Present
A013904,S16403,C045,2025-02-23,25,0,Low Attendance
A013905,S18558,C006,2025-09-05,15,10,Low Attendance
A013906,S17376,C032,2025-02-24,20,1,Low Attendance
A013907,S00919,C034,2025-10-07,30,17,Low Attendance
A013908,S16333,C004,2025-11-14,30,26,Present
A013909,S07271,C041,2025-12-09,20,11,Low Attendance
A013910,S15470,C012,2025-10-08,10,9,Present
A013911,S19692,C031,2025-09-14,15,12,Present
A013912,S09096,C027,2025-06-29,20,8,Low Attendance
A013913,S04404,C017,2025-10-22,20,20,Present
A013914,S02330,C015,2025-05-04,25,4,Low Attendance
A013915,S09546,C004,2025-06-06,20,0,Low Attendance
A013916,S03086,C039,2025-01-29,10,4,Low Attendance
A013917,S19130,C037,2025-06-20,20,20,Present
A013918,S14548,C050,2025-08-08,25,5,Low Attendance
A013919,S15138,C049,2025-02-01,15,3,Low Attendance
A013920,S19255,C008,2025-06-26,25,5,Low Attendance
A013921,S18204,C007,2025-03-30,10,6,Low Attendance
A013922,S13389,C005,2025-02-09,15,12,Present
A013923,S07950,C045,2025-03-11,25,19,Present
A013924,S12749,C022,2025-10-25,25,23,Present
A013925,S10345,C047,2025-01-18,30,1,Low Attendance
A013926,S17224,C025,2025-03-01,25,23,Present
A013927,S11073,C034,2025-02-12,10,9,Present
A013928,S19209,C045,2025-01-22,30,6,Low Attendance
A013929,S03507,C016,2025-12-02,15,10,Low Attendance
A013930,S08565,C047,2025-08-30,25,16,Low Attendance
A013931,S06812,C013,2025-06-14,15,12,Present
A013932,S19054,C033,2025-10-29,10,0,Low Attendance
A013933,S18566,C002,2025-02-15,10,3,Low Attendance
A013934,S09469,C002,2025-08-10,10,10,Present
A013935,S17946,C008,2025-07-18,25,5,Low Attendance
A013936,S13382,C013,2025-08-26,15,1,Low Attendance
A013937,S00488,C004,2025-07-23,10,0,Low Attendance
A013938,S10620,C032,2025-04-11,10,7,Low Attendance
A013939,S16935,C001,2025-02-27,25,24,Present
A013940,S18432,C016,2025-12-04,20,15,Present
A013941,S13301,C003,2025-01-24,15,6,Low Attendance
A013942,S03535,C035,2025-01-09,20,17,Present
A013943,S02949,C015,2025-10-17,15,12,Present
A013944,S13062,C049,2025-05-05,20,9,Low Attendance
A013945,S17578,C020,2025-07-09,10,2,Low Attendance
A013946,S09094,C010,2025-09-25,30,25,Present
A013947,S08380,C050,2025-01-09,25,24,Present
A013948,S12025,C045,2025-08-29,20,3,Low Attendance
A013949,S12110,C044,2025-01-11,20,19,Present
A013950,S08415,C016,2025-08-06,20,11,Low Attendance
A013951,S04910,C001,2025-05-13,20,12,Low Attendance
A013952,S19300,C021,2025-06-13,25,14,Low Attendance
A013953,S00188,C044,2025-05-30,25,4,Low Attendance
A013954,S15429,C050,2025-10-05,25,10,Low Attendance
A013955,S04780,C037,2025-05-26,25,8,Low Attendance
A013956,S04902,C041,2025-06-02,15,1,Low Attendance
A013957,S19842,C010,2025-03-14,30,19,Low Attendance
A013958,S11639,C006,2025-07-02,15,7,Low Attendance
A013959,S11561,C047,2025-05-28,15,14,Present
A013960,S01877,C039,2025-09-12,20,11,Low Attendance
A013961,S19514,C029,2025-06-18,10,5,Low Attendance
A013962,S02480,C041,2025-11-01,20,2,Low Attendance
A013963,S04077,C029,2025-04-24,25,9,Low Attendance
A013964,S07064,C044,2025-08-11,15,5,Low Attendance
A013965,S03755,C010,2025-01-06,20,0,Low Attendance
A013966,S05251,C019,2025-03-29,15,12,Present
A013967,S12505,C016,2025-05-27,10,1,Low Attendance
A013968,S01096,C044,2025-09-02,15,11,Low Attendance
A013969,S03070,C023,2025-04-22,20,7,Low Attendance
A013970,S13277,C020,2025-11-17,10,1,Low Attendance
A013971,S17666,C028,2025-05-30,20,4,Low Attendance
A013972,S13073,C020,2025-06-24,20,15,Present
A013973,S03292,C001,2025-12-27,25,4,Low Attendance
A013974,S16035,C017,2025-10-30,20,2,Low Attendance
A013975,S17171,C007,2025-07-02,10,3,Low Attendance
A013976,S07907,C017,2025-09-10,30,29,Present
A013977,S00396,C041,2025-05-10,25,3,Low Attendance
A013978,S10747,C050,2025-04-29,10,3,Low Attendance
A013979,S04569,C037,2025-10-06,25,8,Low Attendance
A013980,S18999,C046,2025-05-24,30,3,Low Attendance
A013981,S09499,C022,2025-04-17,30,4,Low Attendance
A013982,S03274,C011,2025-10-30,30,28,Present
A013983,S06303,C021,2025-05-19,10,0,Low Attendance
A013984,S17347,C049,2025-02-17,25,0,Low Attendance
A013985,S17501,C034,2025-10-24,20,17,Present
A013986,S07263,C030,2025-02-20,20,9,Low Attendance
A013987,S07687,C041,2025-04-14,30,15,Low Attendance
A013988,S17939,C007,2025-04-18,15,2,Low Attendance
A013989,S19044,C006,2025-07-05,25,17,Low Attendance
A013990,S11325,C030,2025-12-21,30,0,Low Attendance
A013991,S17723,C044,2025-09-09,10,0,Low Attendance
A013992,S19619,C006,2025-10-08,15,14,Present
A013993,S16807,C025,2025-05-16,30,2,Low Attendance
A013994,S08720,C019,2025-09-12,30,21,Low Attendance
A013995,S06155,C037,2025-07-06,25,16,Low Attendance
A013996,S05403,C003,2025-06-09,15,14,Present
A013997,S09243,C013,2025-07-12,10,7,Low Attendance
A013998,S05571,C039,2025-12-23,25,14,Low Attendance
A013999,S06744,C022,2025-03-28,10,3,Low Attendance
A014000,S02388,C034,2025-11-07,15,14,Present
A014001,S02248,C046,2025-03-21,30,28,Present
A014002,S10756,C019,2025-03-25,10,3,Low Attendance
A014003,S19101,C030,2025-04-05,30,11,Low Attendance
A014004,S03587,C043,2025-10-09,15,6,Low Attendance
A014005,S11408,C026,2025-05-15,20,0,Low Attendance
A014006,S09797,C044,2025-12-09,30,25,Present
A014007,S14602,C035,2025-03-05,15,1,Low Attendance
A014008,S08606,C025,2025-01-12,20,3,Low Attendance
A014009,S14429,C001,2025-04-06,10,7,Low Attendance
A014010,S05889,C010,2025-03-27,20,8,Low Attendance
A014011,S05308,C036,2025-11-02,25,23,Present
A014012,S09764,C009,2025-04-01,15,7,Low Attendance
A014013,S00682,C005,2025-11-26,30,11,Low Attendance
A014014,S08045,C015,2025-03-06,10,6,Low Attendance
A014015,S09458,C028,2025-06-30,20,10,Low Attendance
A014016,S09552,C020,2025-11-25,15,13,Present
A014017,S18881,C025,2025-05-24,30,15,Low Attendance
A014018,S09082,C035,2025-06-30,30,8,Low Attendance
A014019,S10337,C008,2025-03-02,15,6,Low Attendance
A014020,S16019,C050,2025-09-01,10,7,Low Attendance
A014021,S04058,C037,2025-10-31,20,15,Present
A014022,S03420,C032,2025-03-05,20,9,Low Attendance
A014023,S12066,C048,2025-09-08,25,18,Low Attendance
A014024,S18516,C017,2025-03-14,30,28,Present
A014025,S07824,C002,2025-09-10,20,7,Low Attendance
A014026,S03478,C021,2025-12-01,20,4,Low Attendance
A014027,S07365,C012,2025-10-21,25,7,Low Attendance
A014028,S12424,C026,2025-03-25,20,5,Low Attendance
A014029,S05262,C009,2025-03-11,25,4,Low Attendance
A014030,S16545,C049,2025-03-20,20,12,Low Attendance
A014031,S00884,C025,2025-08-13,10,5,Low Attendance
A014032,S16529,C017,2025-06-05,30,30,Present
A014033,S12302,C001,2025-08-21,20,17,Present
A014034,S17104,C033,2025-06-22,15,5,Low Attendance
A014035,S12962,C003,2025-08-14,25,23,Present
A014036,S11509,C028,2025-05-28,30,30,Present
A014037,S09653,C016,2025-01-13,10,0,Low Attendance
A014038,S11817,C011,2025-02-24,10,0,Low Attendance
A014039,S12870,C025,2025-07-05,10,3,Low Attendance
A014040,S10310,C023,2025-09-03,10,9,Present
A014041,S14616,C022,2025-08-20,10,7,Low Attendance
A014042,S07112,C009,2025-05-06,15,9,Low Attendance
A014043,S14132,C027,2025-04-15,25,22,Present
A014044,S18936,C005,2025-04-14,25,11,Low Attendance
A014045,S15028,C031,2025-01-07,20,19,Present
A014046,S04599,C013,2025-03-18,10,10,Present
A014047,S01891,C022,2025-10-05,25,11,Low Attendance
A014048,S18194,C041,2025-08-16,30,20,Low Attendance
A014049,S12500,C019,2025-03-10,30,20,Low Attendance
A014050,S09709,C028,2025-03-12,25,12,Low Attendance
A014051,S06290,C014,2025-09-11,25,25,Present
A014052,S12451,C006,2025-07-01,10,6,Low Attendance
A014053,S01721,C012,2025-06-21,10,2,Low Attendance
A014054,S11854,C033,2025-09-25,25,16,Low Attendance
A014055,S15695,C003,2025-04-18,30,25,Present
A014056,S08608,C010,2025-12-28,30,29,Present
A014057,S08668,C017,2025-08-18,10,9,Present
A014058,S17284,C013,2025-12-29,15,10,Low Attendance
A014059,S18658,C031,2025-11-15,20,0,Low Attendance
A014060,S18555,C016,2025-02-10,10,10,Present
A014061,S14328,C023,2025-10-20,10,0,Low Attendance
A014062,S02434,C031,2025-03-25,20,18,Present
A014063,S01677,C020,2025-04-09,30,14,Low Attendance
A014064,S12552,C002,2025-09-20,20,2,Low Attendance
A014065,S15995,C018,2025-02-08,20,11,Low Attendance
A014066,S03685,C046,2025-12-08,25,15,Low Attendance
A014067,S05209,C005,2025-01-06,25,3,Low Attendance
A014068,S06168,C016,2025-02-15,25,0,Low Attendance
A014069,S10553,C044,2025-10-03,20,9,Low Attendance
A014070,S17411,C032,2025-07-09,25,4,Low Attendance
A014071,S07544,C029,2025-08-16,15,0,Low Attendance
A014072,S10087,C037,2025-12-09,25,25,Present
A014073,S03145,C047,2025-03-24,30,10,Low Attendance
A014074,S03766,C014,2025-04-27,30,17,Low Attendance
A014075,S06515,C015,2025-03-14,15,0,Low Attendance
A014076,S03665,C048,2025-04-09,20,8,Low Attendance
A014077,S00362,C045,2025-04-09,25,14,Low Attendance
A014078,S02447,C010,2025-08-10,25,23,Present
A014079,S15014,C011,2025-02-16,10,5,Low Attendance
A014080,S17903,C020,2025-06-11,25,13,Low Attendance
A014081,S09389,C045,2025-06-18,20,12,Low Attendance
A014082,S16293,C043,2025-11-22,15,2,Low Attendance
A014083,S07173,C031,2025-05-18,30,23,Present
A014084,S08209,C008,2025-12-30,10,7,Low Attendance
A014085,S00747,C040,2025-10-11,20,1,Low Attendance
A014086,S05576,C011,2025-06-24,25,17,Low Attendance
A014087,S16591,C025,2025-10-09,15,8,Low Attendance
A014088,S15333,C017,2025-06-08,10,6,Low Attendance
A014089,S03981,C001,2025-08-11,10,9,Present
A014090,S00524,C037,2025-06-28,20,9,Low Attendance
A014091,S17267,C015,2025-08-26,30,12,Low Attendance
A014092,S10339,C021,2025-04-09,30,3,Low Attendance
A014093,S17531,C029,2025-08-10,10,10,Present
A014094,S19138,C020,2025-01-17,10,6,Low Attendance
A014095,S01928,C009,2025-07-26,20,13,Low Attendance
A014096,S02459,C045,2025-02-14,20,16,Present
A014097,S19747,C008,2025-08-09,10,8,Present
A014098,S10227,C008,2025-12-14,30,5,Low Attendance
A014099,S01962,C015,2025-12-12,15,7,Low Attendance
A014100,S16015,C028,2025-05-28,30,27,Present
A014101,S03404,C008,2025-03-18,15,1,Low Attendance
A014102,S10809,C042,2025-12-25,15,6,Low Attendance
A014103,S09163,C048,2025-10-07,15,11,Low Attendance
A014104,S18315,C012,2025-10-26,20,6,Low Attendance
A014105,S09382,C025,2025-01-29,15,15,Present
A014106,S01286,C020,2025-04-19,20,20,Present
A014107,S16806,C025,2025-05-26,30,2,Low Attendance
A014108,S16521,C046,2025-03-04,25,1,Low Attendance
A014109,S18263,C042,2025-04-26,10,7,Low Attendance
A014110,S08817,C019,2025-03-12,30,15,Low Attendance
A014111,S09899,C001,2025-01-02,25,4,Low Attendance
A014112,S10963,C026,2025-01-05,20,7,Low Attendance
A014113,S00718,C007,2025-04-06,10,3,Low Attendance
A014114,S03679,C029,2025-01-13,10,6,Low Attendance
A014115,S07162,C050,2025-03-04,20,14,Low Attendance
A014116,S02629,C045,2025-06-15,30,5,Low Attendance
A014117,S07603,C024,2025-11-10,25,11,Low Attendance
A014118,S03860,C002,2025-01-09,25,6,Low Attendance
A014119,S00800,C029,2025-06-22,30,21,Low Attendance
A014120,S15169,C006,2025-10-21,20,2,Low Attendance
A014121,S01447,C048,2025-12-07,25,13,
A014122,S13874,C006,2025-03-11,30,22,Low Attendance
A014123,S01344,C047,2025-10-29,20,6,Low Attendance
A014124,S11406,C036,2025-05-04,20,15,Present
A014125,S13532,C049,2025-11-08,25,20,Present
A014126,S14415,C049,2025-10-09,25,9,Low Attendance
A014127,S09403,C035,2025-11-18,10,1,Low Attendance
A014128,S07125,C034,2025-09-19,10,1,Low Attendance
A014129,S09791,C024,2025-07-12,30,23,Present
A014130,S03081,C004,2025-03-05,15,12,Present
A014131,S06751,C019,2025-03-23,15,0,Low Attendance
A014132,S00767,C046,2025-12-15,15,11,Low Attendance
A014133,S04685,C021,2025-10-20,10,5,Low Attendance
A014134,S02398,C046,2025-04-29,20,4,Low Attendance
A014135,S18913,C040,2025-08-25,10,10,Present
A014136,S19341,C033,2025-09-05,20,18,Present
A014137,S15626,C014,2025-02-16,10,0,Low Attendance
A014138,S15384,C021,2025-05-01,30,23,Present
A014139,S05401,C015,2025-02-23,10,0,Low Attendance
A014140,S06747,C028,2025-05-25,30,7,Low Attendance
A014141,S13647,C016,2025-11-28,30,29,Present
A014142,S11215,C033,2025-08-09,15,12,Present
A014143,S00564,C049,2025-04-16,20,5,Low Attendance
A014144,S02744,C008,2025-05-21,20,12,Low Attendance
A014145,S04518,C004,2025-01-27,15,5,Low Attendance
A014146,S03971,C050,2025-02-27,30,9,Low Attendance
A014147,S08938,C035,2025-05-27,10,8,Present
A014148,S12897,C016,2025-11-08,20,0,Low Attendance
A014149,S19219,C035,2025-07-13,25,22,Present
A014150,S00295,C044,2025-02-08,30,4,Low Attendance
A014151,S14735,C022,2025-10-07,20,9,Low Attendance
A014152,S02837,C016,2025-09-16,10,9,Present
A014153,S11199,C042,2025-02-02,20,3,Low Attendance
A014154,S10657,C030,2025-06-25,15,5,Low Attendance
A014155,S07135,C038,2025-06-05,10,1,Low Attendance
A014156,S19720,C042,2025-12-06,15,4,Low Attendance
A014157,S03633,C048,2025-03-24,10,9,Present
A014158,S08022,C034,2025-09-04,10,2,Low Attendance
A014159,S18486,C013,2025-02-24,10,3,Low Attendance
A014160,S01090,C046,2025-05-16,25,14,Low Attendance
A014161,S11121,C036,2025-02-18,15,4,Low Attendance
A014162,S13319,C043,2025-08-18,30,19,Low Attendance
A014163,S13118,C015,2025-08-31,25,22,Present
A014164,S10887,C028,2025-05-17,25,17,Low Attendance
A014165,S04009,C004,2025-04-21,20,8,Low Attendance
A014166,S01122,C015,2025-07-28,30,0,Low Attendance
A014167,S09312,C050,2025-02-28,30,30,Present
A014168,S08019,C041,2025-08-06,20,5,Low Attendance
A014169,S00572,C035,2025-06-02,30,10,Low Attendance
A014170,S12572,C005,2025-02-15,20,3,Low Attendance
A014171,S01618,C027,2025-08-30,25,18,Low Attendance
A014172,S03336,C039,2025-04-22,20,16,Present
A014173,S12877,C043,2025-04-17,30,18,Low Attendance
A014174,S06538,C043,2025-11-01,10,8,Present
A014175,S16081,C021,2025-10-07,25,13,Low Attendance
A014176,S08410,C002,2025-12-13,15,14,Present
A014177,S17155,C047,2025-01-28,10,10,Present
A014178,S07011,C031,2025-08-02,10,1,Low Attendance
A014179,S13318,C044,2025-06-25,20,20,Present
A014180,S05605,C048,2025-07-25,15,3,Low Attendance
A014181,S08451,C009,2025-07-23,15,9,Low Attendance
A014182,S16350,C049,2025-09-07,15,13,Present
A014183,S03547,C007,2025-07-17,25,22,Present
A014184,S07917,C047,2025-12-14,20,17,Present
A014185,S04904,C050,2025-04-04,15,9,Low Attendance
A014186,S08503,C030,2025-03-05,30,17,Low Attendance
A014187,S06682,C022,2025-04-18,30,19,Low Attendance
A014188,S17702,C019,2025-08-09,10,5,Low Attendance
A014189,S07641,C015,2025-11-30,25,4,Low Attendance
A014190,S02579,C012,2025-06-10,10,7,Low Attendance
A014191,S19768,C013,2025-03-18,15,14,Present
A014192,S07489,C033,2025-06-29,30,26,Present
A014193,S17987,C040,2025-12-28,30,9,Low Attendance
A014194,S15590,C027,2025-05-09,15,11,Low Attendance
A014195,S04312,C027,2025-04-15,15,3,Low Attendance
A014196,S13619,C019,2025-05-09,15,0,Low Attendance
A014197,S13660,C047,2025-03-29,25,20,Present
A014198,S10520,C012,2025-01-11,30,12,Low Attendance
A014199,S19808,C011,2025-12-15,10,2,Low Attendance
A014200,S00552,C005,2025-05-13,10,8,Present
A014201,S14716,C013,2025-09-04,10,3,Low Attendance
A014202,S10974,C016,2025-07-01,30,13,Low Attendance
A014203,S01795,C039,2025-11-07,20,7,Low Attendance
A014204,S05500,C007,2025-10-10,25,8,Low Attendance
A014205,S14074,C018,2025-02-07,30,14,Low Attendance
A014206,S15116,C028,2025-12-31,25,23,Present
A014207,S00940,C013,2025-04-08,25,1,Low Attendance
A014208,S05179,C037,2025-01-02,30,10,Low Attendance
A014209,S11805,C024,2025-10-11,15,0,Low Attendance
A014210,S00621,C020,2025-08-06,10,7,Low Attendance
A014211,S06465,C034,2025-02-15,25,11,Low Attendance
A014212,S17792,C047,2025-05-23,15,5,Low Attendance
A014213,S01783,C021,2025-08-20,20,10,Low Attendance
A014214,S00208,C021,2025-09-29,20,0,Low Attendance
A014215,S12967,C038,2025-09-19,15,0,Low Attendance
A014216,S19973,C043,2025-11-15,20,15,Present
A014217,S15913,C045,2025-09-17,10,8,Present
A014218,S19950,C040,2025-08-25,25,18,Low Attendance
A014219,S10368,C028,2025-07-04,10,7,Low Attendance
A014220,S02049,C018,2025-06-15,15,3,Low Attendance
A014221,S05119,C028,2025-10-02,10,3,Low Attendance
A014222,S07428,C033,2025-03-31,25,6,Low Attendance
A014223,S00353,C046,2025-11-08,25,0,Low Attendance
A014224,S03207,C046,2025-08-06,25,19,Present
A014225,S10370,C030,2025-02-12,10,1,Low Attendance
A014226,S19917,C003,2025-12-20,10,9,Present
A014227,S18361,C021,2025-07-11,20,4,Low Attendance
A014228,S10719,C042,2025-03-18,10,2,Low Attendance
A014229,S00915,C047,2025-04-16,20,1,Low Attendance
A014230,S09535,C025,2025-06-06,25,13,Low Attendance
A014231,S05623,C040,2025-12-28,30,3,Low Attendance
A014232,S01484,C014,2025-05-06,20,19,Present
A014233,S05898,C013,2025-05-15,20,4,Low Attendance
A014234,S07020,C033,2025-01-07,20,18,Present
A014235,S02340,C032,2025-02-21,10,1,Low Attendance
A014236,S17374,C010,2025-10-14,20,20,Present
A014237,S05921,C005,2025-09-08,30,5,
A014238,S01480,C031,2025-02-09,30,23,Present
A014239,S11255,C009,2025-01-22,25,0,Low Attendance
A014240,S16008,C026,2025-12-28,20,10,Low Attendance
A014241,S00760,C011,2025-11-10,30,25,Present
A014242,S18623,C042,2025-09-17,20,4,Low Attendance
A014243,S17751,C003,2025-11-28,30,24,Present
A014244,S18650,C010,2025-08-18,20,8,Low Attendance
A014245,S19126,C048,2025-09-10,15,7,Low Attendance
A014246,S18895,C047,2025-08-24,15,14,Present
A014247,S15718,C037,2025-01-05,25,8,Low Attendance
A014248,S12707,C041,2025-05-05,10,1,Low Attendance
A014249,S17952,C021,2025-07-27,25,25,Present
A014250,S06734,C020,2025-08-26,10,10,Present
A014251,S14433,C006,2025-08-20,20,6,Low Attendance
A014252,S09644,C027,2025-05-09,25,18,Low Attendance
A014253,S17533,C011,2025-08-02,15,14,Present
A014254,S04233,C042,2025-06-06,25,10,Low Attendance
A014255,S07020,C037,2025-08-19,25,20,Present
A014256,S03077,C018,2025-02-26,30,3,Low Attendance
A014257,S07203,C017,2025-07-20,30,11,Low Attendance
A014258,S16784,C045,2025-03-06,20,7,Low Attendance
A014259,S07366,C007,2025-05-13,25,9,Low Attendance
A014260,S01291,C009,2025-06-24,15,10,Low Attendance
A014261,S13633,C007,2025-08-08,30,27,Present
A014262,S14617,C013,2025-07-11,20,2,Low Attendance
A014263,S06124,C038,2025-08-25,25,6,Low Attendance
A014264,S03002,C005,2025-03-25,20,7,Low Attendance
A014265,S08491,C012,2025-10-22,25,25,Present
A014266,S02776,C016,2025-10-09,10,1,Low Attendance
A014267,S16902,C002,2025-10-20,25,14,Low Attendance
A014268,S05476,C044,2025-12-13,10,9,Present
A014269,S13071,C017,2025-02-25,10,1,Low Attendance
A014270,S04264,C007,2025-05-25,15,13,Present
A014271,S00287,C002,2025-07-23,10,4,Low Attendance
A014272,S02352,C035,2025-10-01,10,4,Low Attendance
A014273,S16732,C022,2025-02-28,15,8,Low Attendance
A014274,S13615,C038,2025-11-06,25,23,Present
A014275,S16291,C030,2025-08-23,25,24,Present
A014276,S01730,C039,2025-12-12,20,17,Present
A014277,S15562,C011,2025-01-20,10,9,Present
A014278,S15644,C009,2025-02-26,10,1,Low Attendance
A014279,S05895,C031,2025-05-22,20,8,Low Attendance
A014280,S14571,C010,2025-12-17,30,8,Low Attendance
A014281,S01598,C013,2025-09-22,15,9,Low Attendance
A014282,S16369,C023,2025-11-21,10,4,Low Attendance
A014283,S03815,C050,2025-02-14,15,7,Low Attendance
A014284,S01085,C033,2025-06-25,10,4,Low Attendance
A014285,S18336,C017,2025-03-07,30,27,Present
A014286,S05009,C023,2025-06-21,25,2,Low Attendance
A014287,S07891,C008,2025-08-08,25,12,Low Attendance
A014288,S02730,C038,2025-10-18,25,20,Present
A014289,S17620,C026,2025-03-29,10,8,Present
A014290,S07457,C045,2025-01-14,30,16,Low Attendance
A014291,S03811,C036,2025-07-04,20,6,Low Attendance
A014292,S01005,C009,2025-10-06,30,21,Low Attendance
A014293,S08158,C016,2025-01-26,10,2,Low Attendance
A014294,S04835,C014,2025-03-30,30,23,Present
A014295,S08234,C037,2025-09-27,30,25,Present
A014296,S11889,C016,2025-03-28,20,1,Low Attendance
A014297,S13094,C041,2025-07-08,15,10,Low Attendance
A014298,S09976,C011,2025-01-15,30,6,Low Attendance
A014299,S13604,C012,2025-07-12,30,3,Low Attendance
A014300,S05136,C045,2025-12-13,25,7,Low Attendance
A014301,S11198,C038,2025-01-15,30,5,Low Attendance
A014302,S07661,C005,2025-03-22,20,15,Present
A014303,S11406,C025,2025-12-05,25,15,Low Attendance
A014304,S07665,C027,2025-01-03,20,4,Low Attendance
A014305,S01460,C008,2025-05-13,25,18,Low Attendance
A014306,S19808,C014,2025-03-18,30,1,Low Attendance
A014307,S09012,C003,2025-11-10,10,5,Low Attendance
A014308,S18886,C036,2025-02-14,30,16,Low Attendance
A014309,S11157,C033,2025-07-31,15,1,Low Attendance
A014310,S06278,C029,2025-09-30,10,6,Low Attendance
A014311,S15090,C020,2025-09-05,10,7,Low Attendance
A014312,S06926,C040,2025-08-25,30,26,Present
A014313,S02967,C022,2025-03-11,25,22,Present
A014314,S15968,C009,2025-04-30,15,8,Low Attendance
A014315,S00873,C050,2025-11-01,25,9,Low Attendance
A014316,S14787,C025,2025-11-21,25,20,Present
A014317,S01921,C037,2025-12-02,30,20,Low Attendance
A014318,S02149,C035,2025-08-28,10,10,Present
A014319,S05411,C009,2025-06-04,25,11,Low Attendance
A014320,S12369,C050,2025-02-08,20,11,Low Attendance
A014321,S15579,C031,2025-08-24,10,0,Low Attendance
A014322,S18486,C046,2025-07-15,10,0,Low Attendance
A014323,S05369,C003,2025-03-02,15,8,Low Attendance
A014324,S02526,C025,2025-11-13,30,29,Present
A014325,S03409,C048,2025-09-21,15,14,Present
A014326,S18525,C036,2025-12-25,15,15,Present
A014327,S03345,C027,2025-09-30,25,4,Low Attendance
A014328,S07697,C038,2025-12-14,30,20,Low Attendance
A014329,S18070,C002,2025-04-10,30,19,Low Attendance
A014330,S19779,C048,2025-05-19,10,5,Low Attendance
A014331,S18214,C007,2025-10-31,20,10,Low Attendance
A014332,S16302,C013,2025-12-12,25,18,Low Attendance
A014333,S00593,C050,2025-11-17,30,19,Low Attendance
A014334,S10727,C045,2025-06-09,20,11,Low Attendance
A014335,S07943,C029,2025-09-29,30,12,Low Attendance
A014336,S07418,C036,2025-12-16,15,2,Low Attendance
A014337,S00652,C048,2025-07-11,25,13,Low Attendance
A014338,S12535,C014,2025-01-07,15,4,Low Attendance
A014339,S04067,C049,2025-10-20,25,15,Low Attendance
A014340,S02655,C019,2025-04-13,10,9,Present
A014341,S02158,C033,2025-12-21,25,3,Low Attendance
A014342,S19183,C027,2025-11-21,15,9,Low Attendance
A014343,S14814,C003,2025-04-02,25,1,Low Attendance
A014344,S18540,C007,2025-08-06,25,12,Low Attendance
A014345,S05315,C036,2025-08-06,20,3,Low Attendance
A014346,S01307,C024,2025-12-05,15,2,Low Attendance
A014347,S06738,C018,2025-05-22,25,2,Low Attendance
A014348,S02047,C005,2025-08-11,10,8,Present
A014349,S19773,C019,2025-09-28,20,3,Low Attendance
A014350,S03678,C049,2025-03-16,15,6,Low Attendance
A014351,S04532,C014,2025-07-18,15,9,Low Attendance
A014352,S10648,C041,2025-05-16,25,25,Present
A014353,S12899,C023,2025-03-07,10,5,Low Attendance
A014354,S14417,C023,2025-07-03,25,1,Low Attendance
A014355,S15114,C029,2025-12-05,10,5,Low Attendance
A014356,S14861,C006,2025-09-07,10,3,Low Attendance
A014357,S01862,C050,2025-09-23,30,29,Present
A014358,S09786,C004,2025-08-07,20,0,Low Attendance
A014359,S13955,C026,2025-02-05,15,12,Present
A014360,S16899,C040,2025-03-24,25,11,Low Attendance
A014361,S12781,C020,2025-12-05,25,23,Present
A014362,S06612,C018,2025-05-07,15,5,Low Attendance
A014363,S04057,C012,2025-07-20,20,2,Low Attendance
A014364,S09884,C036,2025-05-02,15,7,Low Attendance
A014365,S03693,C034,2025-07-22,10,1,Low Attendance
A014366,S10335,C027,2025-06-13,25,25,Present
A014367,S12681,C041,2025-07-31,10,3,Low Attendance
A014368,S19408,C007,2025-03-03,25,12,Low Attendance
A014369,S19290,C023,2025-08-12,20,18,Present
A014370,S07893,C003,2025-05-15,15,4,Low Attendance
A014371,S19573,C046,2025-06-18,25,19,Present
A014372,S02199,C021,2025-03-07,25,14,Low Attendance
A014373,S18749,C050,2025-08-17,30,27,Present
A014374,S04495,C039,2025-11-25,20,0,Low Attendance
A014375,S14728,C028,2025-09-22,25,13,Low Attendance
A014376,S11432,C009,2025-03-22,10,10,Present
A014377,S05743,C010,2025-10-08,25,19,Present
A014378,S14535,C016,2025-01-23,30,5,Low Attendance
A014379,S16267,C015,2025-12-04,10,0,Low Attendance
A014380,S02572,C046,2025-12-19,20,6,Low Attendance
A014381,S06639,C040,2025-11-10,30,3,Low Attendance
A014382,S19810,C024,2025-09-15,25,9,Low Attendance
A014383,S00730,C036,2025-01-08,20,3,Low Attendance
A014384,S14348,C027,2025-07-28,10,10,Present
A014385,S08102,C024,2025-01-11,10,9,Present
A014386,S04988,C029,2025-07-02,30,1,Low Attendance
A014387,S16370,C039,2025-02-07,15,10,Low Attendance
A014388,S18128,C024,2025-02-16,15,13,Present
A014389,S11100,C015,2025-10-17,30,5,Low Attendance
A014390,S10780,C012,2025-01-22,25,8,Low Attendance
A014391,S18798,C046,2025-03-12,10,5,Low Attendance
A014392,S10867,C044,2025-02-26,25,15,Low Attendance
A014393,S19446,C040,2025-03-13,10,7,Low Attendance
A014394,S04629,C002,2025-07-26,20,2,Low Attendance
A014395,S10706,C003,2025-07-17,25,10,Low Attendance
A014396,S19864,C026,2025-09-30,30,28,Present
A014397,S02973,C009,2025-11-02,15,14,Present
A014398,S02621,C005,2025-02-12,10,10,Present
A014399,S07548,C024,2025-06-28,15,8,Low Attendance
A014400,S02010,C007,2025-04-24,15,7,Low Attendance
A014401,S16923,C008,2025-11-12,30,14,Low Attendance
A014402,S07591,C035,2025-10-01,10,0,Low Attendance
A014403,S04620,C025,2025-04-13,30,1,Low Attendance
A014404,S09923,C007,2025-04-14,25,3,Low Attendance
A014405,S01570,C012,2025-10-23,15,5,Low Attendance
A014406,S03216,C008,2025-07-27,20,8,Low Attendance
A014407,S06330,C026,2025-05-02,20,15,Present
A014408,S05704,C020,2025-07-29,10,2,Low Attendance
A014409,S04025,C046,2025-06-07,25,21,Present
A014410,S06746,C009,2025-05-04,25,17,Low Attendance
A014411,S03807,C028,2025-09-14,10,7,Low Attendance
A014412,S06137,C024,2025-03-06,30,23,Present
A014413,S12341,C020,2025-09-26,15,15,Present
A014414,S05674,C006,2025-03-16,20,20,Present
A014415,S17837,C022,2025-03-12,25,16,Low Attendance
A014416,S07033,C047,2025-03-06,10,2,Low Attendance
A014417,S12687,C020,2025-07-21,20,3,Low Attendance
A014418,S11947,C015,2025-06-25,10,4,Low Attendance
A014419,S04535,C044,2025-06-24,15,11,Low Attendance
A014420,S15877,C050,2025-10-31,15,11,Low Attendance
A014421,S09834,C034,2025-10-12,25,10,Low Attendance
A014422,S03171,C048,2025-08-23,20,11,Low Attendance
A014423,S06487,C029,2025-07-23,25,4,Low Attendance
A014424,S09260,C015,2025-04-01,15,10,Low Attendance
A014425,S15809,C010,2025-09-10,15,14,Present
A014426,S01086,C038,2025-06-27,30,26,Present
A014427,S07870,C007,2025-12-14,20,10,Low Attendance
A014428,S07951,C019,2025-09-22,20,0,Low Attendance
A014429,S12582,C014,2025-07-24,15,12,Present
A014430,S13302,C046,2025-10-11,30,25,Present
A014431,S16860,C016,2025-09-01,30,4,Low Attendance
A014432,S18318,C020,2025-04-14,25,7,Low Attendance
A014433,S18854,C050,2025-05-23,15,5,Low Attendance
A014434,S03163,C040,2025-07-05,20,18,Present
A014435,S15753,C032,2025-05-15,25,25,Present
A014436,S19090,C023,2025-11-01,15,14,Present
A014437,S16866,C048,2025-10-29,10,1,Low Attendance
A014438,S11687,C035,2025-09-28,25,3,Low Attendance
A014439,S10988,C019,2025-04-21,25,2,Low Attendance
A014440,S04719,C025,2025-06-23,30,6,Low Attendance
A014441,S11595,C010,2025-01-11,10,7,Low Attendance
A014442,S05140,C003,2025-10-12,25,1,Low Attendance
A014443,S19217,C032,2025-11-09,20,1,Low Attendance
A014444,S00647,C020,2025-08-30,25,0,Low Attendance
A014445,S00462,C018,2025-05-06,15,9,Low Attendance
A014446,S12659,C037,2025-09-08,30,17,Low Attendance
A014447,S10205,C006,2025-08-30,10,4,Low Attendance
A014448,S18461,C041,2025-12-04,10,8,Present
A014449,S10129,C043,2025-01-26,15,7,Low Attendance
A014450,S14187,C048,2025-12-03,20,12,Low Attendance
A014451,S16738,C015,2025-12-10,20,11,Low Attendance
A014452,S13803,C002,2025-05-11,20,4,Low Attendance
A014453,S04951,C017,2025-03-07,20,16,Present
A014454,S13965,C017,2025-02-20,20,6,Low Attendance
A014455,S05732,C045,2025-07-06,25,7,Low Attendance
A014456,S19133,C007,2025-05-04,25,25,Present
A014457,S14738,C001,2025-10-26,20,11,Low Attendance
A014458,S12074,C015,2025-04-13,25,18,Low Attendance
A014459,S03711,C029,2025-09-24,15,12,
A014460,S06926,C034,2025-11-15,25,22,Present
A014461,S19707,C028,2025-03-27,30,5,Low Attendance
A014462,S01204,C017,2025-04-26,15,14,Present
A014463,S03612,C045,2025-10-04,10,1,Low Attendance
A014464,S05270,C042,2025-02-08,25,20,Present
A014465,S05688,C036,2025-08-01,15,8,Low Attendance
A014466,S13991,C002,2025-12-12,15,14,Present
A014467,S07291,C036,2025-03-04,20,2,Low Attendance
A014468,S13350,C002,2025-01-17,25,12,Low Attendance
A014469,S01678,C041,2025-12-26,15,6,Low Attendance
A014470,S15906,C030,2025-10-08,30,10,Low Attendance
A014471,S16798,C001,2025-05-24,20,12,Low Attendance
A014472,S17984,C004,2025-07-22,15,3,Low Attendance
A014473,S04743,C023,2025-07-07,15,7,Low Attendance
A014474,S12814,C037,2025-03-29,25,22,Present
A014475,S16629,C005,2025-08-27,30,3,Low Attendance
A014476,S06200,C025,2025-02-10,15,8,Low Attendance
A014477,S04081,C017,2025-05-07,10,4,Low Attendance
A014478,S01048,C014,2025-02-19,15,11,Low Attendance
A014479,S16186,C039,2025-12-07,10,6,Low Attendance
A014480,S04590,C017,2025-04-15,15,15,Present
A014481,S11581,C044,2025-04-05,30,18,Low Attendance
A014482,S05640,C019,2025-09-11,10,5,Low Attendance
A014483,S06889,C049,2025-07-01,20,6,Low Attendance
A014484,S19361,C043,2025-08-03,30,6,Low Attendance
A014485,S10863,C030,2025-02-11,10,7,Low Attendance
A014486,S08467,C033,2025-07-25,10,10,Present
A014487,S16385,C044,2025-01-11,10,6,Low Attendance
A014488,S04801,C011,2025-07-17,30,19,Low Attendance
A014489,S04475,C046,2025-08-25,20,17,Present
A014490,S00770,C034,2025-02-16,15,3,Low Attendance
A014491,S19969,C027,2025-08-21,20,11,Low Attendance
A014492,S01506,C035,2025-11-10,20,12,Low Attendance
A014493,S18271,C001,2025-12-01,20,17,Present
A014494,S03568,C022,2025-03-26,10,3,Low Attendance
A014495,S08323,C035,2025-03-02,30,17,Low Attendance
A014496,S03183,C027,2025-11-18,10,1,Low Attendance
A014497,S02428,C024,2025-08-25,15,10,Low Attendance
A014498,S04173,C028,2025-09-29,20,7,Low Attendance
A014499,S18694,C006,2025-06-23,20,0,Low Attendance
A014500,S11777,C024,2025-09-09,10,4,Low Attendance
A014501,S08154,C023,2025-03-18,10,0,Low Attendance
A014502,S17698,C048,2025-04-30,15,15,Present
A014503,S03310,C044,2025-05-12,15,0,Low Attendance
A014504,S05033,C013,2025-09-16,30,21,Low Attendance
A014505,S06857,C008,2025-08-09,25,16,Low Attendance
A014506,S04580,C005,2025-08-11,30,27,Present
A014507,S16458,C015,2025-11-05,30,3,Low Attendance
A014508,S00946,C046,2025-03-26,10,5,Low Attendance
A014509,S09668,C031,2025-04-10,20,5,Low Attendance
A014510,S19043,C037,2025-11-18,15,1,Low Attendance
A014511,S12065,C004,2025-03-04,25,1,Low Attendance
A014512,S09635,C040,2025-03-19,30,6,Low Attendance
A014513,S16921,C017,2025-10-09,25,18,Low Attendance
A014514,S19433,C002,2025-10-04,20,5,Low Attendance
A014515,S02233,C011,2025-12-20,30,23,Present
A014516,S00663,C018,2025-10-30,30,26,Present
A014517,S14437,C033,2025-08-16,15,0,Low Attendance
A014518,S09915,C020,2025-01-05,25,18,Low Attendance
A014519,S01183,C024,2025-07-12,10,5,Low Attendance
A014520,S09152,C046,2025-08-09,20,13,Low Attendance
A014521,S06315,C012,2025-12-12,30,18,Low Attendance
A014522,S05211,C012,2025-06-01,25,6,Low Attendance
A014523,S15497,C012,2025-06-10,30,24,Present
A014524,S03271,C015,2025-11-02,10,8,Present
A014525,S16145,C006,2025-07-05,20,8,Low Attendance
A014526,S11006,C033,2025-03-17,10,6,Low Attendance
A014527,S15819,C022,2025-03-19,10,8,Present
A014528,S09485,C031,2025-12-04,20,11,Low Attendance
A014529,S18520,C019,2025-07-01,15,7,Low Attendance
A014530,S14852,C005,2025-03-13,10,7,Low Attendance
A014531,S17610,C017,2025-11-10,30,6,Low Attendance
A014532,S05487,C024,2025-11-05,30,10,Low Attendance
A014533,S02736,C037,2025-07-25,15,0,Low Attendance
A014534,S09831,C050,2025-05-18,15,8,Low Attendance
A014535,S06787,C021,2025-01-11,25,12,Low Attendance
A014536,S19934,C041,2025-10-23,20,6,Low Attendance
A014537,S03819,C002,2025-06-19,10,10,Present
A014538,S18367,C020,2025-06-11,10,7,Low Attendance
A014539,S10233,C007,2025-08-26,10,2,Low Attendance
A014540,S02070,C040,2025-08-13,25,21,Present
A014541,S03435,C012,2025-03-29,30,5,Low Attendance
A014542,S17164,C007,2025-01-18,15,9,Low Attendance
A014543,S00002,C027,2025-05-15,10,6,Low Attendance
A014544,S16577,C036,2025-02-04,20,20,Present
A014545,S00517,C015,2025-07-04,30,21,Low Attendance
A014546,S01491,C039,2025-03-19,15,2,Low Attendance
A014547,S17018,C049,2025-12-28,20,17,Present
A014548,S02477,C032,2025-06-28,30,0,Low Attendance
A014549,S01721,C002,2025-09-10,20,12,Low Attendance
A014550,S05792,C001,2025-09-16,15,1,Low Attendance
A014551,S03913,C048,2025-04-27,20,9,Low Attendance
A014552,S07571,C027,2025-02-06,25,0,Low Attendance
A014553,S11986,C015,2025-10-07,25,11,Low Attendance
A014554,S01644,C039,2025-08-10,30,10,Low Attendance
A014555,S11107,C030,2025-11-18,30,26,Present
A014556,S15363,C038,2025-06-06,30,25,Present
A014557,S10807,C006,2025-11-24,30,4,Low Attendance
A014558,S15469,C042,2025-12-29,15,12,Present
A014559,S04120,C002,2025-07-09,30,22,Low Attendance
A014560,S19628,C009,2025-02-07,15,8,Low Attendance
A014561,S05950,C031,2025-01-13,25,19,Present
A014562,S03577,C009,2025-04-14,15,14,Present
A014563,S10906,C010,2025-01-20,15,12,Present
A014564,S06129,C049,2025-04-28,10,5,Low Attendance
A014565,S04050,C007,2025-02-03,30,24,Present
A014566,S06339,C037,2025-08-15,30,14,Low Attendance
A014567,S16522,C011,2025-12-11,15,12,Present
A014568,S08912,C029,2025-12-25,15,8,Low Attendance
A014569,S16124,C024,2025-04-30,25,4,Low Attendance
A014570,S07404,C013,2025-08-26,30,29,Present
A014571,S02950,C022,2025-12-31,10,9,Present
A014572,S17646,C003,2025-08-06,20,17,Present
A014573,S00053,C048,2025-03-08,20,10,Low Attendance
A014574,S19001,C034,2025-11-04,15,3,Low Attendance
A014575,S00823,C050,2025-04-28,15,11,Low Attendance
A014576,S02055,C025,2025-11-09,25,25,Present
A014577,S00767,C002,2025-07-01,15,3,Low Attendance
A014578,S00386,C013,2025-01-01,10,10,Present
A014579,S07059,C017,2025-08-23,25,9,Low Attendance
A014580,S15168,C043,2025-11-02,10,10,Present
A014581,S11155,C047,2025-06-18,20,20,Present
A014582,S08845,C001,2025-09-23,10,10,Present
A014583,S16967,C048,2025-03-30,25,24,Present
A014584,S04481,C019,2025-03-19,30,25,Present
A014585,S14177,C003,2025-02-11,25,10,Low Attendance
A014586,S11961,C010,2025-04-09,25,11,Low Attendance
A014587,S05845,C049,2025-11-15,20,0,Low Attendance
A014588,S02155,C037,2025-08-30,15,4,Low Attendance
A014589,S10483,C037,2025-12-16,10,9,Present
A014590,S10300,C041,2025-09-10,30,8,Low Attendance
A014591,S15679,C038,2025-07-22,10,6,Low Attendance
A014592,S15344,C048,2025-02-08,25,25,Present
A014593,S06332,C039,2025-07-28,30,15,Low Attendance
A014594,S08988,C044,2025-04-15,15,7,Low Attendance
A014595,S12896,C025,2025-02-23,30,11,Low Attendance
A014596,S11466,C046,2025-09-07,10,6,Low Attendance
A014597,S02486,C037,2025-03-23,15,9,Low Attendance
A014598,S17334,C008,2025-03-14,20,20,Present
A014599,S07337,C046,2025-05-25,15,9,Low Attendance
A014600,S05200,C006,2025-03-22,20,18,Present
A014601,S02829,C013,2025-03-13,30,2,Low Attendance
A014602,S13787,C007,2025-02-23,10,10,Present
A014603,S08417,C005,2025-04-25,20,13,Low Attendance
A014604,S11643,C013,2025-11-09,20,12,Low Attendance
A014605,S10252,C031,2025-07-08,25,13,Low Attendance
A014606,S10419,C044,2025-05-01,20,11,Low Attendance
A014607,S14849,C022,2025-07-08,15,13,Present
A014608,S04205,C042,2025-07-07,25,13,Low Attendance
A014609,S06308,C017,2025-12-11,15,15,Present
A014610,S16881,C049,2025-07-26,30,4,Low Attendance
A014611,S15706,C031,2025-04-03,20,14,Low Attendance
A014612,S17045,C044,2025-01-06,25,24,Present
A014613,S12424,C014,2025-02-23,15,14,Present
A014614,S09556,C040,2025-08-29,20,1,Low Attendance
A014615,S14430,C025,2025-03-01,30,12,Low Attendance
A014616,S07578,C037,2025-09-27,30,12,Low Attendance
A014617,S15069,C015,2025-08-22,10,2,Low Attendance
A014618,S08653,C020,2025-12-03,25,10,Low Attendance
A014619,S17086,C016,2025-11-09,20,3,Low Attendance
A014620,S18171,C026,2025-11-30,15,12,
A014621,S17990,C040,2025-03-27,20,2,Low Attendance
A014622,S04730,C049,2025-07-25,30,29,Present
A014623,S16986,C023,2025-12-22,20,18,Present
A014624,S10012,C018,2025-10-21,30,19,Low Attendance
A014625,S13747,C040,2025-01-09,15,2,Low Attendance
A014626,S09650,C037,2025-09-07,20,13,Low Attendance
A014627,S09000,C025,2025-03-28,10,7,Low Attendance
A014628,S07021,C035,2025-10-21,10,6,Low Attendance
A014629,S07935,C026,2025-08-17,30,7,Low Attendance
A014630,S14087,C017,2025-08-11,30,18,Low Attendance
A014631,S04800,C022,2025-05-11,30,20,Low Attendance
A014632,S03738,C020,2025-08-02,10,6,Low Attendance
A014633,S18244,C001,2025-06-25,30,23,Present
A014634,S12768,C014,2025-03-28,15,7,Low Attendance
A014635,S11136,C005,2025-03-03,10,7,Low Attendance
A014636,S01978,C035,2025-02-12,20,14,Low Attendance
A014637,S01498,C034,2025-02-26,30,23,Present
A014638,S00151,C007,2025-05-30,25,24,Present
A014639,S05773,C007,2025-12-18,30,2,Low Attendance
A014640,S12085,C008,2025-06-24,25,20,Present
A014641,S18920,C041,2025-02-07,15,8,Low Attendance
A014642,S11844,C003,2025-01-01,20,11,Low Attendance
A014643,S15209,C008,2025-07-24,10,4,Low Attendance
A014644,S13407,C039,2025-12-03,25,24,Present
A014645,S01529,C045,2025-02-26,15,2,Low Attendance
A014646,S13179,C041,2025-09-20,30,9,Low Attendance
A014647,S14842,C026,2025-02-22,15,3,Low Attendance
A014648,S04397,C036,2025-12-12,30,24,Present
A014649,S02376,C033,2025-06-29,20,5,Low Attendance
A014650,S17322,C050,2025-08-28,25,11,Low Attendance
A014651,S02368,C024,2025-09-18,15,1,Low Attendance
A014652,S19459,C045,2025-01-12,25,15,Low Attendance
A014653,S10167,C013,2025-01-09,15,0,Low Attendance
A014654,S11277,C036,2025-05-18,30,20,Low Attendance
A014655,S16464,C041,2025-10-24,25,12,Low Attendance
A014656,S03959,C043,2025-08-15,15,6,Low Attendance
A014657,S03608,C047,2025-04-09,15,8,Low Attendance
A014658,S09675,C015,2025-03-17,20,6,Low Attendance
A014659,S11245,C034,2025-12-18,20,5,Low Attendance
A014660,S08016,C005,2025-08-29,10,10,Present
A014661,S06651,C015,2025-06-29,10,5,Low Attendance
A014662,S08899,C023,2025-10-18,10,9,Present
A014663,S02280,C045,2025-05-01,30,23,Present
A014664,S02800,C020,2025-03-31,30,2,Low Attendance
A014665,S16407,C002,2025-04-26,30,28,Present
A014666,S00160,C024,2025-10-02,30,18,Low Attendance
A014667,S17192,C009,2025-10-13,25,4,Low Attendance
A014668,S15411,C034,2025-02-12,20,19,Present
A014669,S12208,C026,2025-10-17,15,14,Present
A014670,S08263,C004,2025-07-19,10,1,Low Attendance
A014671,S14847,C015,2025-02-10,30,29,Present
A014672,S11162,C030,2025-02-14,20,11,Low Attendance
A014673,S13439,C010,2025-09-17,15,12,Present
A014674,S16763,C026,2025-07-15,30,2,Low Attendance
A014675,S18595,C003,2025-03-02,10,0,Low Attendance
A014676,S11083,C027,2025-02-17,15,5,Low Attendance
A014677,S18930,C001,2025-09-09,10,0,Low Attendance
A014678,S04710,C028,2025-01-01,30,21,Low Attendance
A014679,S08463,C025,2025-07-25,25,5,Low Attendance
A014680,S00841,C029,2025-06-02,10,9,Present
A014681,S16701,C047,2025-04-29,25,0,Low Attendance
A014682,S06430,C003,2025-09-05,30,29,Present
A014683,S09801,C033,2025-04-23,15,15,Present
A014684,S14252,C015,2025-03-24,30,10,Low Attendance
A014685,S02532,C050,2025-05-26,15,9,Low Attendance
A014686,S19580,C040,2025-08-06,15,13,Present
A014687,S15530,C046,2025-03-16,10,2,Low Attendance
A014688,S04692,C001,2025-10-14,10,5,Low Attendance
A014689,S00427,C015,2025-05-30,25,12,Low Attendance
A014690,S10209,C024,2025-03-30,15,1,Low Attendance
A014691,S00475,C007,2025-05-05,30,11,Low Attendance
A014692,S15240,C015,2025-02-06,25,4,Low Attendance
A014693,S07146,C030,2025-06-06,25,8,Low Attendance
A014694,S00923,C029,2025-03-15,25,23,Present
A014695,S03488,C038,2025-06-22,25,17,Low Attendance
A014696,S10203,C010,2025-02-10,15,3,Low Attendance
A014697,S11968,C041,2025-08-02,30,15,Low Attendance
A014698,S16847,C004,2025-08-03,25,4,Low Attendance
A014699,S10203,C028,2025-05-16,20,20,Present
A014700,S04563,C021,2025-01-16,30,12,Low Attendance
A014701,S12799,C010,2025-07-06,20,18,Present
A014702,S07706,C007,2025-09-03,25,11,Low Attendance
A014703,S17670,C019,2025-02-23,30,4,Low Attendance
A014704,S08217,C010,2025-09-30,20,3,Low Attendance
A014705,S06639,C027,2025-06-23,20,20,Present
A014706,S00540,C025,2025-08-05,30,0,Low Attendance
A014707,S01316,C036,2025-01-11,20,15,Present
A014708,S19507,C022,2025-12-20,10,3,Low Attendance
A014709,S06528,C010,2025-01-18,15,4,Low Attendance
A014710,S14521,C028,2025-06-06,15,1,Low Attendance
A014711,S00782,C008,2025-01-29,15,2,Low Attendance
A014712,S19708,C048,2025-11-16,25,24,Present
A014713,S16886,C019,2025-01-04,30,28,Present
A014714,S11906,C002,2025-03-24,15,0,Low Attendance
A014715,S12415,C049,2025-09-07,25,15,Low Attendance
A014716,S00988,C040,2025-01-03,25,25,Present
A014717,S15465,C049,2025-08-29,15,1,Low Attendance
A014718,S15729,C030,2025-07-30,10,2,Low Attendance
A014719,S15778,C024,2025-05-06,15,1,Low Attendance
A014720,S02424,C018,2025-04-09,25,19,Present
A014721,S07220,C002,2025-05-28,30,6,Low Attendance
A014722,S03516,C001,2025-07-16,25,13,Low Attendance
A014723,S05426,C007,2025-05-29,20,2,Low Attendance
A014724,S04608,C037,2025-10-25,10,7,Low Attendance
A014725,S10101,C045,2025-05-26,20,7,Low Attendance
A014726,S07107,C049,2025-04-10,10,3,Low Attendance
A014727,S15693,C039,2025-01-28,10,1,Low Attendance
A014728,S06825,C021,2025-05-28,10,4,Low Attendance
A014729,S14080,C034,2025-05-10,20,16,Present
A014730,S02793,C027,2025-03-11,15,8,Low Attendance
A014731,S03992,C010,2025-05-10,20,16,Present
A014732,S01895,C028,2025-12-14,30,17,Low Attendance
A014733,S10161,C023,2025-01-06,20,14,Low Attendance
A014734,S14409,C017,2025-09-07,10,6,Low Attendance
A014735,S06095,C039,2025-11-30,25,6,Low Attendance
A014736,S11075,C042,2025-07-13,20,16,Present
A014737,S17950,C029,2025-10-24,20,7,Low Attendance
A014738,S00359,C043,2025-08-28,15,12,
A014739,S00364,C010,2025-06-24,15,10,Low Attendance
A014740,S17932,C021,2025-02-05,25,23,Present
A014741,S00053,C012,2025-08-21,25,6,Low Attendance
A014742,S19419,C007,2025-02-20,25,7,Low Attendance
A014743,S15986,C048,2025-12-15,15,8,Low Attendance
A014744,S14437,C009,2025-04-29,25,24,Present
A014745,S07134,C016,2025-04-08,30,19,Low Attendance
A014746,S12729,C010,2025-10-17,15,11,Low Attendance
A014747,S12050,C006,2025-08-03,15,1,Low Attendance
A014748,S12681,C048,2025-02-10,15,9,Low Attendance
A014749,S03099,C046,2025-02-04,15,15,Present
A014750,S01535,C003,2025-06-29,20,14,Low Attendance
A014751,S00789,C050,2025-03-20,30,26,Present
A014752,S02782,C011,2025-05-28,15,7,Low Attendance
A014753,S12086,C037,2025-05-29,20,8,Low Attendance
A014754,S02234,C045,2025-01-22,15,0,Low Attendance
A014755,S06539,C031,2025-12-19,30,13,Low Attendance
A014756,S19058,C030,2025-03-23,15,3,Low Attendance
A014757,S09141,C044,2025-01-11,20,18,Present
A014758,S18454,C023,2025-02-08,25,22,Present
A014759,S15086,C010,2025-12-05,15,1,Low Attendance
A014760,S15332,C016,2025-09-06,30,29,Present
A014761,S15344,C015,2025-12-23,30,20,Low Attendance
A014762,S09662,C014,2025-09-22,25,3,Low Attendance
A014763,S18260,C026,2025-05-17,30,13,Low Attendance
A014764,S08790,C028,2025-05-27,25,22,Present
A014765,S08725,C024,2025-11-02,15,10,Low Attendance
A014766,S08967,C046,2025-02-05,30,23,Present
A014767,S05137,C041,2025-09-27,25,0,Low Attendance
A014768,S01978,C038,2025-10-15,10,6,Low Attendance
A014769,S19967,C050,2025-08-11,30,20,Low Attendance
A014770,S12770,C005,2025-10-09,15,0,Low Attendance
A014771,S19678,C002,2025-08-17,30,30,Present
A014772,S19066,C039,2025-02-21,25,1,Low Attendance
A014773,S07649,C020,2025-04-12,30,26,Present
A014774,S01742,C022,2025-05-12,15,13,Present
A014775,S11863,C047,2025-09-16,25,9,Low Attendance
A014776,S11206,C043,2025-03-13,20,19,Present
A014777,S07401,C046,2025-05-10,25,22,Present
A014778,S13637,C042,2025-05-06,30,17,Low Attendance
A014779,S05646,C005,2025-12-04,30,24,Present
A014780,S04968,C034,2025-01-23,10,4,Low Attendance
A014781,S05463,C008,2025-03-02,30,30,Present
A014782,S02341,C035,2025-10-27,20,12,Low Attendance
A014783,S09752,C004,2025-03-08,10,3,Low Attendance
A014784,S03434,C050,2025-07-14,10,7,Low Attendance
A014785,S01459,C037,2025-07-01,20,0,Low Attendance
A014786,S07294,C037,2025-08-11,30,16,Low Attendance
A014787,S14646,C006,2025-01-28,25,16,
A014788,S18298,C040,2025-11-24,30,14,Low Attendance
A014789,S16104,C019,2025-05-19,30,11,Low Attendance
A014790,S12760,C038,2025-06-29,20,12,Low Attendance
A014791,S16550,C015,2025-05-05,25,12,Low Attendance
A014792,S17799,C048,2025-01-31,20,19,Present
A014793,S07555,C029,2025-05-22,30,3,Low Attendance
A014794,S08052,C006,2025-04-14,30,25,Present
A014795,S14274,C043,2025-05-27,15,2,Low Attendance
A014796,S14424,C032,2025-07-01,15,5,Low Attendance
A014797,S03110,C013,2025-09-21,10,6,Low Attendance
A014798,S16776,C037,2025-05-26,10,6,Low Attendance
A014799,S13454,C046,2025-12-03,20,19,Present
A014800,S18014,C047,2025-06-23,10,10,Present
A014801,S16677,C047,2025-04-20,30,28,Present
A014802,S00739,C011,2025-11-21,25,20,Present
A014803,S10281,C034,2025-04-27,30,5,Low Attendance
A014804,S19727,C002,2025-03-26,15,12,Present
A014805,S01396,C006,2025-02-14,10,1,Low Attendance
A014806,S10150,C044,2025-04-21,20,16,Present
A014807,S04887,C009,2025-01-18,10,7,Low Attendance
A014808,S12801,C039,2025-02-23,30,29,Present
A014809,S11934,C005,2025-05-09,10,4,Low Attendance
A014810,S18265,C003,2025-04-11,15,2,Low Attendance
A014811,S07815,C001,2025-07-20,15,14,Present
A014812,S06163,C025,2025-08-07,10,6,Low Attendance
A014813,S15430,C011,2025-05-19,30,16,Low Attendance
A014814,S15713,C037,2025-12-10,30,7,Low Attendance
A014815,S19391,C047,2025-12-14,20,18,Present
A014816,S18279,C037,2025-09-22,25,15,Low Attendance
A014817,S14622,C044,2025-12-27,15,0,Low Attendance
A014818,S12596,C014,2025-03-28,10,6,Low Attendance
A014819,S00503,C014,2025-11-23,25,9,Low Attendance
A014820,S06428,C039,2025-09-15,15,15,Present
A014821,S17559,C050,2025-07-12,20,18,Present
A014822,S16578,C003,2025-11-23,10,8,Present
A014823,S14469,C034,2025-10-22,30,23,Present
A014824,S17244,C009,2025-05-22,25,8,Low Attendance
A014825,S12398,C045,2025-12-08,30,6,Low Attendance
A014826,S14811,C007,2025-06-20,25,25,Present
A014827,S14468,C034,2025-11-14,25,7,Low Attendance
A014828,S13546,C016,2025-04-22,15,7,Low Attendance
A014829,S02659,C005,2025-03-16,20,3,Low Attendance
A014830,S10702,C020,2025-11-11,15,5,Low Attendance
A014831,S08064,C035,2025-07-11,15,2,Low Attendance
A014832,S13037,C001,2025-10-11,30,23,Present
A014833,S00268,C027,2025-03-31,15,14,Present
A014834,S08151,C042,2025-09-24,10,5,Low Attendance
A014835,S10525,C042,2025-03-22,10,10,Present
A014836,S18980,C018,2025-06-25,20,12,Low Attendance
A014837,S19347,C029,2025-08-02,15,12,Present
A014838,S02490,C032,2025-03-16,20,9,Low Attendance
A014839,S17485,C040,2025-09-01,10,8,Present
A014840,S00382,C009,2025-02-06,10,3,Low Attendance
A014841,S19806,C016,2025-08-23,20,13,Low Attendance
A014842,S07122,C050,2025-08-06,10,2,Low Attendance
A014843,S19012,C002,2025-07-04,10,0,Low Attendance
A014844,S17186,C031,2025-11-01,20,15,Present
A014845,S07886,C010,2025-10-19,10,5,Low Attendance
A014846,S00309,C002,2025-04-12,10,8,Present
A014847,S08740,C022,2025-02-10,10,10,Present
A014848,S15843,C031,2025-01-13,20,1,Low Attendance
A014849,S00612,C040,2025-06-05,30,6,
A014850,S07776,C018,2025-10-25,10,0,Low Attendance
A014851,S05723,C022,2025-02-16,25,12,Low Attendance
A014852,S12559,C015,2025-08-28,15,4,Low Attendance
A014853,S06465,C010,2025-06-19,20,4,Low Attendance
A014854,S14056,C045,2025-01-24,20,6,Low Attendance
A014855,S09325,C019,2025-11-12,10,1,Low Attendance
A014856,S15232,C050,2025-04-12,20,0,Low Attendance
A014857,S15583,C019,2025-01-27,25,7,Low Attendance
A014858,S10713,C026,2025-12-18,20,19,Present
A014859,S05615,C024,2025-10-04,15,4,Low Attendance
A014860,S00691,C028,2025-05-18,30,25,Present
A014861,S17069,C015,2025-08-13,30,5,Low Attendance
A014862,S09240,C034,2025-01-03,20,18,Present
A014863,S03525,C037,2025-01-13,30,27,Present
A014864,S12878,C034,2025-05-30,20,19,Present
A014865,S11684,C028,2025-06-22,15,12,Present
A014866,S08273,C041,2025-04-04,25,3,Low Attendance
A014867,S19494,C002,2025-08-17,25,6,Low Attendance
A014868,S00539,C004,2025-12-23,20,8,Low Attendance
A014869,S14211,C037,2025-04-09,15,15,Present
A014870,S02665,C030,2025-03-10,10,4,Low Attendance
A014871,S12435,C023,2025-11-21,10,6,Low Attendance
A014872,S10388,C047,2025-05-09,20,4,Low Attendance
A014873,S04340,C019,2025-03-09,10,0,Low Attendance
A014874,S00875,C002,2025-10-21,25,12,Low Attendance
A014875,S04783,C003,2025-09-21,30,20,Low Attendance
A014876,S03966,C048,2025-11-29,20,9,Low Attendance
A014877,S18828,C038,2025-09-12,30,19,Low Attendance
A014878,S17455,C039,2025-07-31,10,10,Present
A014879,S15831,C003,2025-07-24,25,4,Low Attendance
A014880,S11071,C011,2025-06-18,20,6,Low Attendance
A014881,S09654,C023,2025-12-02,25,7,Low Attendance
A014882,S13452,C028,2025-01-03,20,9,Low Attendance
A014883,S19337,C023,2025-06-20,15,9,Low Attendance
A014884,S12951,C010,2025-11-17,25,13,Low Attendance
A014885,S17629,C047,2025-09-13,15,3,Low Attendance
A014886,S05775,C001,2025-06-17,15,3,Low Attendance
A014887,S10145,C011,2025-01-17,10,3,Low Attendance
A014888,S05747,C036,2025-06-24,20,3,Low Attendance
A014889,S09618,C050,2025-03-14,10,6,Low Attendance
A014890,S06234,C023,2025-11-06,15,14,Present
A014891,S13981,C021,2025-09-06,30,14,Low Attendance
A014892,S14363,C027,2025-06-30,15,9,Low Attendance
A014893,S19110,C022,2025-08-10,20,3,Low Attendance
A014894,S12686,C025,2025-07-24,20,12,Low Attendance
A014895,S01863,C037,2025-10-27,15,14,Present
A014896,S02364,C033,2025-03-14,10,4,Low Attendance
A014897,S16000,C023,2025-11-07,10,3,Low Attendance
A014898,S13094,C008,2025-08-16,15,0,Low Attendance
A014899,S06233,C017,2025-05-03,15,5,Low Attendance
A014900,S00807,C033,2025-02-05,15,15,Present
A014901,S16771,C002,2025-10-22,10,2,Low Attendance
A014902,S17302,C024,2025-08-27,20,5,Low Attendance
A014903,S09410,C030,2025-03-18,15,5,Low Attendance
A014904,S16685,C038,2025-01-26,10,1,Low Attendance
A014905,S03054,C008,2025-08-01,30,26,Present
A014906,S09106,C045,2025-02-28,10,5,Low Attendance
A014907,S03418,C021,2025-08-29,30,14,Low Attendance
A014908,S19544,C004,2025-06-06,20,18,Present
A014909,S17421,C031,2025-04-01,25,20,Present
A014910,S12173,C037,2025-12-10,25,12,Low Attendance
A014911,S16468,C035,2025-06-28,25,5,Low Attendance
A014912,S07785,C030,2025-01-14,10,0,Low Attendance
A014913,S19657,C011,2025-09-09,10,6,Low Attendance
A014914,S14382,C023,2025-11-05,25,25,Present
A014915,S05336,C004,2025-08-20,15,7,Low Attendance
A014916,S00395,C010,2025-01-03,10,0,Low Attendance
A014917,S08473,C031,2025-12-08,15,1,Low Attendance
A014918,S12131,C042,2025-09-11,10,6,Low Attendance
A014919,S01869,C048,2025-04-02,10,10,Present
A014920,S11923,C033,2025-10-15,10,6,Low Attendance
A014921,S06060,C023,2025-08-10,20,12,Low Attendance
A014922,S01265,C040,2025-12-25,10,4,Low Attendance
A014923,S01996,C036,2025-05-14,25,20,Present
A014924,S13751,C035,2025-05-29,30,12,Low Attendance
A014925,S06695,C046,2025-08-27,30,9,Low Attendance
A014926,S04538,C043,2025-05-28,25,15,Low Attendance
A014927,S16045,C030,2025-09-10,10,2,Low Attendance
A014928,S01899,C046,2025-11-16,10,0,Low Attendance
A014929,S17785,C038,2025-06-10,15,8,Low Attendance
A014930,S19186,C018,2025-05-30,10,8,Present
A014931,S01727,C002,2025-09-08,30,1,Low Attendance
A014932,S14836,C019,2025-09-07,30,21,Low Attendance
A014933,S07962,C006,2025-05-15,20,10,Low Attendance
A014934,S14019,C035,2025-11-02,30,29,Present
A014935,S07615,C046,2025-08-28,25,1,Low Attendance
A014936,S19946,C020,2025-04-01,15,4,Low Attendance
A014937,S14950,C031,2025-07-09,25,3,Low Attendance
A014938,S04163,C035,2025-06-29,10,5,Low Attendance
A014939,S09451,C036,2025-05-23,10,0,Low Attendance
A014940,S01868,C016,2025-10-12,10,4,Low Attendance
A014941,S05665,C014,2025-11-01,10,0,Low Attendance
A014942,S18055,C013,2025-06-03,25,4,Low Attendance
A014943,S08082,C019,2025-03-31,30,19,Low Attendance
A014944,S15230,C042,2025-05-15,10,3,Low Attendance
A014945,S16230,C046,2025-09-13,10,0,Low Attendance
A014946,S13473,C006,2025-03-10,15,9,Low Attendance
A014947,S08641,C013,2025-12-02,15,13,Present
A014948,S09866,C013,2025-02-02,25,11,Low Attendance
A014949,S11057,C046,2025-03-04,15,11,Low Attendance
A014950,S15556,C040,2025-07-17,20,18,Present
A014951,S03385,C001,2025-08-02,10,9,Present
A014952,S02034,C021,2025-09-29,15,7,Low Attendance
A014953,S04605,C014,2025-06-08,20,9,Low Attendance
A014954,S01052,C002,2025-06-05,20,18,Present
A014955,S00946,C046,2025-09-21,25,6,Low Attendance
A014956,S18365,C035,2025-05-11,25,7,Low Attendance
A014957,S10273,C003,2025-05-06,25,21,Present
A014958,S00037,C042,2025-03-20,15,12,Present
A014959,S11517,C048,2025-03-27,10,0,Low Attendance
A014960,S04739,C011,2025-02-23,20,20,Present
A014961,S14041,C027,2025-12-18,20,7,Low Attendance
A014962,S09679,C040,2025-08-09,25,23,Present
A014963,S05401,C038,2025-12-29,25,22,Present
A014964,S00259,C017,2025-04-15,15,15,Present
A014965,S18033,C016,2025-12-01,25,7,Low Attendance
A014966,S17705,C003,2025-03-03,15,1,Low Attendance
A014967,S12462,C013,2025-04-17,30,30,Present
A014968,S10683,C005,2025-10-25,10,4,Low Attendance
A014969,S14105,C046,2025-09-12,20,9,Low Attendance
A014970,S11506,C022,2025-01-28,10,1,Low Attendance
A014971,S07436,C011,2025-01-09,25,18,Low Attendance
A014972,S13944,C050,2025-12-10,20,5,Low Attendance
A014973,S18117,C037,2025-09-20,10,10,Present
A014974,S07969,C031,2025-08-04,25,14,Low Attendance
A014975,S17556,C050,2025-12-05,30,10,Low Attendance
A014976,S09378,C024,2025-06-20,25,12,Low Attendance
A014977,S07457,C050,2025-02-13,10,10,Present
A014978,S01303,C027,2025-01-09,20,14,Low Attendance
A014979,S19599,C001,2025-06-15,30,24,Present
A014980,S01276,C021,2025-09-14,25,8,Low Attendance
A014981,S02221,C006,2025-12-03,10,1,Low Attendance
A014982,S14455,C038,2025-09-02,25,11,Low Attendance
A014983,S16400,C032,2025-10-13,30,20,Low Attendance
A014984,S04853,C050,2025-11-26,20,20,Present
A014985,S18041,C006,2025-11-27,25,10,Low Attendance
A014986,S06446,C049,2025-12-14,25,3,Low Attendance
A014987,S03601,C044,2025-01-31,30,12,Low Attendance
A014988,S07894,C013,2025-05-04,15,6,Low Attendance
A014989,S00640,C007,2025-08-21,25,3,Low Attendance
A014990,S07371,C044,2025-05-15,30,4,Low Attendance
A014991,S04109,C048,2025-03-16,10,0,Low Attendance
A014992,S18617,C039,2025-01-30,15,1,Low Attendance
A014993,S07636,C020,2025-01-07,25,15,Low Attendance
A014994,S17601,C037,2025-08-27,25,15,Low Attendance
A014995,S14013,C038,2025-10-30,30,21,Low Attendance
A014996,S18702,C025,2025-02-21,30,14,Low Attendance
A014997,S00046,C023,2025-11-07,25,12,Low Attendance
A014998,S13149,C042,2025-04-29,20,8,Low Attendance
A014999,S08905,C044,2025-12-30,10,4,Low Attendance
A015000,S01028,C029,2025-03-28,25,21,Present
A015001,S07985,C034,2025-01-04,15,14,Present
A015002,S07052,C002,2025-09-03,25,20,Present
A015003,S10847,C047,2025-11-20,15,2,Low Attendance
A015004,S16349,C007,2025-04-26,30,0,Low Attendance
A015005,S00249,C050,2025-12-05,25,22,Present
A015006,S06601,C011,2025-07-11,15,6,Low Attendance
A015007,S13986,C040,2025-11-26,15,9,Low Attendance
A015008,S12975,C045,2025-02-16,10,4,Low Attendance
A015009,S03242,C049,2025-04-12,20,0,Low Attendance
A015010,S10526,C025,2025-03-18,20,9,Low Attendance
A015011,S14139,C042,2025-10-03,20,20,Present
A015012,S00099,C011,2025-03-05,10,8,Present
A015013,S14183,C014,2025-06-17,10,10,Present
A015014,S14157,C033,2025-07-19,15,11,Low Attendance
A015015,S06936,C031,2025-07-04,10,4,Low Attendance
A015016,S10602,C019,2025-04-05,15,0,Low Attendance
A015017,S08109,C037,2025-09-12,25,7,Low Attendance
A015018,S09176,C008,2025-02-23,15,12,Present
A015019,S19424,C045,2025-10-09,20,17,Present
A015020,S06936,C045,2025-01-20,10,1,
A015021,S04517,C045,2025-07-05,10,9,Present
A015022,S10420,C007,2025-01-23,30,26,Present
A015023,S09199,C022,2025-07-20,10,1,Low Attendance
A015024,S18690,C043,2025-10-28,25,10,Low Attendance
A015025,S10167,C015,2025-07-27,20,9,Low Attendance
A015026,S15189,C001,2025-12-18,15,5,Low Attendance
A015027,S04177,C017,2025-04-01,10,10,Present
A015028,S10971,C008,2025-01-02,15,4,Low Attendance
A015029,S15663,C039,2025-08-30,15,14,Present
A015030,S16006,C043,2025-04-09,20,0,Low Attendance
A015031,S11568,C008,2025-05-10,15,14,Present
A015032,S07305,C002,2025-05-16,15,3,Low Attendance
A015033,S12367,C016,2025-06-19,10,4,Low Attendance
A015034,S17016,C006,2025-06-08,15,4,Low Attendance
A015035,S16879,C009,2025-05-18,25,6,Low Attendance
A015036,S02358,C047,2025-12-04,30,20,Low Attendance
A015037,S08743,C023,2025-07-22,25,22,Present
A015038,S05456,C023,2025-07-04,20,18,Present
A015039,S05296,C035,2025-09-29,20,16,Present
A015040,S13955,C041,2025-02-18,10,1,Low Attendance
A015041,S05267,C045,2025-04-17,10,7,Low Attendance
A015042,S08646,C025,2025-12-14,25,9,Low Attendance
A015043,S17206,C036,2025-11-02,30,26,Present
A015044,S10917,C023,2025-07-14,10,1,Low Attendance
A015045,S16136,C005,2025-12-05,10,6,Low Attendance
A015046,S13611,C042,2025-05-10,15,15,Present
A015047,S09085,C050,2025-03-12,20,11,Low Attendance
A015048,S16917,C050,2025-12-14,10,3,Low Attendance
A015049,S03716,C032,2025-04-03,25,6,Low Attendance
A015050,S02165,C030,2025-12-22,30,6,Low Attendance
A015051,S03094,C041,2025-01-31,20,15,Present
A015052,S04844,C047,2025-03-26,15,6,Low Attendance
A015053,S02504,C029,2025-07-01,30,8,Low Attendance
A015054,S19885,C026,2025-04-19,10,2,Low Attendance
A015055,S11263,C013,2025-02-25,10,7,Low Attendance
A015056,S19807,C030,2025-09-10,20,13,Low Attendance
A015057,S19711,C004,2025-06-18,25,20,Present
A015058,S14888,C025,2025-02-09,20,15,Present
A015059,S10708,C030,2025-03-21,10,1,Low Attendance
A015060,S00008,C008,2025-04-24,10,10,Present
A015061,S09000,C032,2025-02-09,10,6,Low Attendance
A015062,S18107,C043,2025-09-10,30,14,Low Attendance
A015063,S01757,C011,2025-05-25,25,6,Low Attendance
A015064,S16431,C010,2025-06-23,25,21,Present
A015065,S06534,C012,2025-09-11,15,7,Low Attendance
A015066,S18809,C003,2025-03-18,10,9,Present
A015067,S05821,C003,2025-12-03,10,3,Low Attendance
A015068,S03378,C038,2025-04-14,10,4,Low Attendance
A015069,S12349,C049,2025-03-06,15,15,Present
A015070,S16336,C016,2025-07-10,15,5,Low Attendance
A015071,S14291,C016,2025-05-23,10,10,Present
A015072,S02676,C042,2025-01-10,25,9,Low Attendance
A015073,S11466,C024,2025-05-09,25,6,Low Attendance
A015074,S08325,C001,2025-10-02,20,19,Present
A015075,S14448,C042,2025-03-11,15,13,Present
A015076,S14312,C048,2025-10-13,25,19,Present
A015077,S08511,C027,2025-09-17,10,5,Low Attendance
A015078,S04277,C028,2025-10-31,10,8,Present
A015079,S12042,C027,2025-08-08,15,6,Low Attendance
A015080,S19691,C020,2025-10-14,25,10,Low Attendance
A015081,S13393,C008,2025-04-25,30,14,Low Attendance
A015082,S15423,C040,2025-12-20,10,2,Low Attendance
A015083,S07623,C018,2025-08-11,20,1,Low Attendance
A015084,S04792,C046,2025-03-02,30,14,Low Attendance
A015085,S17137,C012,2025-09-17,10,2,Low Attendance
A015086,S07612,C036,2025-05-04,20,13,Low Attendance
A015087,S06990,C043,2025-03-29,25,18,Low Attendance
A015088,S16803,C012,2025-07-15,20,4,Low Attendance
A015089,S17847,C041,2025-02-04,10,2,Low Attendance
A015090,S10837,C029,2025-12-20,30,2,Low Attendance
A015091,S08788,C031,2025-06-05,10,2,Low Attendance
A015092,S18461,C018,2025-05-20,15,2,Low Attendance
A015093,S02638,C027,2025-07-15,20,7,Low Attendance
A015094,S01566,C020,2025-04-18,20,12,Low Attendance
A015095,S08584,C020,2025-10-29,10,2,Low Attendance
A015096,S18658,C019,2025-07-08,15,12,Present
A015097,S18758,C045,2025-09-04,15,9,Low Attendance
A015098,S14900,C032,2025-01-27,20,5,Low Attendance
A015099,S11158,C038,2025-05-20,25,13,Low Attendance
A015100,S16961,C006,2025-01-21,20,11,Low Attendance
A015101,S03984,C002,2025-12-08,30,2,Low Attendance
A015102,S15463,C003,2025-04-06,15,5,Low Attendance
A015103,S15761,C040,2025-07-19,15,5,Low Attendance
A015104,S07643,C001,2025-01-20,10,8,Present
A015105,S01269,C039,2025-12-12,25,6,Low Attendance
A015106,S08892,C016,2025-07-30,15,0,Low Attendance
A015107,S12367,C029,2025-04-06,10,5,Low Attendance
A015108,S08055,C008,2025-03-22,15,8,Low Attendance
A015109,S00905,C023,2025-03-19,30,21,Low Attendance
A015110,S04614,C038,2025-03-02,25,3,Low Attendance
A015111,S07268,C007,2025-10-21,15,9,Low Attendance
A015112,S04414,C025,2025-04-26,15,15,Present
A015113,S11945,C023,2025-05-09,15,9,Low Attendance
A015114,S00759,C028,2025-08-27,30,12,Low Attendance
A015115,S14330,C019,2025-07-02,25,4,Low Attendance
A015116,S09352,C019,2025-08-17,20,3,Low Attendance
A015117,S00337,C003,2025-11-25,20,14,Low Attendance
A015118,S01046,C012,2025-07-13,30,0,Low Attendance
A015119,S13360,C038,2025-11-06,20,17,Present
A015120,S15511,C028,2025-10-31,10,5,Low Attendance
A015121,S00557,C018,2025-05-18,30,0,Low Attendance
A015122,S09481,C019,2025-05-27,20,13,Low Attendance
A015123,S07815,C026,2025-11-20,15,9,Low Attendance
A015124,S00867,C047,2025-12-05,30,19,Low Attendance
A015125,S00860,C048,2025-07-17,15,15,Present
A015126,S17174,C007,2025-08-14,25,0,Low Attendance
A015127,S10413,C010,2025-06-18,30,21,Low Attendance
A015128,S03268,C025,2025-02-14,20,18,Present
A015129,S01533,C006,2025-11-07,15,1,Low Attendance
A015130,S12837,C041,2025-05-11,20,4,Low Attendance
A015131,S16750,C010,2025-01-10,30,19,Low Attendance
A015132,S02400,C005,2025-05-16,30,10,Low Attendance
A015133,S07831,C029,2025-04-07,10,7,Low Attendance
A015134,S06980,C044,2025-05-18,10,1,Low Attendance
A015135,S11177,C032,2025-10-29,10,2,Low Attendance
A015136,S10111,C033,2025-04-24,15,6,Low Attendance
A015137,S09225,C002,2025-10-31,15,13,Present
A015138,S19720,C004,2025-05-22,30,13,Low Attendance
A015139,S18402,C026,2025-05-27,10,7,Low Attendance
A015140,S03517,C039,2025-08-04,20,1,Low Attendance
A015141,S11549,C009,2025-09-21,25,10,Low Attendance
A015142,S06740,C026,2025-06-18,10,0,Low Attendance
A015143,S14262,C013,2025-11-03,25,5,Low Attendance
A015144,S17839,C035,2025-12-15,25,16,Low Attendance
A015145,S17110,C048,2025-08-09,10,1,Low Attendance
A015146,S12692,C029,2025-11-09,15,4,Low Attendance
A015147,S13877,C035,2025-11-07,30,15,Low Attendance
A015148,S01706,C014,2025-01-07,25,3,Low Attendance
A015149,S09122,C008,2025-09-19,15,7,Low Attendance
A015150,S18547,C025,2025-03-23,30,1,Low Attendance
A015151,S07660,C017,2025-04-10,20,15,Present
A015152,S16447,C011,2025-05-19,30,5,Low Attendance
A015153,S12387,C045,2025-01-01,20,13,Low Attendance
A015154,S08609,C039,2025-11-05,30,6,Low Attendance
A015155,S14835,C045,2025-02-13,10,2,Low Attendance
A015156,S02119,C008,2025-09-19,10,5,Low Attendance
A015157,S04241,C040,2025-07-04,30,10,Low Attendance
A015158,S02355,C001,2025-09-11,20,15,Present
A015159,S01929,C006,2025-04-08,30,13,Low Attendance
A015160,S03538,C026,2025-03-28,10,10,Present
A015161,S04147,C026,2025-12-14,25,22,Present
A015162,S05294,C047,2025-02-10,25,1,Low Attendance
A015163,S03739,C029,2025-12-15,20,6,Low Attendance
A015164,S03143,C031,2025-01-03,25,0,Low Attendance
A015165,S12728,C012,2025-11-08,25,25,Present
A015166,S02712,C038,2025-08-18,15,13,Present
A015167,S01938,C005,2025-08-29,30,17,Low Attendance
A015168,S18917,C020,2025-06-06,20,10,Low Attendance
A015169,S15675,C019,2025-11-29,30,8,Low Attendance
A015170,S06498,C036,2025-10-14,15,8,Low Attendance
A015171,S19516,C044,2025-09-30,20,4,Low Attendance
A015172,S03643,C028,2025-02-12,25,13,Low Attendance
A015173,S05684,C031,2025-12-20,10,9,Present
A015174,S06368,C037,2025-05-28,30,25,Present
A015175,S02064,C050,2025-02-20,10,5,Low Attendance
A015176,S12869,C039,2025-09-16,15,14,Present
A015177,S11411,C011,2025-08-04,30,20,Low Attendance
A015178,S06560,C040,2025-07-17,30,2,Low Attendance
A015179,S01400,C027,2025-05-24,10,7,Low Attendance
A015180,S05280,C013,2025-02-05,15,2,Low Attendance
A015181,S10690,C018,2025-10-01,25,22,Present
A015182,S00632,C024,2025-11-09,10,7,Low Attendance
A015183,S12526,C001,2025-04-29,10,7,Low Attendance
A015184,S02381,C038,2025-08-28,30,1,Low Attendance
A015185,S00351,C046,2025-08-21,10,0,Low Attendance
A015186,S07621,C008,2025-07-18,25,2,Low Attendance
A015187,S05392,C013,2025-06-25,30,23,Present
A015188,S09949,C008,2025-08-30,25,4,Low Attendance
A015189,S11935,C048,2025-02-05,25,6,Low Attendance
A015190,S07156,C044,2025-05-19,25,21,Present
A015191,S16667,C045,2025-10-16,25,20,Present
A015192,S07180,C014,2025-06-20,25,16,Low Attendance
A015193,S02916,C038,2025-03-13,10,6,Low Attendance
A015194,S01676,C023,2025-02-04,10,7,Low Attendance
A015195,S17628,C038,2025-12-22,15,6,Low Attendance
A015196,S03986,C036,2025-12-24,15,8,Low Attendance
A015197,S13923,C028,2025-04-04,15,10,Low Attendance
A015198,S03414,C039,2025-07-15,15,10,Low Attendance
A015199,S00206,C009,2025-05-24,25,22,Present
A015200,S05237,C004,2025-12-08,30,29,Present
A015201,S04451,C038,2025-05-01,20,3,Low Attendance
A015202,S13187,C003,2025-03-17,20,13,Low Attendance
A015203,S13219,C037,2025-08-27,20,15,Present
A015204,S17369,C020,2025-04-20,30,20,Low Attendance
A015205,S02081,C017,2025-05-10,10,0,Low Attendance
A015206,S17599,C010,2025-04-07,20,20,Present
A015207,S01487,C006,2025-12-29,10,6,Low Attendance
A015208,S11386,C030,2025-10-05,30,4,Low Attendance
A015209,S10987,C049,2025-02-24,20,13,Low Attendance
A015210,S14325,C001,2025-07-18,30,27,Present
A015211,S19788,C050,2025-04-08,30,5,Low Attendance
A015212,S02871,C016,2025-09-04,30,12,Low Attendance
A015213,S08858,C011,2025-10-13,20,20,Present
A015214,S01074,C013,2025-12-15,10,10,Present
A015215,S06569,C012,2025-03-15,10,2,Low Attendance
A015216,S18982,C040,2025-02-08,25,0,Low Attendance
A015217,S04589,C009,2025-09-30,10,7,Low Attendance
A015218,S02216,C007,2025-05-18,15,15,Present
A015219,S13000,C021,2025-04-18,20,17,Present
A015220,S04972,C007,2025-07-16,15,13,
A015221,S15591,C008,2025-10-13,10,0,Low Attendance
A015222,S17546,C038,2025-06-22,25,8,Low Attendance
A015223,S18564,C004,2025-09-28,10,9,Present
A015224,S05067,C040,2025-02-14,10,6,Low Attendance
A015225,S13029,C032,2025-04-04,15,15,Present
A015226,S03341,C018,2025-06-12,20,1,Low Attendance
A015227,S01764,C036,2025-10-14,20,7,Low Attendance
A015228,S04641,C018,2025-12-06,25,25,Present
A015229,S01972,C031,2025-10-07,10,5,Low Attendance
A015230,S15197,C029,2025-06-25,25,25,Present
A015231,S10192,C010,2025-03-26,30,6,Low Attendance
A015232,S07856,C009,2025-06-03,30,10,Low Attendance
A015233,S04939,C019,2025-06-22,20,10,Low Attendance
A015234,S17699,C038,2025-01-30,20,4,Low Attendance
A015235,S00384,C034,2025-03-02,25,0,Low Attendance
A015236,S00935,C046,2025-02-27,10,6,Low Attendance
A015237,S15327,C010,2025-12-12,15,14,Present
A015238,S04803,C034,2025-03-08,25,20,Present
A015239,S13058,C050,2025-02-02,25,23,Present
A015240,S00209,C024,2025-02-03,25,21,Present
A015241,S09992,C002,2025-09-26,15,13,Present
A015242,S03293,C007,2025-07-28,15,12,Present
A015243,S04525,C014,2025-03-23,10,0,Low Attendance
A015244,S04988,C007,2025-01-02,15,3,Low Attendance
A015245,S06637,C031,2025-08-17,30,17,Low Attendance
A015246,S12475,C046,2025-09-06,15,0,Low Attendance
A015247,S03683,C004,2025-12-23,20,7,Low Attendance
A015248,S00115,C022,2025-02-16,15,1,Low Attendance
A015249,S18101,C050,2025-12-12,25,18,Low Attendance
A015250,S02212,C014,2025-07-17,10,8,Present
A015251,S13239,C016,2025-03-05,25,22,Present
A015252,S00629,C028,2025-05-19,30,10,Low Attendance
A015253,S18300,C034,2025-02-04,25,20,Present
A015254,S17546,C018,2025-11-09,20,4,Low Attendance
A015255,S09090,C038,2025-05-02,25,13,Low Attendance
A015256,S03546,C036,2025-04-07,30,20,Low Attendance
A015257,S09015,C049,2025-06-27,15,0,Low Attendance
A015258,S07890,C004,2025-01-26,20,14,Low Attendance
A015259,S02459,C012,2025-09-28,15,6,Low Attendance
A015260,S11183,C008,2025-08-19,10,8,Present
A015261,S01557,C035,2025-12-04,10,5,Low Attendance
A015262,S04005,C002,2025-05-25,25,12,Low Attendance
A015263,S17357,C046,2025-01-03,25,16,Low Attendance
A015264,S14456,C006,2025-04-27,15,7,Low Attendance
A015265,S03169,C047,2025-09-11,15,6,Low Attendance
A015266,S13067,C048,2025-01-03,30,23,Present
A015267,S15789,C050,2025-06-14,30,17,Low Attendance
A015268,S02969,C039,2025-10-10,25,9,Low Attendance
A015269,S01918,C034,2025-10-11,15,10,Low Attendance
A015270,S02038,C010,2025-04-05,30,24,Present
A015271,S15821,C041,2025-10-24,20,14,Low Attendance
A015272,S09315,C014,2025-08-22,30,17,Low Attendance
A015273,S06874,C029,2025-01-25,30,0,
A015274,S13174,C045,2025-02-22,20,19,Present
A015275,S12593,C038,2025-05-06,20,7,Low Attendance
A015276,S08266,C008,2025-04-09,25,5,Low Attendance
A015277,S16517,C031,2025-08-14,10,0,Low Attendance
A015278,S14865,C025,2025-04-28,30,10,Low Attendance
A015279,S14150,C042,2025-01-29,25,3,Low Attendance
A015280,S05200,C003,2025-04-16,20,13,Low Attendance
A015281,S09475,C043,2025-11-30,15,7,Low Attendance
A015282,S16984,C029,2025-11-20,30,13,Low Attendance
A015283,S16815,C011,2025-08-19,10,3,Low Attendance
A015284,S12653,C026,2025-01-26,25,17,Low Attendance
A015285,S02094,C034,2025-04-12,10,7,Low Attendance
A015286,S06772,C004,2025-10-20,30,6,Low Attendance
A015287,S18892,C023,2025-09-26,10,3,Low Attendance
A015288,S14461,C018,2025-09-29,10,1,Low Attendance
A015289,S11207,C029,2025-02-16,20,14,Low Attendance
A015290,S02853,C027,2025-05-09,10,10,Present
A015291,S19487,C038,2025-11-16,25,3,Low Attendance
A015292,S14901,C039,2025-08-17,10,3,Low Attendance
A015293,S06868,C013,2025-07-24,30,13,Low Attendance
A015294,S14367,C037,2025-09-07,30,25,Present
A015295,S05836,C006,2025-08-13,10,4,Low Attendance
A015296,S18465,C004,2025-05-25,10,6,Low Attendance
A015297,S00912,C040,2025-01-15,20,12,Low Attendance
A015298,S01475,C030,2025-05-23,20,5,Low Attendance
A015299,S01926,C017,2025-10-21,20,19,Present
A015300,S14410,C029,2025-04-03,25,20,Present
A015301,S02348,C026,2025-03-22,10,9,Present
A015302,S13959,C010,2025-10-21,10,8,Present
A015303,S09859,C018,2025-03-08,20,15,Present
A015304,S07222,C036,2025-05-16,20,11,Low Attendance
A015305,S10239,C050,2025-04-13,25,25,Present
A015306,S18343,C009,2025-04-03,15,2,Low Attendance
A015307,S08311,C032,2025-09-26,25,15,Low Attendance
A015308,S06446,C045,2025-08-16,10,10,Present
A015309,S05862,C023,2025-02-19,25,18,Low Attendance
A015310,S09975,C012,2025-09-12,25,21,Present
A015311,S02906,C045,2025-10-19,15,11,Low Attendance
A015312,S16403,C023,2025-06-30,10,7,Low Attendance
A015313,S00054,C026,2025-08-09,15,14,Present
A015314,S06727,C042,2025-07-28,15,5,Low Attendance
A015315,S05157,C017,2025-11-27,15,10,Low Attendance
A015316,S01942,C001,2025-10-04,10,9,Present
A015317,S17829,C048,2025-02-01,20,16,Present
A015318,S15561,C049,2025-12-25,10,6,Low Attendance
A015319,S12670,C012,2025-01-14,10,4,Low Attendance
A015320,S07904,C042,2025-06-09,10,6,Low Attendance
A015321,S16426,C036,2025-10-22,25,16,Low Attendance
A015322,S12629,C026,2025-02-28,25,18,Low Attendance
A015323,S18766,C035,2025-09-15,30,21,Low Attendance
A015324,S03139,C036,2025-11-13,10,10,Present
A015325,S01219,C019,2025-08-19,15,5,Low Attendance
A015326,S18350,C019,2025-08-30,15,11,Low Attendance
A015327,S05224,C006,2025-03-01,15,3,Low Attendance
A015328,S14646,C017,2025-04-17,10,3,Low Attendance
A015329,S01206,C044,2025-07-09,10,4,Low Attendance
A015330,S10800,C006,2025-10-09,30,28,Present
A015331,S17192,C026,2025-05-22,30,8,Low Attendance
A015332,S15776,C024,2025-02-10,30,24,Present
A015333,S10395,C026,2025-07-11,30,27,Present
A015334,S11043,C012,2025-10-28,10,2,Low Attendance
A015335,S15092,C047,2025-01-01,30,5,Low Attendance
A015336,S07838,C036,2025-03-13,15,6,Low Attendance
A015337,S07199,C037,2025-08-21,20,0,Low Attendance
A015338,S19963,C049,2025-02-13,10,10,Present
A015339,S02144,C023,2025-10-06,20,6,Low Attendance
A015340,S05599,C013,2025-11-25,10,1,Low Attendance
A015341,S02298,C017,2025-05-15,30,8,Low Attendance
A015342,S19852,C030,2025-10-25,15,12,Present
A015343,S09461,C028,2025-10-25,30,9,Low Attendance
A015344,S16776,C022,2025-12-08,25,8,Low Attendance
A015345,S09284,C019,2025-06-08,25,2,Low Attendance
A015346,S05849,C001,2025-08-11,30,14,Low Attendance
A015347,S05720,C018,2025-10-24,25,23,Present
A015348,S10760,C040,2025-01-08,25,16,Low Attendance
A015349,S19214,C007,2025-08-25,15,7,Low Attendance
A015350,S17850,C003,2025-01-19,25,19,Present
A015351,S06577,C030,2025-11-11,20,3,Low Attendance
A015352,S17902,C003,2025-11-04,20,9,Low Attendance
A015353,S05492,C029,2025-07-28,25,6,Low Attendance
A015354,S17311,C029,2025-12-13,30,12,Low Attendance
A015355,S18164,C008,2025-06-16,30,8,Low Attendance
A015356,S03169,C045,2025-12-24,30,27,Present
A015357,S08036,C007,2025-11-28,30,20,Low Attendance
A015358,S09031,C001,2025-04-04,30,17,Low Attendance
A015359,S03114,C037,2025-09-18,25,5,Low Attendance
A015360,S12185,C045,2025-06-23,10,6,Low Attendance
A015361,S04625,C041,2025-07-03,15,2,Low Attendance
A015362,S00070,C027,2025-08-05,30,24,Present
A015363,S10948,C022,2025-09-10,20,5,Low Attendance
A015364,S15641,C046,2025-07-03,25,18,Low Attendance
A015365,S14225,C029,2025-09-19,10,3,Low Attendance
A015366,S17415,C022,2025-11-03,10,8,Present
A015367,S17264,C012,2025-04-06,30,9,Low Attendance
A015368,S02004,C044,2025-09-15,30,6,Low Attendance
A015369,S01771,C047,2025-04-05,25,13,Low Attendance
A015370,S06927,C036,2025-08-19,25,0,Low Attendance
A015371,S15133,C007,2025-12-02,10,6,Low Attendance
A015372,S08513,C044,2025-07-18,15,12,Present
A015373,S14156,C009,2025-08-05,15,15,Present
A015374,S18435,C023,2025-12-15,25,11,Low Attendance
A015375,S01684,C013,2025-09-20,15,8,Low Attendance
A015376,S03795,C034,2025-03-26,15,11,Low Attendance
A015377,S19927,C009,2025-04-23,30,13,Low Attendance
A015378,S01809,C040,2025-12-21,20,20,Present
A015379,S10187,C038,2025-05-20,15,11,Low Attendance
A015380,S10955,C037,2025-06-10,20,0,Low Attendance
A015381,S15188,C022,2025-12-15,10,4,Low Attendance
A015382,S01545,C002,2025-07-20,15,2,Low Attendance
A015383,S06498,C009,2025-04-18,30,18,Low Attendance
A015384,S03921,C045,2025-01-26,25,22,Present
A015385,S12702,C022,2025-03-22,30,29,Present
A015386,S09341,C008,2025-08-27,25,12,
A015387,S11071,C020,2025-02-10,20,2,Low Attendance
A015388,S16452,C008,2025-09-25,30,24,Present
A015389,S16201,C003,2025-04-20,15,10,Low Attendance
A015390,S16226,C046,2025-05-26,20,18,Present
A015391,S06013,C041,2025-12-01,10,6,Low Attendance
A015392,S17025,C011,2025-07-30,10,8,Present
A015393,S09443,C050,2025-10-27,15,14,Present
A015394,S12867,C044,2025-02-03,20,11,Low Attendance
A015395,S11073,C026,2025-07-06,25,19,Present
A015396,S14728,C029,2025-10-03,25,1,Low Attendance
A015397,S08361,C016,2025-06-03,25,9,Low Attendance
A015398,S09897,C039,2025-05-07,10,7,Low Attendance
A015399,S18734,C041,2025-03-09,20,17,Present
A015400,S13834,C034,2025-11-09,20,6,Low Attendance
A015401,S19170,C041,2025-09-25,20,10,Low Attendance
A015402,S18517,C006,2025-01-31,30,11,Low Attendance
A015403,S02306,C018,2025-08-31,30,30,Present
A015404,S16213,C018,2025-10-05,10,7,Low Attendance
A015405,S08809,C013,2025-03-11,15,15,Present
A015406,S15500,C001,2025-05-18,25,15,Low Attendance
A015407,S01055,C009,2025-08-08,10,6,Low Attendance
A015408,S10711,C002,2025-05-27,25,17,Low Attendance
A015409,S10843,C032,2025-03-06,30,21,Low Attendance
A015410,S12184,C050,2025-09-08,25,18,Low Attendance
A015411,S07635,C038,2025-04-16,10,7,Low Attendance
A015412,S14718,C044,2025-09-11,15,8,Low Attendance
A015413,S00519,C026,2025-05-17,10,2,Low Attendance
A015414,S02857,C031,2025-09-17,10,2,Low Attendance
A015415,S13336,C035,2025-10-17,15,2,Low Attendance
A015416,S03581,C037,2025-04-22,30,12,Low Attendance
A015417,S08701,C034,2025-05-18,10,1,Low Attendance
A015418,S06231,C008,2025-02-20,15,15,Present
A015419,S13131,C044,2025-10-31,15,1,Low Attendance
A015420,S13200,C031,2025-04-13,10,10,Present
A015421,S04572,C010,2025-11-27,20,0,Low Attendance
A015422,S16875,C018,2025-11-17,20,11,Low Attendance
A015423,S04735,C011,2025-08-02,25,14,Low Attendance
A015424,S17967,C018,2025-11-18,25,16,Low Attendance
A015425,S09623,C028,2025-08-23,20,11,Low Attendance
A015426,S16185,C038,2025-03-16,25,9,Low Attendance
A015427,S14096,C043,2025-08-15,15,11,Low Attendance
A015428,S04927,C003,2025-06-06,15,8,Low Attendance
A015429,S04478,C049,2025-10-17,20,1,Low Attendance
A015430,S08203,C007,2025-04-07,20,9,Low Attendance
A015431,S06102,C048,2025-12-30,20,3,Low Attendance
A015432,S15383,C022,2025-07-04,30,22,Low Attendance
A015433,S02287,C043,2025-10-09,30,26,Present
A015434,S01551,C007,2025-12-22,20,17,Present
A015435,S11087,C038,2025-09-28,30,5,Low Attendance
A015436,S12964,C050,2025-11-08,20,2,Low Attendance
A015437,S06356,C032,2025-05-28,30,5,Low Attendance
A015438,S01151,C027,2025-06-26,10,4,Low Attendance
A015439,S18482,C044,2025-02-09,15,6,Low Attendance
A015440,S18490,C041,2025-07-10,15,1,Low Attendance
A015441,S10185,C002,2025-02-13,10,7,Low Attendance
A015442,S02066,C048,2025-02-21,25,15,Low Attendance
A015443,S13400,C025,2025-08-18,15,10,Low Attendance
A015444,S11689,C027,2025-11-03,10,1,Low Attendance
A015445,S03818,C022,2025-12-03,25,5,Low Attendance
A015446,S17264,C005,2025-04-27,25,15,Low Attendance
A015447,S03681,C022,2025-09-28,30,30,Present
A015448,S14558,C003,2025-07-23,20,11,Low Attendance
A015449,S14767,C006,2025-04-22,30,27,Present
A015450,S18641,C046,2025-03-04,15,14,Present
A015451,S11048,C007,2025-05-21,10,4,Low Attendance
A015452,S05302,C043,2025-06-22,25,4,Low Attendance
A015453,S17168,C044,2025-03-20,25,13,Low Attendance
A015454,S06123,C007,2025-04-22,25,12,Low Attendance
A015455,S14124,C019,2025-01-03,10,6,Low Attendance
A015456,S15123,C021,2025-04-09,25,5,Low Attendance
A015457,S03466,C049,2025-01-28,15,11,Low Attendance
A015458,S02323,C027,2025-12-27,30,15,Low Attendance
A015459,S06019,C035,2025-12-27,15,8,Low Attendance
A015460,S18450,C039,2025-08-15,25,18,Low Attendance
A015461,S05055,C001,2025-04-24,10,7,Low Attendance
A015462,S03889,C048,2025-02-25,20,8,Low Attendance
A015463,S02145,C016,2025-10-25,30,30,Present
A015464,S07035,C041,2025-11-13,15,0,Low Attendance
A015465,S01829,C002,2025-02-10,20,18,Present
A015466,S10842,C047,2025-09-27,10,0,Low Attendance
A015467,S03885,C037,2025-08-12,10,0,Low Attendance
A015468,S11774,C021,2025-07-03,30,30,Present
A015469,S00498,C019,2025-11-01,25,4,Low Attendance
A015470,S13542,C016,2025-11-12,30,13,Low Attendance
A015471,S15619,C016,2025-10-03,20,7,Low Attendance
A015472,S13248,C008,2025-10-08,10,2,Low Attendance
A015473,S03953,C041,2025-06-05,25,12,Low Attendance
A015474,S15590,C011,2025-07-27,10,5,Low Attendance
A015475,S14128,C010,2025-06-21,30,2,Low Attendance
A015476,S14293,C049,2025-09-16,25,25,Present
A015477,S12975,C048,2025-06-20,30,11,Low Attendance
A015478,S00130,C009,2025-01-23,25,17,Low Attendance
A015479,S17369,C015,2025-04-21,10,9,Present
A015480,S00331,C005,2025-07-01,25,1,Low Attendance
A015481,S14760,C024,2025-08-02,30,28,Present
A015482,S01270,C032,2025-08-20,30,19,Low Attendance
A015483,S08376,C019,2025-06-26,25,5,Low Attendance
A015484,S16230,C033,2025-01-14,15,5,Low Attendance
A015485,S05497,C023,2025-03-19,15,3,Low Attendance
A015486,S14055,C028,2025-10-08,10,1,Low Attendance
A015487,S04038,C041,2025-05-07,10,5,Low Attendance
A015488,S17486,C046,2025-04-20,30,30,Present
A015489,S04529,C026,2025-08-20,30,28,Present
A015490,S05001,C050,2025-09-18,20,14,Low Attendance
A015491,S06624,C012,2025-01-03,25,17,Low Attendance
A015492,S03947,C001,2025-05-10,30,5,Low Attendance
A015493,S03182,C033,2025-05-02,25,9,Low Attendance
A015494,S16262,C041,2025-07-13,10,7,Low Attendance
A015495,S10014,C012,2025-12-21,25,25,Present
A015496,S02310,C031,2025-05-15,25,4,Low Attendance
A015497,S18560,C017,2025-10-09,25,7,Low Attendance
A015498,S07188,C027,2025-05-01,25,25,Present
A015499,S01386,C021,2025-08-02,15,7,Low Attendance
A015500,S19159,C046,2025-02-08,25,19,Present
A015501,S05282,C042,2025-03-31,15,10,Low Attendance
A015502,S05676,C013,2025-07-23,10,0,Low Attendance
A015503,S17364,C026,2025-04-17,10,9,Present
A015504,S06689,C006,2025-06-01,25,16,Low Attendance
A015505,S13560,C027,2025-10-17,15,2,Low Attendance
A015506,S10336,C041,2025-08-15,20,9,Low Attendance
A015507,S15356,C017,2025-06-08,10,6,Low Attendance
A015508,S02431,C029,2025-04-02,25,20,Present
A015509,S02926,C019,2025-07-04,30,12,Low Attendance
A015510,S08905,C021,2025-06-05,10,3,Low Attendance
A015511,S02428,C031,2025-08-24,30,25,Present
A015512,S02856,C028,2025-07-26,15,14,Present
A015513,S04401,C010,2025-12-06,10,6,Low Attendance
A015514,S14108,C028,2025-04-02,10,6,Low Attendance
A015515,S17627,C047,2025-10-02,30,24,Present
A015516,S19709,C028,2025-07-18,25,7,Low Attendance
A015517,S03203,C029,2025-04-01,15,0,Low Attendance
A015518,S18560,C021,2025-03-01,15,5,Low Attendance
A015519,S15761,C009,2025-12-01,20,10,Low Attendance
A015520,S13435,C030,2025-12-27,30,26,Present
A015521,S17515,C030,2025-12-04,30,20,Low Attendance
A015522,S11511,C024,2025-03-11,25,5,Low Attendance
A015523,S04714,C022,2025-07-29,20,13,Low Attendance
A015524,S19983,C016,2025-07-26,10,1,Low Attendance
A015525,S01646,C030,2025-12-02,30,29,Present
A015526,S07041,C050,2025-05-02,15,15,Present
A015527,S09186,C047,2025-06-06,10,1,Low Attendance
A015528,S10605,C001,2025-08-08,10,8,Present
A015529,S08458,C011,2025-01-18,25,16,Low Attendance
A015530,S19389,C019,2025-07-16,15,1,Low Attendance
A015531,S13509,C014,2025-03-08,30,22,Low Attendance
A015532,S05882,C038,2025-11-12,30,22,Low Attendance
A015533,S18736,C032,2025-03-26,25,19,Present
A015534,S03241,C009,2025-06-02,15,7,Low Attendance
A015535,S12872,C041,2025-09-24,25,10,Low Attendance
A015536,S04371,C020,2025-02-24,10,2,Low Attendance
A015537,S15319,C027,2025-05-14,25,22,Present
A015538,S13924,C030,2025-11-21,20,18,Present
A015539,S15585,C005,2025-07-28,25,1,Low Attendance
A015540,S01667,C020,2025-03-01,15,0,Low Attendance
A015541,S18089,C029,2025-08-30,30,21,Low Attendance
A015542,S08636,C035,2025-12-30,20,4,Low Attendance
A015543,S03848,C007,2025-02-07,25,16,Low Attendance
A015544,S06554,C009,2025-11-04,25,19,Present
A015545,S14643,C043,2025-03-22,15,6,Low Attendance
A015546,S10011,C005,2025-07-27,25,18,Low Attendance
A015547,S18876,C014,2025-09-14,15,4,Low Attendance
A015548,S03818,C038,2025-06-24,15,10,Low Attendance
A015549,S07691,C033,2025-12-29,10,2,Low Attendance
A015550,S04635,C033,2025-07-29,15,9,Low Attendance
A015551,S13142,C042,2025-01-02,30,19,Low Attendance
A015552,S03367,C024,2025-07-17,25,8,Low Attendance
A015553,S05794,C050,2025-07-15,25,18,Low Attendance
A015554,S04213,C028,2025-11-23,10,4,Low Attendance
A015555,S00812,C032,2025-02-19,10,7,Low Attendance
A015556,S16869,C022,2025-04-08,30,1,Low Attendance
A015557,S15923,C050,2025-09-03,30,23,Present
A015558,S02421,C018,2025-06-22,15,6,Low Attendance
A015559,S01902,C012,2025-04-12,30,0,Low Attendance
A015560,S18141,C022,2025-01-24,15,3,Low Attendance
A015561,S03023,C008,2025-06-26,25,7,Low Attendance
A015562,S08946,C035,2025-09-12,25,20,Present
A015563,S15655,C042,2025-04-27,30,19,Low Attendance
A015564,S08179,C026,2025-10-16,30,9,Low Attendance
A015565,S00931,C032,2025-05-12,25,18,Low Attendance
A015566,S12585,C045,2025-05-22,30,6,Low Attendance
A015567,S10853,C046,2025-10-28,20,17,Present
A015568,S01304,C020,2025-09-26,25,23,Present
A015569,S15978,C018,2025-01-28,25,16,Low Attendance
A015570,S07441,C001,2025-12-26,25,6,Low Attendance
A015571,S10715,C028,2025-12-14,15,11,Low Attendance
A015572,S05210,C035,2025-04-01,20,12,Low Attendance
A015573,S06190,C016,2025-07-18,10,3,Low Attendance
A015574,S09097,C015,2025-03-16,30,11,Low Attendance
A015575,S07696,C046,2025-08-13,30,6,Low Attendance
A015576,S12126,C015,2025-12-30,20,15,Present
A015577,S04153,C032,2025-10-13,20,6,Low Attendance
A015578,S00062,C018,2025-09-22,25,6,Low Attendance
A015579,S08113,C026,2025-11-28,10,1,Low Attendance
A015580,S18031,C002,2025-02-24,25,12,Low Attendance
A015581,S07982,C029,2025-12-06,25,17,Low Attendance
A015582,S16091,C028,2025-07-23,10,7,Low Attendance
A015583,S02621,C047,2025-02-07,25,24,Present
A015584,S16710,C008,2025-06-09,15,4,Low Attendance
A015585,S00473,C041,2025-01-07,30,30,Present
A015586,S17378,C040,2025-04-26,20,18,Present
A015587,S13662,C033,2025-07-20,15,13,Present
A015588,S11847,C010,2025-02-18,25,5,Low Attendance
A015589,S11875,C046,2025-11-28,10,5,Low Attendance
A015590,S12572,C023,2025-10-24,15,10,Low Attendance
A015591,S10449,C007,2025-12-11,20,19,Present
A015592,S05361,C015,2025-02-25,20,18,Present
A015593,S00792,C030,2025-11-23,15,13,Present
A015594,S15871,C040,2025-04-09,30,16,Low Attendance
A015595,S00448,C006,2025-09-07,25,11,Low Attendance
A015596,S03647,C047,2025-08-19,15,15,Present
A015597,S03718,C033,2025-07-18,10,9,Present
A015598,S13725,C024,2025-09-11,15,11,Low Attendance
A015599,S18947,C009,2025-10-08,15,4,Low Attendance
A015600,S02571,C045,2025-04-04,10,6,Low Attendance
A015601,S07797,C024,2025-06-14,10,3,Low Attendance
A015602,S10322,C007,2025-10-26,15,11,Low Attendance
A015603,S15626,C039,2025-01-09,30,6,Low Attendance
A015604,S00096,C022,2025-05-04,30,3,Low Attendance
A015605,S14306,C005,2025-08-05,30,11,Low Attendance
A015606,S07411,C012,2025-11-07,25,8,Low Attendance
A015607,S12661,C037,2025-11-07,25,2,Low Attendance
A015608,S02293,C046,2025-11-29,15,8,Low Attendance
A015609,S11254,C019,2025-04-28,15,6,Low Attendance
A015610,S13643,C027,2025-01-31,25,15,Low Attendance
A015611,S15286,C038,2025-05-10,20,6,Low Attendance
A015612,S10514,C023,2025-03-05,20,11,Low Attendance
A015613,S08866,C018,2025-07-18,30,30,Present
A015614,S15610,C008,2025-01-18,10,10,Present
A015615,S17212,C044,2025-04-14,20,10,Low Attendance
A015616,S11401,C009,2025-11-03,10,5,Low Attendance
A015617,S10562,C030,2025-11-18,20,20,Present
A015618,S18640,C013,2025-01-16,10,9,Present
A015619,S06284,C049,2025-02-15,15,14,Present
A015620,S14279,C012,2025-09-28,25,15,Low Attendance
A015621,S16190,C003,2025-01-28,25,16,Low Attendance
A015622,S13619,C041,2025-06-25,10,4,Low Attendance
A015623,S03274,C024,2025-06-11,15,9,Low Attendance
A015624,S03266,C031,2025-08-19,25,24,Present
A015625,S01282,C036,2025-12-02,25,7,Low Attendance
A015626,S11361,C014,2025-04-19,30,20,Low Attendance
A015627,S06041,C012,2025-09-03,20,15,Present
A015628,S07424,C033,2025-12-30,15,9,Low Attendance
A015629,S08657,C022,2025-01-12,10,9,Present
A015630,S12517,C038,2025-11-16,15,11,Low Attendance
A015631,S12559,C028,2025-10-24,15,15,Present
A015632,S05953,C036,2025-06-09,30,28,Present
A015633,S12259,C001,2025-05-20,30,0,Low Attendance
A015634,S03157,C035,2025-06-15,15,10,Low Attendance
A015635,S05336,C003,2025-06-05,15,12,Present
A015636,S14505,C008,2025-12-10,15,7,Low Attendance
A015637,S18460,C008,2025-03-25,20,20,Present
A015638,S01919,C033,2025-04-03,30,26,Present
A015639,S10120,C007,2025-04-16,10,3,Low Attendance
A015640,S16223,C024,2025-08-02,15,5,Low Attendance
A015641,S10327,C008,2025-01-10,15,11,Low Attendance
A015642,S07941,C043,2025-12-14,10,6,Low Attendance
A015643,S03598,C043,2025-08-05,10,6,Low Attendance
A015644,S06424,C025,2025-03-03,20,18,Present
A015645,S10552,C006,2025-11-17,30,16,Low Attendance
A015646,S03759,C040,2025-11-18,15,0,Low Attendance
A015647,S10407,C045,2025-11-04,10,1,Low Attendance
A015648,S10649,C020,2025-01-28,25,0,Low Attendance
A015649,S05044,C038,2025-06-26,20,4,Low Attendance
A015650,S06496,C010,2025-04-08,30,30,Present
A015651,S09357,C050,2025-02-06,30,22,Low Attendance
A015652,S18039,C002,2025-09-07,10,7,Low Attendance
A015653,S17580,C038,2025-06-26,15,3,Low Attendance
A015654,S17634,C003,2025-08-07,25,8,Low Attendance
A015655,S13707,C003,2025-02-11,25,1,Low Attendance
A015656,S12570,C028,2025-11-16,25,4,Low Attendance
A015657,S02859,C006,2025-04-17,20,16,Present
A015658,S07905,C026,2025-03-02,10,0,Low Attendance
A015659,S10279,C015,2025-11-03,10,8,Present
A015660,S09046,C032,2025-01-11,10,9,Present
A015661,S17338,C022,2025-12-02,20,0,Low Attendance
A015662,S16920,C030,2025-09-06,25,6,Low Attendance
A015663,S11987,C046,2025-10-18,15,11,Low Attendance
A015664,S06821,C023,2025-01-28,30,29,Present
A015665,S00062,C040,2025-11-02,30,3,Low Attendance
A015666,S00315,C020,2025-09-09,25,15,Low Attendance
A015667,S01109,C011,2025-06-12,30,16,Low Attendance
A015668,S12774,C003,2025-04-22,20,1,Low Attendance
A015669,S07442,C022,2025-01-01,20,11,Low Attendance
A015670,S00664,C048,2025-06-08,25,18,Low Attendance
A015671,S11254,C042,2025-03-22,15,10,Low Attendance
A015672,S18562,C017,2025-11-29,15,6,Low Attendance
A015673,S10970,C005,2025-05-30,25,5,Low Attendance
A015674,S06743,C030,2025-06-20,25,19,Present
A015675,S17004,C011,2025-11-28,25,1,Low Attendance
A015676,S14502,C045,2025-10-20,20,14,Low Attendance
A015677,S14644,C018,2025-11-11,25,14,Low Attendance
A015678,S14298,C004,2025-08-22,10,1,Low Attendance
A015679,S00573,C015,2025-07-29,30,6,Low Attendance
A015680,S06542,C031,2025-05-10,25,25,Present
A015681,S14836,C017,2025-07-13,25,11,Low Attendance
A015682,S15084,C045,2025-07-05,15,8,Low Attendance
A015683,S13106,C047,2025-09-26,20,7,Low Attendance
A015684,S08051,C001,2025-06-15,20,12,Low Attendance
A015685,S03670,C024,2025-11-25,15,12,Present
A015686,S09632,C049,2025-01-14,30,30,Present
A015687,S01807,C047,2025-02-24,10,3,Low Attendance
A015688,S11542,C011,2025-09-10,25,6,Low Attendance
A015689,S03614,C025,2025-11-04,30,10,Low Attendance
A015690,S12488,C024,2025-05-02,15,1,Low Attendance
A015691,S11298,C016,2025-08-20,15,14,Present
A015692,S01348,C039,2025-10-11,20,19,Present
A015693,S03398,C006,2025-05-18,10,2,Low Attendance
A015694,S14401,C047,2025-12-20,30,29,Present
A015695,S00146,C017,2025-08-13,10,1,Low Attendance
A015696,S11588,C045,2025-10-10,20,17,Present
A015697,S00180,C030,2025-05-09,10,5,Low Attendance
A015698,S05201,C005,2025-02-19,10,6,Low Attendance
A015699,S02865,C017,2025-07-27,20,9,Low Attendance
A015700,S14664,C036,2025-03-24,30,5,Low Attendance
A015701,S03628,C011,2025-01-11,15,2,Low Attendance
A015702,S03363,C033,2025-07-29,15,8,Low Attendance
A015703,S07443,C019,2025-03-21,10,9,Present
A015704,S11417,C039,2025-09-20,25,16,Low Attendance
A015705,S02984,C031,2025-10-21,25,24,Present
A015706,S17484,C050,2025-11-06,30,25,Present
A015707,S03215,C006,2025-12-27,30,23,Present
A015708,S10140,C040,2025-06-08,20,1,Low Attendance
A015709,S12234,C041,2025-04-20,15,3,Low Attendance
A015710,S15680,C049,2025-08-25,15,1,Low Attendance
A015711,S12986,C043,2025-08-28,25,24,Present
A015712,S19972,C045,2025-03-14,30,11,Low Attendance
A015713,S14030,C045,2025-10-07,10,2,Low Attendance
A015714,S15006,C018,2025-04-09,25,7,Low Attendance
A015715,S13344,C049,2025-06-05,20,2,Low Attendance
A015716,S01614,C016,2025-08-22,10,1,Low Attendance
A015717,S11857,C045,2025-03-24,30,27,Present
A015718,S14233,C021,2025-12-08,15,13,Present
A015719,S13371,C041,2025-07-29,10,8,Present
A015720,S07120,C037,2025-10-13,30,27,Present
A015721,S00911,C047,2025-07-19,10,7,Low Attendance
A015722,S06519,C032,2025-09-28,30,21,Low Attendance
A015723,S01219,C030,2025-09-18,25,5,Low Attendance
A015724,S08102,C047,2025-08-20,10,6,Low Attendance
A015725,S18166,C042,2025-11-14,15,15,Present
A015726,S04837,C018,2025-01-05,10,0,Low Attendance
A015727,S18437,C032,2025-11-02,20,3,Low Attendance
A015728,S03288,C030,2025-10-20,20,8,Low Attendance
A015729,S11285,C022,2025-12-21,25,17,Low Attendance
A015730,S11815,C026,2025-02-15,20,14,Low Attendance
A015731,S10245,C042,2025-01-16,25,7,Low Attendance
A015732,S03502,C024,2025-03-07,10,10,Present
A015733,S07167,C012,2025-11-04,25,16,Low Attendance
A015734,S13398,C019,2025-07-09,15,7,Low Attendance
A015735,S01980,C002,2025-12-14,30,4,Low Attendance
A015736,S05839,C002,2025-02-06,20,0,Low Attendance
A015737,S00392,C037,2025-04-21,20,7,Low Attendance
A015738,S11445,C005,2025-01-01,10,0,Low Attendance
A015739,S17192,C012,2025-11-12,25,8,Low Attendance
A015740,S04850,C020,2025-03-26,15,11,Low Attendance
A015741,S16634,C017,2025-06-20,20,17,Present
A015742,S16335,C010,2025-04-08,10,8,Present
A015743,S08746,C049,2025-05-29,20,1,Low Attendance
A015744,S19929,C006,2025-01-28,15,6,Low Attendance
A015745,S13091,C010,2025-12-06,30,8,Low Attendance
A015746,S00174,C001,2025-12-14,30,18,Low Attendance
A015747,S18804,C008,2025-08-09,25,20,Present
A015748,S01381,C015,2025-02-27,25,10,Low Attendance
A015749,S04419,C020,2025-07-26,30,0,Low Attendance
A015750,S05135,C044,2025-01-03,10,3,Low Attendance
A015751,S01317,C035,2025-11-28,15,0,Low Attendance
A015752,S08606,C042,2025-09-27,25,18,Low Attendance
A015753,S18263,C025,2025-06-10,10,7,Low Attendance
A015754,S04182,C007,2025-02-15,10,0,Low Attendance
A015755,S12261,C035,2025-01-08,20,9,Low Attendance
A015756,S01112,C038,2025-11-08,10,0,Low Attendance
A015757,S08330,C018,2025-10-14,10,1,Low Attendance
A015758,S15323,C026,2025-11-22,10,0,Low Attendance
A015759,S02212,C038,2025-06-20,15,8,Low Attendance
A015760,S13203,C009,2025-12-24,15,10,Low Attendance
A015761,S16619,C013,2025-01-26,30,0,Low Attendance
A015762,S02441,C045,2025-11-10,30,19,Low Attendance
A015763,S19539,C013,2025-09-05,30,0,Low Attendance
A015764,S00666,C025,2025-07-27,20,9,Low Attendance
A015765,S13028,C033,2025-12-25,25,24,Present
A015766,S14242,C040,2025-11-12,30,19,Low Attendance
A015767,S03844,C044,2025-10-11,10,7,Low Attendance
A015768,S15228,C034,2025-10-07,15,14,Present
A015769,S00957,C047,2025-10-25,30,4,Low Attendance
A015770,S13250,C044,2025-03-21,15,3,Low Attendance
A015771,S15008,C035,2025-05-24,15,14,Present
A015772,S08544,C035,2025-05-01,15,10,Low Attendance
A015773,S00120,C030,2025-02-21,20,4,Low Attendance
A015774,S19994,C003,2025-01-17,10,2,Low Attendance
A015775,S06074,C015,2025-04-11,30,27,Present
A015776,S17787,C046,2025-08-09,15,11,Low Attendance
A015777,S18954,C016,2025-09-07,30,23,Present
A015778,S08295,C035,2025-05-24,20,15,Present
A015779,S02325,C035,2025-03-18,10,2,Low Attendance
A015780,S07664,C016,2025-06-12,15,15,Present
A015781,S16302,C001,2025-10-22,15,14,Present
A015782,S02679,C036,2025-04-22,25,15,Low Attendance
A015783,S17440,C033,2025-07-24,30,1,Low Attendance
A015784,S00627,C003,2025-06-04,20,12,Low Attendance
A015785,S14745,C027,2025-12-18,25,5,Low Attendance
A015786,S07413,C028,2025-10-13,30,4,Low Attendance
A015787,S06598,C022,2025-08-30,30,19,Low Attendance
A015788,S09895,C019,2025-08-04,30,2,Low Attendance
A015789,S05289,C034,2025-03-17,10,9,Present
A015790,S01274,C050,2025-01-06,10,9,Present
A015791,S16744,C004,2025-05-10,15,11,Low Attendance
A015792,S18086,C039,2025-04-17,20,17,Present
A015793,S12006,C010,2025-10-16,20,20,Present
A015794,S00744,C050,2025-08-16,20,16,Present
A015795,S09041,C042,2025-09-19,10,1,Low Attendance
A015796,S00834,C001,2025-04-27,10,10,Present
A015797,S17503,C045,2025-06-05,25,15,Low Attendance
A015798,S15621,C040,2025-04-24,30,15,Low Attendance
A015799,S13432,C017,2025-01-25,15,5,Low Attendance
A015800,S15028,C005,2025-09-27,30,1,Low Attendance
A015801,S19860,C023,2025-01-05,15,6,Low Attendance
A015802,S16510,C003,2025-07-07,10,5,Low Attendance
A015803,S18606,C023,2025-03-19,20,15,Present
A015804,S10297,C015,2025-02-14,25,4,Low Attendance
A015805,S17853,C002,2025-01-20,15,2,Low Attendance
A015806,S15241,C023,2025-08-04,15,10,Low Attendance
A015807,S09479,C008,2025-07-27,25,0,Low Attendance
A015808,S00463,C015,2025-04-21,25,4,Low Attendance
A015809,S07456,C045,2025-07-19,30,25,Present
A015810,S14885,C028,2025-10-29,25,1,Low Attendance
A015811,S12455,C006,2025-12-12,30,20,Low Attendance
A015812,S18043,C040,2025-10-09,10,9,Present
A015813,S11850,C002,2025-01-11,25,15,Low Attendance
A015814,S14371,C041,2025-10-08,30,8,Low Attendance
A015815,S19195,C032,2025-03-18,10,2,Low Attendance
A015816,S14852,C044,2025-10-05,30,20,Low Attendance
A015817,S01456,C035,2025-10-22,25,3,Low Attendance
A015818,S16119,C002,2025-07-30,20,12,Low Attendance
A015819,S02577,C031,2025-08-23,20,0,Low Attendance
A015820,S19422,C013,2025-04-11,15,13,Present
A015821,S17466,C002,2025-03-19,15,11,Low Attendance
A015822,S16465,C022,2025-10-06,20,7,Low Attendance
A015823,S02412,C050,2025-10-31,20,7,Low Attendance
A015824,S13818,C006,2025-10-03,25,22,Present
A015825,S11676,C021,2025-12-20,30,20,Low Attendance
A015826,S13652,C039,2025-02-08,15,6,Low Attendance
A015827,S08156,C035,2025-11-14,15,1,Low Attendance
A015828,S19742,C041,2025-02-26,15,1,Low Attendance
A015829,S16456,C018,2025-05-05,15,0,Low Attendance
A015830,S19530,C046,2025-03-28,10,5,Low Attendance
A015831,S03061,C031,2025-03-09,20,11,Low Attendance
A015832,S07764,C024,2025-10-15,20,3,Low Attendance
A015833,S13353,C018,2025-08-14,25,12,Low Attendance
A015834,S08702,C025,2025-12-12,30,28,Present
A015835,S05339,C042,2025-04-09,25,5,Low Attendance
A015836,S17370,C031,2025-11-19,10,5,Low Attendance
A015837,S13338,C018,2025-12-03,20,13,Low Attendance
A015838,S12032,C011,2025-04-04,20,15,Present
A015839,S03706,C026,2025-05-23,20,18,Present
A015840,S19769,C017,2025-06-21,30,28,Present
A015841,S16624,C046,2025-05-25,10,10,Present
A015842,S00978,C002,2025-06-24,10,9,Present
A015843,S16093,C010,2025-02-04,30,28,Present
A015844,S03098,C046,2025-12-06,30,3,Low Attendance
A015845,S04965,C038,2025-04-15,25,2,Low Attendance
A015846,S17039,C042,2025-10-06,15,7,Low Attendance
A015847,S04821,C048,2025-05-03,10,9,Present
A015848,S13541,C006,2025-07-16,30,26,Present
A015849,S07402,C014,2025-04-30,25,8,Low Attendance
A015850,S01083,C031,2025-09-18,10,6,Low Attendance
A015851,S08124,C010,2025-04-06,20,5,Low Attendance
A015852,S01775,C027,2025-09-01,30,21,Low Attendance
A015853,S02828,C027,2025-09-02,30,29,Present
A015854,S01126,C004,2025-02-11,30,14,Low Attendance
A015855,S14413,C014,2025-02-11,15,7,Low Attendance
A015856,S13513,C030,2025-05-07,20,0,Low Attendance
A015857,S09348,C035,2025-01-10,30,10,Low Attendance
A015858,S18425,C014,2025-01-10,25,15,Low Attendance
A015859,S02295,C014,2025-01-04,10,6,Low Attendance
A015860,S09620,C032,2025-04-01,15,10,Low Attendance
A015861,S03187,C027,2025-09-28,25,24,Present
A015862,S12106,C034,2025-02-09,25,5,Low Attendance
A015863,S04663,C020,2025-04-13,20,14,Low Attendance
A015864,S19108,C010,2025-01-26,15,0,Low Attendance
A015865,S17509,C049,2025-10-08,25,12,Low Attendance
A015866,S04962,C016,2025-10-09,30,12,Low Attendance
A015867,S17552,C033,2025-06-12,30,19,Low Attendance
A015868,S06746,C008,2025-05-30,15,15,Present
A015869,S15868,C026,2025-08-27,25,2,Low Attendance
A015870,S14609,C013,2025-08-27,25,20,Present
A015871,S03986,C006,2025-09-08,20,5,Low Attendance
A015872,S15498,C035,2025-12-31,30,0,Low Attendance
A015873,S14081,C006,2025-11-24,10,3,Low Attendance
A015874,S08928,C041,2025-10-27,10,3,Low Attendance
A015875,S19822,C048,2025-07-14,10,0,Low Attendance
A015876,S01220,C014,2025-09-22,30,29,Present
A015877,S15508,C013,2025-09-30,25,16,Low Attendance
A015878,S14802,C043,2025-03-15,30,11,Low Attendance
A015879,S07861,C042,2025-12-06,20,9,Low Attendance
A015880,S00834,C001,2025-10-05,10,3,Low Attendance
A015881,S01080,C032,2025-06-06,30,22,Low Attendance
A015882,S03055,C020,2025-06-28,10,0,Low Attendance
A015883,S17208,C040,2025-01-10,15,9,Low Attendance
A015884,S11508,C040,2025-06-30,15,6,Low Attendance
A015885,S15158,C025,2025-02-01,15,11,Low Attendance
A015886,S06679,C019,2025-04-23,25,10,Low Attendance
A015887,S00657,C035,2025-10-22,10,9,Present
A015888,S14136,C049,2025-07-21,10,3,Low Attendance
A015889,S02031,C016,2025-12-13,30,22,Low Attendance
A015890,S08539,C050,2025-12-07,25,22,Present
A015891,S08221,C050,2025-04-10,15,7,Low Attendance
A015892,S02652,C034,2025-07-26,15,11,Low Attendance
A015893,S17932,C031,2025-06-24,30,16,Low Attendance
A015894,S16426,C030,2025-02-16,10,2,Low Attendance
A015895,S10267,C005,2025-09-24,20,17,Present
A015896,S12944,C011,2025-07-01,15,3,Low Attendance
A015897,S08965,C045,2025-02-20,15,6,Low Attendance
A015898,S11153,C038,2025-04-17,25,22,Present
A015899,S07194,C008,2025-10-26,25,19,Present
A015900,S10933,C003,2025-03-16,20,4,Low Attendance
A015901,S08032,C040,2025-01-19,10,6,Low Attendance
A015902,S12384,C007,2025-07-21,25,9,Low Attendance
A015903,S04891,C050,2025-02-02,25,18,Low Attendance
A015904,S03462,C041,2025-10-10,15,7,Low Attendance
A015905,S06998,C026,2025-01-15,20,0,Low Attendance
A015906,S01868,C016,2025-05-04,20,4,Low Attendance
A015907,S16827,C038,2025-12-18,25,9,Low Attendance
A015908,S13071,C019,2025-08-16,25,14,Low Attendance
A015909,S19095,C001,2025-12-18,15,12,Present
A015910,S07644,C041,2025-08-03,15,6,Low Attendance
A015911,S14038,C042,2025-12-05,15,14,Present
A015912,S02843,C040,2025-07-09,10,0,Low Attendance
A015913,S18663,C013,2025-10-15,30,5,Low Attendance
A015914,S18887,C014,2025-08-20,15,13,Present
A015915,S12128,C006,2025-03-03,10,1,Low Attendance
A015916,S11617,C015,2025-02-12,10,3,Low Attendance
A015917,S09930,C022,2025-03-03,25,17,Low Attendance
A015918,S13033,C047,2025-12-19,25,10,Low Attendance
A015919,S13740,C023,2025-12-09,15,15,Present
A015920,S07039,C038,2025-05-24,25,17,Low Attendance
A015921,S18819,C025,2025-01-11,25,11,Low Attendance
A015922,S10764,C029,2025-01-15,30,9,Low Attendance
A015923,S01848,C032,2025-01-06,25,25,Present
A015924,S18688,C047,2025-04-08,20,7,Low Attendance
A015925,S14188,C030,2025-11-08,30,0,Low Attendance
A015926,S08546,C003,2025-12-30,10,9,Present
A015927,S04287,C023,2025-11-11,15,10,
A015928,S19918,C001,2025-09-09,10,0,Low Attendance
A015929,S05934,C027,2025-05-21,25,21,Present
A015930,S02853,C047,2025-08-15,10,9,Present
A015931,S02980,C021,2025-02-22,30,17,Low Attendance
A015932,S17596,C049,2025-02-15,20,9,Low Attendance
A015933,S00204,C009,2025-04-09,15,4,Low Attendance
A015934,S09059,C021,2025-08-21,25,11,Low Attendance
A015935,S07484,C009,2025-07-06,15,14,Present
A015936,S07750,C017,2025-11-10,25,3,Low Attendance
A015937,S15310,C008,2025-10-04,15,12,Present
A015938,S00250,C003,2025-02-26,10,8,Present
A015939,S16941,C009,2025-07-14,30,9,Low Attendance
A015940,S09231,C005,2025-11-02,30,29,Present
A015941,S19232,C031,2025-07-18,25,14,Low Attendance
A015942,S11621,C003,2025-04-08,20,3,Low Attendance
A015943,S16863,C030,2025-09-23,30,30,Present
A015944,S11008,C024,2025-11-01,10,4,Low Attendance
A015945,S14796,C030,2025-07-25,25,21,Present
A015946,S04763,C036,2025-09-18,25,8,Low Attendance
A015947,S04080,C040,2025-11-16,15,2,Low Attendance
A015948,S15890,C042,2025-05-05,30,9,Low Attendance
A015949,S05455,C006,2025-09-22,25,25,Present
A015950,S11636,C034,2025-11-12,10,2,Low Attendance
A015951,S19930,C032,2025-04-23,30,15,Low Attendance
A015952,S02151,C010,2025-04-04,25,25,Present
A015953,S17171,C019,2025-05-17,10,4,Low Attendance
A015954,S16995,C012,2025-03-05,10,1,Low Attendance
A015955,S16767,C002,2025-12-02,20,9,Low Attendance
A015956,S18797,C006,2025-03-11,25,16,Low Attendance
A015957,S16062,C044,2025-05-09,25,2,Low Attendance
A015958,S00549,C014,2025-11-29,25,10,Low Attendance
A015959,S14448,C002,2025-09-28,15,15,Present
A015960,S10857,C026,2025-09-08,10,5,Low Attendance
A015961,S03408,C024,2025-11-21,10,9,Present
A015962,S10521,C012,2025-10-26,15,15,Present
A015963,S03787,C020,2025-02-25,10,7,Low Attendance
A015964,S07342,C041,2025-07-29,20,0,Low Attendance
A015965,S12647,C019,2025-01-28,15,12,Present
A015966,S13978,C014,2025-01-15,30,20,Low Attendance
A015967,S19149,C047,2025-04-22,25,22,Present
A015968,S00778,C007,2025-09-13,30,4,Low Attendance
A015969,S06442,C009,2025-02-09,30,21,Low Attendance
A015970,S08234,C041,2025-02-07,30,8,Low Attendance
A015971,S18605,C006,2025-09-14,10,10,Present
A015972,S10018,C013,2025-08-11,20,18,Present
A015973,S14020,C007,2025-10-13,30,1,Low Attendance
A015974,S08611,C044,2025-09-18,30,15,Low Attendance
A015975,S06190,C047,2025-05-07,30,25,Present
A015976,S05685,C036,2025-09-21,20,7,Low Attendance
A015977,S19350,C010,2025-05-13,30,16,Low Attendance
A015978,S08542,C033,2025-04-07,10,6,Low Attendance
A015979,S10064,C028,2025-07-01,30,6,Low Attendance
A015980,S07528,C041,2025-07-26,30,5,Low Attendance
A015981,S10836,C043,2025-12-17,15,4,Low Attendance
A015982,S14931,C011,2025-10-05,10,0,Low Attendance
A015983,S08777,C039,2025-04-07,15,1,Low Attendance
A015984,S11436,C034,2025-03-01,20,19,Present
A015985,S06195,C022,2025-03-28,30,29,Present
A015986,S14403,C014,2025-02-04,15,10,Low Attendance
A015987,S18840,C041,2025-09-27,25,19,Present
A015988,S09988,C036,2025-04-18,20,17,Present
A015989,S03092,C049,2025-04-26,10,8,Present
A015990,S17305,C042,2025-12-26,15,7,Low Attendance
A015991,S16559,C035,2025-02-27,30,11,Low Attendance
A015992,S15621,C005,2025-12-11,10,0,Low Attendance
A015993,S17854,C028,2025-02-26,25,11,Low Attendance
A015994,S18944,C028,2025-09-06,25,7,Low Attendance
A015995,S05381,C004,2025-06-10,20,5,Low Attendance
A015996,S09384,C026,2025-01-01,20,8,Low Attendance
A015997,S15089,C034,2025-12-28,15,13,Present
A015998,S12001,C043,2025-05-24,25,15,Low Attendance
A015999,S14971,C038,2025-08-24,15,5,Low Attendance
A016000,S03029,C012,2025-11-29,15,15,Present
A016001,S13779,C028,2025-01-06,30,10,Low Attendance
A016002,S12482,C005,2025-04-23,25,22,Present
A016003,S09553,C047,2025-03-15,10,10,Present
A016004,S07313,C020,2025-04-06,30,18,Low Attendance
A016005,S01340,C022,2025-12-01,20,14,Low Attendance
A016006,S00286,C045,2025-08-23,10,1,Low Attendance
A016007,S04521,C037,2025-12-20,15,3,Low Attendance
A016008,S00915,C037,2025-07-12,25,5,Low Attendance
A016009,S10608,C029,2025-12-08,15,6,Low Attendance
A016010,S08755,C019,2025-06-09,15,10,Low Attendance
A016011,S01778,C001,2025-06-22,15,5,Low Attendance
A016012,S03378,C032,2025-03-02,25,1,Low Attendance
A016013,S08387,C040,2025-10-02,10,6,Low Attendance
A016014,S02427,C032,2025-10-20,15,4,Low Attendance
A016015,S12023,C009,2025-10-28,30,7,Low Attendance
A016016,S04769,C014,2025-05-04,15,7,Low Attendance
A016017,S18592,C039,2025-06-04,25,24,Present
A016018,S04787,C032,2025-02-17,15,8,Low Attendance
A016019,S16230,C016,2025-10-04,20,16,Present
A016020,S19645,C019,2025-12-05,15,1,Low Attendance
A016021,S04932,C029,2025-03-23,25,25,Present
A016022,S04921,C038,2025-12-18,25,15,Low Attendance
A016023,S14887,C050,2025-03-26,20,18,Present
A016024,S18229,C036,2025-02-23,20,3,Low Attendance
A016025,S03799,C034,2025-10-20,10,2,Low Attendance
A016026,S05253,C008,2025-10-05,15,2,Low Attendance
A016027,S12643,C005,2025-02-07,10,7,Low Attendance
A016028,S11202,C041,2025-06-22,20,15,Present
A016029,S01020,C033,2025-01-28,20,5,Low Attendance
A016030,S16266,C015,2025-12-06,15,6,Low Attendance
A016031,S11608,C016,2025-12-13,25,9,Low Attendance
A016032,S13782,C025,2025-08-17,25,1,Low Attendance
A016033,S14542,C040,2025-04-12,15,12,Present
A016034,S03723,C045,2025-06-25,20,6,Low Attendance
A016035,S10549,C031,2025-11-13,30,18,Low Attendance
A016036,S14608,C029,2025-01-08,25,17,Low Attendance
A016037,S17705,C016,2025-11-18,25,7,Low Attendance
A016038,S18062,C006,2025-08-25,15,1,Low Attendance
A016039,S17515,C027,2025-10-25,10,1,Low Attendance
A016040,S13618,C048,2025-02-16,20,13,Low Attendance
A016041,S01295,C023,2025-11-12,15,6,Low Attendance
A016042,S05132,C004,2025-09-28,30,24,Present
A016043,S13625,C047,2025-06-25,20,12,Low Attendance
A016044,S08982,C028,2025-03-14,20,8,Low Attendance
A016045,S11524,C048,2025-06-11,25,14,Low Attendance
A016046,S11257,C029,2025-07-11,25,24,Present
A016047,S06874,C039,2025-03-27,30,28,Present
A016048,S02772,C008,2025-05-12,30,15,Low Attendance
A016049,S14028,C044,2025-02-19,10,0,Low Attendance
A016050,S17022,C047,2025-06-05,15,9,Low Attendance
A016051,S10369,C030,2025-07-03,10,0,Low Attendance
A016052,S15617,C025,2025-08-13,15,14,Present
A016053,S03353,C043,2025-10-07,10,2,Low Attendance
A016054,S03969,C013,2025-06-15,25,9,Low Attendance
A016055,S17498,C023,2025-12-06,10,4,Low Attendance
A016056,S16471,C015,2025-12-26,30,6,Low Attendance
A016057,S01964,C021,2025-10-22,30,30,Present
A016058,S15312,C025,2025-07-29,25,6,Low Attendance
A016059,S14814,C046,2025-05-09,30,17,Low Attendance
A016060,S13554,C035,2025-05-08,25,24,Present
A016061,S02371,C031,2025-09-20,10,10,Present
A016062,S03025,C045,2025-08-25,30,12,Low Attendance
A016063,S04905,C029,2025-10-15,20,12,Low Attendance
A016064,S07372,C036,2025-12-12,20,1,Low Attendance
A016065,S04303,C017,2025-04-23,20,18,Present
A016066,S01449,C049,2025-01-07,15,5,Low Attendance
A016067,S12241,C033,2025-03-28,15,2,Low Attendance
A016068,S15974,C032,2025-07-30,20,13,Low Attendance
A016069,S16637,C048,2025-11-11,15,0,Low Attendance
A016070,S17668,C037,2025-01-18,25,8,Low Attendance
A016071,S03536,C013,2025-12-22,20,5,Low Attendance
A016072,S18614,C008,2025-12-23,20,11,Low Attendance
A016073,S17363,C043,2025-08-11,15,9,Low Attendance
A016074,S02793,C015,2025-09-20,20,0,Low Attendance
A016075,S10555,C037,2025-03-03,25,21,Present
A016076,S16965,C014,2025-11-05,30,7,Low Attendance
A016077,S11036,C039,2025-08-30,30,1,Low Attendance
A016078,S16290,C040,2025-05-30,30,18,Low Attendance
A016079,S17052,C005,2025-11-16,20,19,Present
A016080,S15880,C044,2025-09-11,15,5,Low Attendance
A016081,S11796,C013,2025-05-07,10,6,Low Attendance
A016082,S04253,C039,2025-11-24,20,19,Present
A016083,S16622,C006,2025-05-11,10,1,Low Attendance
A016084,S01425,C021,2025-08-19,30,8,Low Attendance
A016085,S13844,C030,2025-02-21,25,2,Low Attendance
A016086,S07691,C025,2025-06-03,10,8,Present
A016087,S09782,C004,2025-10-24,20,8,Low Attendance
A016088,S19180,C048,2025-01-30,15,6,Low Attendance
A016089,S12016,C021,2025-04-10,25,15,Low Attendance
A016090,S15108,C008,2025-01-19,15,5,Low Attendance
A016091,S19644,C039,2025-02-24,15,9,Low Attendance
A016092,S08444,C037,2025-05-21,30,24,Present
A016093,S01990,C001,2025-08-19,25,9,Low Attendance
A016094,S03194,C031,2025-07-16,25,14,Low Attendance
A016095,S03562,C020,2025-07-01,25,4,Low Attendance
A016096,S11842,C028,2025-08-25,10,1,Low Attendance
A016097,S00516,C037,2025-04-26,15,0,Low Attendance
A016098,S10350,C017,2025-12-15,10,7,Low Attendance
A016099,S04833,C007,2025-06-19,30,0,Low Attendance
A016100,S01360,C044,2025-06-21,20,3,Low Attendance
A016101,S06462,C025,2025-11-24,20,4,Low Attendance
A016102,S08150,C003,2025-05-26,15,13,Present
A016103,S01955,C021,2025-10-12,20,9,Low Attendance
A016104,S01614,C041,2025-03-11,20,4,Low Attendance
A016105,S09217,C030,2025-03-26,30,7,Low Attendance
A016106,S06266,C033,2025-08-27,30,0,Low Attendance
A016107,S00545,C014,2025-04-06,15,9,Low Attendance
A016108,S15813,C023,2025-04-04,25,24,Present
A016109,S15019,C038,2025-06-26,30,16,Low Attendance
A016110,S19493,C011,2025-03-01,30,7,Low Attendance
A016111,S01679,C040,2025-09-01,10,7,Low Attendance
A016112,S12801,C046,2025-06-03,20,16,Present
A016113,S19977,C035,2025-01-23,25,8,Low Attendance
A016114,S03222,C013,2025-01-18,25,15,Low Attendance
A016115,S04244,C009,2025-05-08,15,12,Present
A016116,S09547,C019,2025-04-29,10,10,Present
A016117,S19945,C024,2025-07-19,30,12,Low Attendance
A016118,S14430,C031,2025-09-24,20,13,Low Attendance
A016119,S13107,C039,2025-04-23,30,8,Low Attendance
A016120,S14137,C038,2025-04-21,25,15,Low Attendance
A016121,S09078,C025,2025-02-17,10,3,Low Attendance
A016122,S12195,C024,2025-12-16,25,12,Low Attendance
A016123,S04490,C010,2025-09-05,30,22,Low Attendance
A016124,S05329,C050,2025-04-08,30,22,Low Attendance
A016125,S06083,C010,2025-07-06,25,9,Low Attendance
A016126,S10492,C021,2025-01-11,30,30,Present
A016127,S04829,C003,2025-09-10,25,22,Present
A016128,S00718,C047,2025-05-27,25,6,Low Attendance
A016129,S07241,C041,2025-01-27,30,17,Low Attendance
A016130,S17853,C033,2025-02-18,25,9,Low Attendance
A016131,S08747,C007,2025-03-03,30,1,Low Attendance
A016132,S10002,C003,2025-09-03,25,7,Low Attendance
A016133,S12453,C016,2025-10-12,30,10,Low Attendance
A016134,S03826,C040,2025-04-29,30,28,Present
A016135,S02356,C029,2025-12-22,10,4,Low Attendance
A016136,S05844,C030,2025-10-05,15,12,Present
A016137,S05428,C038,2025-09-14,30,12,Low Attendance
A016138,S11924,C030,2025-09-09,15,13,Present
A016139,S00660,C022,2025-11-06,25,8,Low Attendance
A016140,S10945,C024,2025-06-16,10,8,Present
A016141,S18598,C042,2025-07-23,25,19,Present
A016142,S08663,C024,2025-10-27,25,24,Present
A016143,S07196,C030,2025-12-21,30,25,Present
A016144,S04260,C007,2025-04-18,25,21,Present
A016145,S03918,C030,2025-02-13,30,23,Present
A016146,S18268,C028,2025-11-19,10,10,Present
A016147,S18027,C005,2025-05-13,25,23,Present
A016148,S10447,C012,2025-03-21,30,25,Present
A016149,S04990,C023,2025-06-13,15,8,Low Attendance
A016150,S01543,C006,2025-09-02,15,8,Low Attendance
A016151,S02388,C048,2025-06-10,20,5,Low Attendance
A016152,S09790,C033,2025-01-02,10,8,Present
A016153,S17729,C012,2025-04-21,10,8,Present
A016154,S18802,C038,2025-11-01,25,3,Low Attendance
A016155,S06818,C033,2025-09-10,30,8,Low Attendance
A016156,S16257,C031,2025-07-21,15,5,Low Attendance
A016157,S01004,C029,2025-10-19,20,9,Low Attendance
A016158,S17488,C036,2025-05-15,30,1,Low Attendance
A016159,S07983,C034,2025-05-22,25,12,Low Attendance
A016160,S18001,C011,2025-07-04,30,15,Low Attendance
A016161,S01045,C043,2025-12-24,30,30,Present
A016162,S11893,C015,2025-03-08,10,3,Low Attendance
A016163,S02069,C018,2025-12-30,20,13,Low Attendance
A016164,S01893,C006,2025-11-14,15,8,Low Attendance
A016165,S03320,C049,2025-09-11,20,4,Low Attendance
A016166,S01752,C041,2025-10-05,25,21,Present
A016167,S16458,C002,2025-04-02,15,10,Low Attendance
A016168,S13335,C034,2025-10-27,15,11,Low Attendance
A016169,S13271,C019,2025-03-06,30,18,Low Attendance
A016170,S19469,C037,2025-03-08,25,7,Low Attendance
A016171,S16753,C033,2025-08-07,30,18,Low Attendance
A016172,S00833,C037,2025-03-25,30,12,Low Attendance
A016173,S16531,C015,2025-11-05,25,5,Low Attendance
A016174,S18670,C035,2025-08-21,15,4,Low Attendance
A016175,S02210,C009,2025-02-18,20,19,Present
A016176,S15972,C032,2025-01-11,30,18,Low Attendance
A016177,S03552,C023,2025-09-26,15,10,Low Attendance
A016178,S08660,C019,2025-10-07,10,1,Low Attendance
A016179,S17653,C020,2025-09-05,30,12,Low Attendance
A016180,S06248,C004,2025-12-03,30,0,Low Attendance
A016181,S17925,C031,2025-10-17,20,10,Low Attendance
A016182,S07885,C033,2025-07-19,20,13,Low Attendance
A016183,S12236,C041,2025-06-10,10,0,Low Attendance
A016184,S09305,C013,2025-11-08,10,5,Low Attendance
A016185,S02294,C035,2025-01-28,20,13,Low Attendance
A016186,S14337,C027,2025-09-07,25,22,Present
A016187,S06183,C007,2025-05-25,20,16,Present
A016188,S00729,C047,2025-03-03,30,21,Low Attendance
A016189,S01713,C020,2025-08-17,15,6,Low Attendance
A016190,S17249,C043,2025-11-30,20,8,Low Attendance
A016191,S14617,C044,2025-10-23,25,18,Low Attendance
A016192,S19862,C044,2025-12-30,25,19,Present
A016193,S03803,C049,2025-04-05,15,0,Low Attendance
A016194,S19062,C017,2025-02-11,30,28,Present
A016195,S07419,C044,2025-04-10,15,3,Low Attendance
A016196,S19527,C020,2025-03-18,20,18,Present
A016197,S17088,C021,2025-03-31,15,10,Low Attendance
A016198,S12450,C021,2025-06-19,30,25,Present
A016199,S19947,C041,2025-05-30,25,15,Low Attendance
A016200,S14911,C024,2025-04-02,30,4,Low Attendance
A016201,S08825,C041,2025-04-27,25,22,Present
A016202,S18285,C005,2025-08-30,10,2,Low Attendance
A016203,S07173,C022,2025-11-17,15,10,Low Attendance
A016204,S10885,C019,2025-01-28,15,13,Present
A016205,S06041,C016,2025-01-11,30,1,Low Attendance
A016206,S03534,C007,2025-03-24,25,22,Present
A016207,S17644,C002,2025-05-27,15,9,Low Attendance
A016208,S04985,C045,2025-11-11,10,9,Present
A016209,S02557,C027,2025-12-24,30,4,Low Attendance
A016210,S03123,C040,2025-06-03,10,9,Present
A016211,S07678,C050,2025-12-28,15,11,Low Attendance
A016212,S02522,C017,2025-04-18,20,11,Low Attendance
A016213,S02229,C025,2025-10-06,30,12,Low Attendance
A016214,S07367,C045,2025-05-25,25,16,Low Attendance
A016215,S11509,C050,2025-10-04,25,17,Low Attendance
A016216,S17265,C010,2025-12-27,30,19,Low Attendance
A016217,S00857,C029,2025-09-04,30,26,Present
A016218,S17516,C023,2025-02-01,20,20,Present
A016219,S19156,C046,2025-05-23,15,15,Present
A016220,S03266,C026,2025-07-12,20,0,Low Attendance
A016221,S04936,C006,2025-04-27,20,11,Low Attendance
A016222,S06063,C027,2025-04-26,15,7,Low Attendance
A016223,S13896,C018,2025-11-14,30,3,Low Attendance
A016224,S14461,C011,2025-04-26,30,3,Low Attendance
A016225,S09933,C027,2025-01-16,10,3,Low Attendance
A016226,S12493,C014,2025-01-21,25,12,Low Attendance
A016227,S12526,C044,2025-11-22,20,13,Low Attendance
A016228,S00888,C002,2025-01-05,10,5,Low Attendance
A016229,S05366,C033,2025-12-13,20,19,Present
A016230,S01005,C026,2025-08-31,20,5,Low Attendance
A016231,S11430,C031,2025-01-20,20,6,Low Attendance
A016232,S01799,C040,2025-08-05,10,6,Low Attendance
A016233,S10824,C023,2025-11-25,30,29,Present
A016234,S19430,C046,2025-03-27,10,1,Low Attendance
A016235,S12196,C031,2025-06-01,20,18,Present
A016236,S19365,C039,2025-08-14,25,6,Low Attendance
A016237,S03068,C047,2025-08-08,20,5,Low Attendance
A016238,S02134,C037,2025-02-23,15,12,Present
A016239,S15232,C045,2025-01-23,15,14,Present
A016240,S16126,C024,2025-04-16,30,13,Low Attendance
A016241,S00610,C019,2025-09-11,15,11,Low Attendance
A016242,S13567,C018,2025-02-22,25,25,Present
A016243,S05820,C009,2025-04-27,30,8,Low Attendance
A016244,S06953,C041,2025-07-14,30,0,
A016245,S07294,C050,2025-04-15,20,16,Present
A016246,S04600,C035,2025-02-21,25,23,Present
A016247,S03298,C010,2025-11-07,30,26,Present
A016248,S10267,C012,2025-11-04,25,11,Low Attendance
A016249,S09282,C049,2025-12-08,10,1,Low Attendance
A016250,S11377,C020,2025-02-12,10,8,Present
A016251,S15791,C039,2025-03-15,30,17,Low Attendance
A016252,S10637,C033,2025-07-18,30,13,Low Attendance
A016253,S05154,C012,2025-04-20,15,1,Low Attendance
A016254,S06696,C049,2025-04-22,25,19,Present
A016255,S18199,C024,2025-02-24,25,16,Low Attendance
A016256,S08959,C050,2025-03-26,25,10,Low Attendance
A016257,S19295,C032,2025-11-25,30,12,Low Attendance
A016258,S18681,C047,2025-10-24,15,6,Low Attendance
A016259,S10093,C025,2025-02-24,25,15,Low Attendance
A016260,S03066,C017,2025-05-04,10,7,Low Attendance
A016261,S15695,C001,2025-11-04,30,18,Low Attendance
A016262,S18997,C012,2025-07-30,20,6,Low Attendance
A016263,S01880,C046,2025-03-08,20,14,Low Attendance
A016264,S10270,C015,2025-07-25,10,2,Low Attendance
A016265,S18751,C010,2025-09-28,10,1,Low Attendance
A016266,S12808,C021,2025-09-09,20,8,Low Attendance
A016267,S01959,C024,2025-03-24,25,9,Low Attendance
A016268,S15023,C004,2025-04-12,20,10,Low Attendance
A016269,S16436,C024,2025-10-11,15,13,Present
A016270,S10514,C001,2025-07-12,25,25,Present
A016271,S14807,C032,2025-08-25,30,24,Present
A016272,S10595,C041,2025-02-04,20,15,Present
A016273,S12256,C007,2025-06-22,15,4,Low Attendance
A016274,S01823,C045,2025-02-02,15,10,Low Attendance
A016275,S16007,C019,2025-02-28,30,11,Low Attendance
A016276,S17947,C032,2025-05-21,20,1,Low Attendance
A016277,S01353,C015,2025-10-12,10,4,Low Attendance
A016278,S01527,C012,2025-05-12,15,11,Low Attendance
A016279,S04118,C027,2025-05-25,30,6,Low Attendance
A016280,S08232,C049,2025-07-29,25,6,Low Attendance
A016281,S03137,C018,2025-01-11,10,9,Present
A016282,S09451,C011,2025-10-01,10,2,Low Attendance
A016283,S12328,C006,2025-12-17,20,1,Low Attendance
A016284,S03346,C039,2025-03-12,10,5,Low Attendance
A016285,S15643,C001,2025-09-23,25,12,Low Attendance
A016286,S17303,C010,2025-06-11,10,0,Low Attendance
A016287,S04762,C046,2025-08-20,20,3,Low Attendance
A016288,S00459,C027,2025-02-12,10,7,Low Attendance
A016289,S13858,C022,2025-06-22,10,4,Low Attendance
A016290,S19107,C046,2025-04-29,30,6,Low Attendance
A016291,S15258,C020,2025-04-28,10,9,Present
A016292,S16233,C042,2025-11-10,30,17,Low Attendance
A016293,S19452,C046,2025-01-09,30,18,Low Attendance
A016294,S12776,C007,2025-10-09,30,19,Low Attendance
A016295,S15660,C031,2025-12-28,25,3,Low Attendance
A016296,S09114,C045,2025-12-06,30,15,Low Attendance
A016297,S13304,C046,2025-08-21,25,17,Low Attendance
A016298,S18469,C002,2025-12-22,25,20,Present
A016299,S08091,C008,2025-01-09,20,1,Low Attendance
A016300,S06588,C016,2025-11-01,25,10,Low Attendance
A016301,S12103,C033,2025-09-19,15,11,Low Attendance
A016302,S17426,C015,2025-03-04,30,7,Low Attendance
A016303,S03713,C007,2025-10-26,10,0,Low Attendance
A016304,S04995,C040,2025-07-22,25,2,Low Attendance
A016305,S00317,C046,2025-10-18,20,2,Low Attendance
A016306,S03815,C035,2025-04-23,15,6,Low Attendance
A016307,S11430,C025,2025-02-24,20,7,Low Attendance
A016308,S07853,C045,2025-01-18,30,25,Present
A016309,S08438,C031,2025-07-28,20,10,Low Attendance
A016310,S15046,C013,2025-09-10,25,18,Low Attendance
A016311,S17755,C020,2025-11-07,20,1,Low Attendance
A016312,S18909,C016,2025-09-11,10,7,Low Attendance
A016313,S15866,C048,2025-04-30,25,23,Present
A016314,S07831,C010,2025-06-30,15,15,Present
A016315,S05069,C006,2025-09-13,15,14,Present
A016316,S11849,C023,2025-12-09,25,19,Present
A016317,S02571,C049,2025-04-24,20,8,Low Attendance
A016318,S14297,C018,2025-05-04,20,17,Present
A016319,S02084,C039,2025-04-08,25,1,Low Attendance
A016320,S07021,C040,2025-04-27,10,8,Present
A016321,S17247,C047,2025-01-03,25,2,Low Attendance
A016322,S12208,C024,2025-01-18,15,7,Low Attendance
A016323,S13467,C032,2025-11-08,30,12,Low Attendance
A016324,S00981,C043,2025-04-07,25,8,Low Attendance
A016325,S12475,C012,2025-10-03,20,5,Low Attendance
A016326,S05130,C014,2025-12-12,30,27,Present
A016327,S12419,C027,2025-07-27,15,10,Low Attendance
A016328,S18427,C012,2025-07-30,25,20,Present
A016329,S12484,C004,2025-10-01,15,4,Low Attendance
A016330,S00407,C021,2025-08-10,15,7,Low Attendance
A016331,S12111,C036,2025-02-12,25,23,Present
A016332,S05473,C031,2025-07-07,10,0,Low Attendance
A016333,S01102,C041,2025-06-07,15,15,Present
A016334,S09833,C022,2025-08-05,10,10,Present
A016335,S12267,C021,2025-08-30,20,16,Present
A016336,S12102,C003,2025-08-29,30,24,Present
A016337,S02151,C041,2025-04-20,25,0,Low Attendance
A016338,S05748,C024,2025-10-15,30,13,Low Attendance
A016339,S02540,C038,2025-02-04,10,2,Low Attendance
A016340,S02070,C030,2025-11-23,30,20,Low Attendance
A016341,S11447,C004,2025-03-03,25,12,Low Attendance
A016342,S17441,C016,2025-06-01,10,7,Low Attendance
A016343,S04233,C010,2025-06-10,25,9,Low Attendance
A016344,S11758,C032,2025-03-27,10,3,Low Attendance
A016345,S16110,C018,2025-10-15,15,10,Low Attendance
A016346,S17692,C029,2025-06-15,10,2,Low Attendance
A016347,S10736,C007,2025-06-22,10,6,Low Attendance
A016348,S08130,C041,2025-09-01,10,4,Low Attendance
A016349,S07005,C024,2025-10-01,15,13,Present
A016350,S18434,C031,2025-07-14,15,9,Low Attendance
A016351,S17456,C017,2025-09-07,10,6,Low Attendance
A016352,S17890,C015,2025-04-30,25,25,Present
A016353,S04468,C027,2025-11-01,25,19,Present
A016354,S11247,C026,2025-02-15,20,19,Present
A016355,S00993,C020,2025-08-14,20,3,Low Attendance
A016356,S02357,C029,2025-11-16,20,12,Low Attendance
A016357,S01262,C035,2025-12-05,10,2,Low Attendance
A016358,S06923,C023,2025-08-30,25,7,Low Attendance
A016359,S12477,C014,2025-02-09,30,5,Low Attendance
A016360,S13796,C027,2025-06-05,25,10,Low Attendance
A016361,S16245,C035,2025-03-07,30,25,Present
A016362,S00139,C017,2025-11-29,20,7,Low Attendance
A016363,S13456,C047,2025-06-08,20,9,Low Attendance
A016364,S06966,C018,2025-12-04,30,25,Present
A016365,S06761,C021,2025-09-14,20,17,Present
A016366,S17531,C040,2025-02-16,25,21,Present
A016367,S19482,C032,2025-06-16,25,20,Present
A016368,S03220,C038,2025-06-28,30,22,Low Attendance
A016369,S16691,C043,2025-04-21,10,1,Low Attendance
A016370,S04582,C010,2025-01-01,15,12,
A016371,S19497,C011,2025-01-06,30,26,Present
A016372,S07111,C012,2025-10-15,20,6,Low Attendance
A016373,S19915,C020,2025-01-04,20,0,Low Attendance
A016374,S18732,C030,2025-08-21,25,24,Present
A016375,S00118,C043,2025-11-15,20,3,Low Attendance
A016376,S07883,C048,2025-06-25,10,1,Low Attendance
A016377,S03196,C044,2025-11-16,30,28,Present
A016378,S16189,C017,2025-04-30,10,2,Low Attendance
A016379,S11443,C004,2025-12-29,25,20,Present
A016380,S15963,C011,2025-07-24,30,16,Low Attendance
A016381,S09348,C038,2025-09-02,15,14,Present
A016382,S11382,C045,2025-01-01,20,13,Low Attendance
A016383,S12204,C046,2025-05-25,10,4,Low Attendance
A016384,S07660,C022,2025-02-07,20,16,Present
A016385,S11449,C012,2025-08-29,20,11,Low Attendance
A016386,S00962,C025,2025-02-18,30,10,Low Attendance
A016387,S06629,C030,2025-07-25,20,20,Present
A016388,S16410,C013,2025-08-27,25,16,Low Attendance
A016389,S12872,C029,2025-04-15,30,25,Present
A016390,S05617,C032,2025-11-02,25,22,Present
A016391,S09741,C018,2025-03-28,20,4,Low Attendance
A016392,S13349,C013,2025-07-22,10,4,Low Attendance
A016393,S08600,C001,2025-10-01,20,13,Low Attendance
A016394,S18443,C045,2025-07-22,10,8,Present
A016395,S13207,C047,2025-07-20,20,6,Low Attendance
A016396,S13016,C044,2025-08-14,10,0,Low Attendance
A016397,S17082,C030,2025-01-17,20,18,Present
A016398,S04000,C002,2025-01-27,15,1,Low Attendance
A016399,S17006,C023,2025-02-20,25,17,Low Attendance
A016400,S17618,C014,2025-08-14,15,12,Present
A016401,S09667,C026,2025-04-06,10,0,Low Attendance
A016402,S00970,C048,2025-05-02,30,17,Low Attendance
A016403,S16188,C046,2025-06-24,25,11,Low Attendance
A016404,S15175,C043,2025-02-21,15,3,Low Attendance
A016405,S12990,C020,2025-06-24,30,20,Low Attendance
A016406,S08995,C045,2025-11-27,30,13,Low Attendance
A016407,S06385,C027,2025-02-05,10,4,Low Attendance
A016408,S02234,C026,2025-03-09,30,24,Present
A016409,S04503,C025,2025-04-19,10,10,Present
A016410,S15422,C047,2025-09-29,25,24,Present
A016411,S11543,C023,2025-08-15,30,25,Present
A016412,S17419,C016,2025-06-15,10,8,Present
A016413,S05869,C042,2025-03-25,30,19,Low Attendance
A016414,S06808,C017,2025-08-19,15,8,Low Attendance
A016415,S06341,C026,2025-05-05,10,3,Low Attendance
A016416,S08187,C025,2025-06-22,20,8,Low Attendance
A016417,S05894,C012,2025-07-18,30,18,Low Attendance
A016418,S11194,C003,2025-08-20,30,20,Low Attendance
A016419,S03347,C002,2025-06-13,15,9,Low Attendance
A016420,S10753,C022,2025-01-03,15,11,Low Attendance
A016421,S18003,C018,2025-07-16,25,9,Low Attendance
A016422,S18266,C009,2025-01-15,15,12,Present
A016423,S11909,C022,2025-06-25,30,16,Low Attendance
A016424,S15204,C015,2025-09-19,15,9,Low Attendance
A016425,S01639,C047,2025-01-04,15,15,Present
A016426,S06708,C024,2025-02-02,25,7,Low Attendance
A016427,S17085,C011,2025-10-19,25,10,Low Attendance
A016428,S18417,C018,2025-04-19,25,21,Present
A016429,S10548,C029,2025-03-08,25,4,Low Attendance
A016430,S13212,C043,2025-06-29,30,20,Low Attendance
A016431,S08457,C034,2025-02-06,10,10,Present
A016432,S13463,C027,2025-06-12,15,12,Present
A016433,S09408,C045,2025-12-23,30,3,Low Attendance
A016434,S17725,C036,2025-07-23,20,16,Present
A016435,S00414,C050,2025-11-21,20,7,Low Attendance
A016436,S05073,C004,2025-08-14,25,8,Low Attendance
A016437,S15660,C015,2025-07-31,25,25,Present
A016438,S17460,C047,2025-11-14,15,9,Low Attendance
A016439,S10940,C025,2025-05-13,30,30,Present
A016440,S18126,C020,2025-12-02,10,9,Present
A016441,S17209,C048,2025-04-23,20,7,Low Attendance
A016442,S05402,C042,2025-08-20,20,13,Low Attendance
A016443,S10960,C023,2025-09-28,25,4,Low Attendance
A016444,S05859,C023,2025-08-28,25,12,Low Attendance
A016445,S11118,C017,2025-08-31,10,0,Low Attendance
A016446,S13287,C003,2025-04-19,20,15,Present
A016447,S07965,C022,2025-10-19,10,4,Low Attendance
A016448,S00543,C043,2025-08-31,25,18,Low Attendance
A016449,S14094,C009,2025-12-06,15,4,Low Attendance
A016450,S15817,C045,2025-10-21,15,2,Low Attendance
A016451,S03949,C026,2025-12-30,15,6,Low Attendance
A016452,S04556,C034,2025-09-18,30,20,Low Attendance
A016453,S02830,C027,2025-11-18,15,14,Present
A016454,S02051,C015,2025-02-27,15,14,Present
A016455,S10464,C037,2025-02-26,20,7,Low Attendance
A016456,S17948,C022,2025-07-14,10,8,Present
A016457,S14836,C031,2025-07-22,15,10,Low Attendance
A016458,S15456,C034,2025-07-08,30,20,Low Attendance
A016459,S13310,C046,2025-03-01,25,24,Present
A016460,S10938,C050,2025-07-13,30,29,Present
A016461,S11817,C032,2025-09-19,30,13,Low Attendance
A016462,S11343,C017,2025-07-30,20,20,Present
A016463,S12061,C018,2025-08-02,20,2,Low Attendance
A016464,S12912,C010,2025-11-19,30,17,Low Attendance
A016465,S16952,C023,2025-05-03,25,21,Present
A016466,S01944,C037,2025-08-15,10,10,Present
A016467,S08692,C002,2025-01-01,25,19,Present
A016468,S10826,C050,2025-04-25,10,2,Low Attendance
A016469,S14318,C034,2025-02-01,30,4,Low Attendance
A016470,S18511,C006,2025-06-29,15,8,Low Attendance
A016471,S14970,C024,2025-10-12,30,13,Low Attendance
A016472,S11880,C033,2025-02-20,10,7,Low Attendance
A016473,S01898,C038,2025-09-13,10,4,Low Attendance
A016474,S02779,C042,2025-05-31,15,12,Present
A016475,S04273,C042,2025-06-09,30,0,Low Attendance
A016476,S02330,C022,2025-09-17,10,4,Low Attendance
A016477,S01311,C006,2025-11-27,15,3,Low Attendance
A016478,S08680,C033,2025-06-02,10,10,Present
A016479,S19894,C043,2025-12-26,20,17,Present
A016480,S03924,C050,2025-12-16,30,9,Low Attendance
A016481,S09917,C049,2025-11-02,30,24,Present
A016482,S18500,C040,2025-03-01,15,8,Low Attendance
A016483,S09224,C044,2025-01-28,30,10,Low Attendance
A016484,S02408,C015,2025-03-14,30,8,Low Attendance
A016485,S16361,C025,2025-08-15,10,2,Low Attendance
A016486,S10118,C023,2025-05-09,20,20,Present
A016487,S15456,C018,2025-04-15,10,2,Low Attendance
A016488,S14693,C005,2025-09-23,10,3,Low Attendance
A016489,S14275,C020,2025-04-12,20,7,Low Attendance
A016490,S05786,C006,2025-06-14,20,1,Low Attendance
A016491,S18233,C049,2025-11-06,15,12,Present
A016492,S08108,C041,2025-04-06,25,24,Present
A016493,S10278,C040,2025-08-27,30,21,Low Attendance
A016494,S09052,C028,2025-02-25,25,12,Low Attendance
A016495,S05323,C047,2025-06-23,30,7,Low Attendance
A016496,S14395,C042,2025-01-19,20,10,Low Attendance
A016497,S15070,C044,2025-11-30,10,5,Low Attendance
A016498,S10480,C033,2025-05-27,15,3,Low Attendance
A016499,S15210,C023,2025-03-17,10,4,Low Attendance
A016500,S01133,C050,2025-10-08,15,12,Present
A016501,S18945,C040,2025-09-27,20,17,Present
A016502,S18251,C024,2025-09-26,25,14,Low Attendance
A016503,S05224,C012,2025-11-25,10,2,Low Attendance
A016504,S16150,C045,2025-12-19,20,16,Present
A016505,S05816,C001,2025-01-03,10,3,Low Attendance
A016506,S11371,C025,2025-08-31,10,6,Low Attendance
A016507,S03783,C049,2025-06-16,25,2,Low Attendance
A016508,S00446,C035,2025-01-22,20,2,Low Attendance
A016509,S14275,C040,2025-12-14,15,3,Low Attendance
A016510,S10809,C048,2025-08-25,25,20,Present
A016511,S09335,C041,2025-10-31,20,16,Present
A016512,S17564,C036,2025-11-20,15,8,Low Attendance
A016513,S10943,C028,2025-10-13,30,26,Present
A016514,S02776,C041,2025-11-24,15,13,Present
A016515,S07116,C036,2025-07-23,10,7,Low Attendance
A016516,S04489,C019,2025-12-20,25,18,Low Attendance
A016517,S03057,C022,2025-11-10,15,15,Present
A016518,S00418,C003,2025-02-26,20,10,Low Attendance
A016519,S10774,C013,2025-03-02,30,0,Low Attendance
A016520,S06029,C003,2025-02-01,30,5,Low Attendance
A016521,S04377,C050,2025-09-24,15,2,Low Attendance
A016522,S00536,C009,2025-02-27,30,23,Present
A016523,S02089,C049,2025-06-06,10,4,Low Attendance
A016524,S01510,C001,2025-08-21,20,14,Low Attendance
A016525,S18756,C049,2025-09-11,20,6,Low Attendance
A016526,S03464,C037,2025-03-27,15,1,Low Attendance
A016527,S15869,C050,2025-05-30,15,7,Low Attendance
A016528,S17990,C022,2025-08-10,25,7,Low Attendance
A016529,S04814,C011,2025-11-02,15,12,Present
A016530,S16678,C004,2025-09-07,30,18,Low Attendance
A016531,S14795,C009,2025-04-01,30,14,Low Attendance
A016532,S05974,C012,2025-02-25,30,25,Present
A016533,S00023,C033,2025-12-13,15,1,Low Attendance
A016534,S00197,C015,2025-04-29,20,15,Present
A016535,S15406,C050,2025-12-04,10,4,Low Attendance
A016536,S17649,C019,2025-11-13,30,26,Present
A016537,S17698,C035,2025-03-08,10,7,Low Attendance
A016538,S06149,C002,2025-04-24,10,8,Present
A016539,S16691,C036,2025-05-20,25,16,Low Attendance
A016540,S19288,C006,2025-01-18,10,7,Low Attendance
A016541,S11723,C009,2025-07-16,25,10,Low Attendance
A016542,S04621,C018,2025-03-05,10,5,Low Attendance
A016543,S01943,C020,2025-02-04,20,13,Low Attendance
A016544,S07377,C027,2025-09-10,25,17,Low Attendance
A016545,S17785,C043,2025-08-19,25,17,Low Attendance
A016546,S18075,C032,2025-04-29,10,2,Low Attendance
A016547,S02459,C001,2025-05-19,20,7,Low Attendance
A016548,S04004,C022,2025-07-18,25,10,Low Attendance
A016549,S15932,C045,2025-01-12,25,4,Low Attendance
A016550,S14906,C013,2025-08-14,10,8,Present
A016551,S15750,C027,2025-04-20,10,4,Low Attendance
A016552,S01181,C032,2025-09-23,20,4,Low Attendance
A016553,S01869,C035,2025-01-09,30,9,Low Attendance
A016554,S02880,C016,2025-03-23,20,14,Low Attendance
A016555,S02745,C012,2025-02-04,30,6,Low Attendance
A016556,S03972,C001,2025-11-13,15,6,Low Attendance
A016557,S17458,C049,2025-02-09,25,21,Present
A016558,S10692,C046,2025-01-29,30,15,Low Attendance
A016559,S11848,C050,2025-05-18,10,5,Low Attendance
A016560,S08961,C045,2025-12-05,30,25,Present
A016561,S10489,C040,2025-09-24,10,10,Present
A016562,S01668,C032,2025-11-15,25,22,Present
A016563,S06335,C001,2025-05-24,15,12,Present
A016564,S12932,C044,2025-12-19,25,19,Present
A016565,S05234,C019,2025-08-13,10,9,Present
A016566,S10305,C047,2025-12-18,10,8,Present
A016567,S11809,C015,2025-12-13,25,4,Low Attendance
A016568,S11525,C030,2025-06-07,25,24,Present
A016569,S00257,C042,2025-08-13,15,4,Low Attendance
A016570,S10222,C024,2025-01-21,15,5,Low Attendance
A016571,S16696,C042,2025-04-01,30,18,Low Attendance
A016572,S16102,C028,2025-05-05,30,7,Low Attendance
A016573,S08982,C022,2025-12-30,25,21,Present
A016574,S15969,C027,2025-06-09,20,18,Present
A016575,S09199,C013,2025-07-08,30,21,Low Attendance
A016576,S12345,C028,2025-10-16,10,4,Low Attendance
A016577,S09289,C038,2025-01-29,10,6,Low Attendance
A016578,S16328,C015,2025-02-27,15,2,Low Attendance
A016579,S18181,C032,2025-03-29,25,21,Present
A016580,S03222,C015,2025-10-06,30,8,Low Attendance
A016581,S03833,C023,2025-08-25,30,28,Present
A016582,S14212,C036,2025-08-12,15,9,Low Attendance
A016583,S17202,C023,2025-04-04,25,1,Low Attendance
A016584,S15971,C046,2025-11-07,20,7,Low Attendance
A016585,S19612,C047,2025-09-02,25,12,Low Attendance
A016586,S14330,C033,2025-06-07,25,9,Low Attendance
A016587,S05799,C007,2025-09-05,15,9,
A016588,S19095,C022,2025-12-09,15,11,Low Attendance
A016589,S10313,C004,2025-01-05,30,23,Present
A016590,S18343,C041,2025-05-08,10,7,Low Attendance
A016591,S14226,C044,2025-01-14,25,14,Low Attendance
A016592,S15491,C030,2025-03-08,25,23,Present
A016593,S05815,C007,2025-10-05,20,20,Present
A016594,S10970,C050,2025-07-31,15,13,Present
A016595,S17473,C038,2025-01-02,20,8,Low Attendance
A016596,S04262,C007,2025-06-02,20,2,Low Attendance
A016597,S17799,C008,2025-04-16,25,9,Low Attendance
A016598,S04215,C032,2025-03-16,15,10,Low Attendance
A016599,S19104,C012,2025-09-24,20,11,Low Attendance
A016600,S03336,C009,2025-02-26,20,4,Low Attendance
A016601,S12075,C009,2025-03-30,10,8,Present
A016602,S13482,C009,2025-03-06,20,4,Low Attendance
A016603,S01435,C021,2025-07-27,20,1,Low Attendance
A016604,S11888,C021,2025-12-04,30,13,Low Attendance
A016605,S17795,C045,2025-06-13,20,13,Low Attendance
A016606,S03185,C027,2025-06-22,15,7,Low Attendance
A016607,S00811,C036,2025-01-04,30,13,Low Attendance
A016608,S18897,C047,2025-08-25,15,9,Low Attendance
A016609,S03094,C032,2025-03-11,15,4,Low Attendance
A016610,S14977,C001,2025-12-16,15,6,Low Attendance
A016611,S07440,C036,2025-11-01,25,21,Present
A016612,S12232,C033,2025-10-09,15,2,Low Attendance
A016613,S09854,C014,2025-09-02,30,4,Low Attendance
A016614,S02446,C046,2025-06-01,30,29,Present
A016615,S19437,C049,2025-11-10,25,0,Low Attendance
A016616,S01156,C043,2025-12-05,10,2,Low Attendance
A016617,S01976,C012,2025-09-19,10,8,Present
A016618,S19738,C045,2025-07-25,30,5,Low Attendance
A016619,S15817,C022,2025-05-30,25,13,Low Attendance
A016620,S10984,C035,2025-05-20,25,15,Low Attendance
A016621,S09041,C019,2025-10-04,10,1,Low Attendance
A016622,S01585,C039,2025-07-31,10,0,Low Attendance
A016623,S17355,C027,2025-11-22,25,16,Low Attendance
A016624,S18587,C031,2025-10-11,30,24,Present
A016625,S18639,C049,2025-10-27,10,7,Low Attendance
A016626,S03186,C001,2025-06-28,25,25,Present
A016627,S09745,C016,2025-11-30,15,0,Low Attendance
A016628,S10665,C008,2025-07-22,30,10,Low Attendance
A016629,S01423,C045,2025-05-17,20,14,Low Attendance
A016630,S18045,C046,2025-03-11,30,2,Low Attendance
A016631,S02062,C032,2025-06-14,20,16,Present
A016632,S02108,C002,2025-05-31,30,5,Low Attendance
A016633,S06717,C030,2025-07-07,10,7,Low Attendance
A016634,S05956,C043,2025-08-13,20,18,Present
A016635,S14072,C010,2025-09-30,25,8,Low Attendance
A016636,S17601,C001,2025-01-27,15,9,Low Attendance
A016637,S07402,C025,2025-09-19,10,8,Present
A016638,S08099,C012,2025-04-17,25,10,Low Attendance
A016639,S15700,C031,2025-08-02,30,6,Low Attendance
A016640,S00489,C025,2025-10-05,15,6,Low Attendance
A016641,S17800,C015,2025-11-01,15,5,Low Attendance
A016642,S03858,C008,2025-08-18,10,0,Low Attendance
A016643,S07386,C003,2025-10-10,30,12,Low Attendance
A016644,S02546,C030,2025-03-10,30,20,Low Attendance
A016645,S05591,C007,2025-06-25,30,7,Low Attendance
A016646,S10028,C025,2025-06-21,10,6,Low Attendance
A016647,S03063,C032,2025-09-03,25,14,Low Attendance
A016648,S05048,C035,2025-10-01,20,19,Present
A016649,S16425,C042,2025-12-11,10,4,Low Attendance
A016650,S08106,C015,2025-02-05,10,2,Low Attendance
A016651,S03037,C018,2025-04-03,15,15,Present
A016652,S09578,C018,2025-09-23,15,8,Low Attendance
A016653,S13496,C001,2025-09-02,25,7,Low Attendance
A016654,S13217,C034,2025-04-21,15,15,Present
A016655,S17918,C042,2025-05-26,20,17,Present
A016656,S16155,C035,2025-05-15,25,21,Present
A016657,S15109,C014,2025-11-14,25,6,Low Attendance
A016658,S01314,C034,2025-11-07,30,5,Low Attendance
A016659,S17216,C013,2025-09-16,10,1,Low Attendance
A016660,S14753,C024,2025-12-06,15,9,Low Attendance
A016661,S03672,C013,2025-03-17,25,10,Low Attendance
A016662,S02241,C044,2025-06-26,15,14,Present
A016663,S06915,C032,2025-07-04,25,8,Low Attendance
A016664,S15414,C029,2025-02-28,15,6,Low Attendance
A016665,S04959,C041,2025-06-14,30,23,Present
A016666,S09468,C004,2025-05-10,25,7,Low Attendance
A016667,S03132,C018,2025-09-12,25,12,Low Attendance
A016668,S11021,C011,2025-10-16,15,7,Low Attendance
A016669,S16171,C006,2025-01-16,30,15,Low Attendance
A016670,S18823,C045,2025-10-03,20,18,Present
A016671,S04017,C020,2025-05-04,25,4,Low Attendance
A016672,S08962,C003,2025-07-16,20,5,Low Attendance
A016673,S19763,C030,2025-04-24,20,14,Low Attendance
A016674,S17942,C046,2025-08-08,30,12,Low Attendance
A016675,S11119,C018,2025-01-02,30,14,Low Attendance
A016676,S05568,C027,2025-04-14,20,0,Low Attendance
A016677,S18688,C004,2025-09-05,10,2,Low Attendance
A016678,S14666,C048,2025-01-12,10,4,Low Attendance
A016679,S12363,C030,2025-11-09,20,8,Low Attendance
A016680,S00028,C009,2025-02-01,15,6,Low Attendance
A016681,S15261,C030,2025-08-08,20,1,Low Attendance
A016682,S13825,C049,2025-07-11,25,22,Present
A016683,S08585,C026,2025-12-14,30,4,Low Attendance
A016684,S05811,C002,2025-07-15,20,5,Low Attendance
A016685,S07284,C045,2025-12-28,25,13,Low Attendance
A016686,S13120,C035,2025-02-10,15,6,Low Attendance
A016687,S07474,C033,2025-12-11,15,0,Low Attendance
A016688,S16141,C002,2025-11-21,25,23,Present
A016689,S02517,C015,2025-08-04,15,0,Low Attendance
A016690,S12621,C017,2025-04-30,30,4,Low Attendance
A016691,S01226,C033,2025-10-20,20,20,Present
A016692,S11315,C039,2025-03-18,10,6,Low Attendance
A016693,S04549,C011,2025-10-27,20,20,Present
A016694,S05369,C042,2025-10-15,30,2,Low Attendance
A016695,S11808,C001,2025-01-29,15,6,Low Attendance
A016696,S14412,C042,2025-06-15,25,11,Low Attendance
A016697,S11641,C047,2025-02-01,25,15,Low Attendance
A016698,S18971,C021,2025-07-10,10,5,Low Attendance
A016699,S00606,C017,2025-11-29,25,24,Present
A016700,S07700,C012,2025-03-23,15,7,Low Attendance
A016701,S01072,C022,2025-05-01,15,6,Low Attendance
A016702,S01829,C025,2025-09-20,20,0,Low Attendance
A016703,S10136,C026,2025-04-14,20,7,Low Attendance
A016704,S07029,C027,2025-07-03,10,1,Low Attendance
A016705,S13779,C028,2025-09-15,15,5,Low Attendance
A016706,S05537,C029,2025-06-21,10,8,Present
A016707,S17532,C007,2025-02-21,30,8,Low Attendance
A016708,S02884,C047,2025-05-16,10,9,Present
A016709,S00162,C039,2025-09-07,25,19,Present
A016710,S12112,C045,2025-04-11,10,0,Low Attendance
A016711,S04729,C038,2025-02-19,20,4,Low Attendance
A016712,S09347,C049,2025-04-22,10,10,Present
A016713,S16689,C014,2025-11-14,25,1,Low Attendance
A016714,S06366,C023,2025-05-26,10,1,Low Attendance
A016715,S09008,C047,2025-01-12,20,17,Present
A016716,S08107,C024,2025-10-03,15,0,Low Attendance
A016717,S10537,C013,2025-05-09,25,16,Low Attendance
A016718,S12486,C033,2025-11-28,15,14,Present
A016719,S04528,C007,2025-10-27,10,3,Low Attendance
A016720,S05684,C043,2025-02-16,30,25,Present
A016721,S18835,C035,2025-03-27,10,3,Low Attendance
A016722,S05917,C050,2025-07-14,20,0,Low Attendance
A016723,S09586,C023,2025-06-30,20,5,Low Attendance
A016724,S15673,C049,2025-06-04,15,9,Low Attendance
A016725,S03499,C036,2025-07-27,20,8,Low Attendance
A016726,S11439,C047,2025-07-04,15,0,Low Attendance
A016727,S18385,C025,2025-11-05,15,15,Present
A016728,S18428,C049,2025-11-26,10,0,Low Attendance
A016729,S18276,C024,2025-09-20,15,13,Present
A016730,S16685,C030,2025-09-24,20,16,Present
A016731,S04923,C048,2025-08-02,25,6,Low Attendance
A016732,S16298,C037,2025-01-07,10,4,Low Attendance
A016733,S12261,C043,2025-05-02,10,6,Low Attendance
A016734,S05121,C026,2025-02-24,10,1,Low Attendance
A016735,S12223,C024,2025-07-04,15,15,Present
A016736,S11538,C014,2025-08-13,15,13,Present
A016737,S12416,C023,2025-02-07,15,3,Low Attendance
A016738,S19987,C040,2025-04-11,15,2,Low Attendance
A016739,S09237,C019,2025-07-31,25,2,Low Attendance
A016740,S18848,C013,2025-04-23,25,3,Low Attendance
A016741,S17280,C021,2025-05-17,30,11,Low Attendance
A016742,S19119,C012,2025-03-18,25,4,Low Attendance
A016743,S07201,C032,2025-11-05,15,8,Low Attendance
A016744,S11345,C047,2025-02-10,20,13,Low Attendance
A016745,S17048,C028,2025-12-21,30,14,Low Attendance
A016746,S11316,C041,2025-01-30,25,22,Present
A016747,S03009,C015,2025-12-12,10,4,Low Attendance
A016748,S19141,C011,2025-10-19,30,19,Low Attendance
A016749,S12355,C017,2025-11-16,20,14,Low Attendance
A016750,S14586,C038,2025-11-15,15,5,Low Attendance
A016751,S01464,C014,2025-02-20,30,29,Present
A016752,S05113,C025,2025-02-20,15,4,Low Attendance
A016753,S19318,C022,2025-07-19,10,4,Low Attendance
A016754,S17827,C009,2025-05-08,30,0,Low Attendance
A016755,S11423,C031,2025-02-19,20,8,Low Attendance
A016756,S09675,C039,2025-01-14,15,6,Low Attendance
A016757,S13713,C024,2025-02-25,20,19,Present
A016758,S03242,C035,2025-11-29,10,7,Low Attendance
A016759,S04188,C034,2025-10-13,30,12,Low Attendance
A016760,S11341,C002,2025-11-11,30,4,Low Attendance
A016761,S19773,C046,2025-12-24,30,24,Present
A016762,S06872,C007,2025-07-11,10,6,Low Attendance
A016763,S19030,C032,2025-06-03,20,3,Low Attendance
A016764,S01764,C015,2025-01-22,30,14,Low Attendance
A016765,S05579,C040,2025-12-08,20,8,Low Attendance
A016766,S14688,C006,2025-08-08,15,7,Low Attendance
A016767,S11873,C045,2025-07-27,10,4,Low Attendance
A016768,S09933,C041,2025-03-04,25,7,Low Attendance
A016769,S01956,C008,2025-10-29,10,7,Low Attendance
A016770,S17158,C016,2025-07-28,10,4,Low Attendance
A016771,S15916,C027,2025-03-05,25,5,Low Attendance
A016772,S11477,C027,2025-01-14,15,2,Low Attendance
A016773,S03135,C049,2025-07-19,25,17,Low Attendance
A016774,S06477,C008,2025-03-18,25,15,Low Attendance
A016775,S07373,C049,2025-05-07,25,23,Present
A016776,S06183,C003,2025-02-05,15,0,Low Attendance
A016777,S13111,C008,2025-10-31,25,15,Low Attendance
A016778,S11670,C019,2025-04-24,20,18,Present
A016779,S19070,C010,2025-10-17,30,23,Present
A016780,S10853,C032,2025-03-05,10,7,Low Attendance
A016781,S04688,C040,2025-05-19,20,17,Present
A016782,S02867,C031,2025-01-24,30,27,Present
A016783,S14949,C009,2025-06-18,15,8,Low Attendance
A016784,S03346,C030,2025-06-14,20,7,Low Attendance
A016785,S09521,C020,2025-02-02,20,3,Low Attendance
A016786,S13181,C003,2025-04-08,30,3,Low Attendance
A016787,S10130,C033,2025-09-01,10,4,Low Attendance
A016788,S06353,C004,2025-06-04,10,2,Low Attendance
A016789,S13316,C034,2025-09-03,30,17,Low Attendance
A016790,S00881,C018,2025-11-28,25,20,Present
A016791,S18188,C011,2025-10-31,15,7,Low Attendance
A016792,S13506,C030,2025-09-23,25,22,Present
A016793,S15425,C019,2025-08-06,15,2,Low Attendance
A016794,S16858,C023,2025-11-28,10,7,Low Attendance
A016795,S12097,C001,2025-02-23,10,8,Present
A016796,S00708,C045,2025-12-30,30,25,Present
A016797,S01378,C009,2025-04-24,25,22,Present
A016798,S07843,C002,2025-08-28,25,8,Low Attendance
A016799,S01428,C035,2025-03-27,20,16,Present
A016800,S01344,C048,2025-06-08,30,13,Low Attendance
A016801,S08288,C038,2025-03-26,30,1,Low Attendance
A016802,S04569,C031,2025-02-20,15,5,Low Attendance
A016803,S08211,C017,2025-02-07,10,4,Low Attendance
A016804,S00602,C031,2025-07-19,30,25,Present
A016805,S06164,C013,2025-01-28,30,21,Low Attendance
A016806,S04636,C025,2025-05-20,10,9,Present
A016807,S05764,C021,2025-02-04,15,11,Low Attendance
A016808,S01252,C042,2025-08-15,20,18,Present
A016809,S17926,C024,2025-05-05,10,4,Low Attendance
A016810,S07071,C011,2025-01-12,10,10,Present
A016811,S05679,C033,2025-08-31,10,1,Low Attendance
A016812,S15591,C046,2025-04-23,20,19,Present
A016813,S02009,C036,2025-06-26,30,16,Low Attendance
A016814,S02713,C042,2025-10-17,15,1,Low Attendance
A016815,S16436,C035,2025-02-02,10,9,Present
A016816,S11962,C018,2025-05-05,25,18,Low Attendance
A016817,S03723,C015,2025-05-06,10,4,Low Attendance
A016818,S19982,C037,2025-12-05,20,14,Low Attendance
A016819,S06948,C043,2025-02-06,25,2,Low Attendance
A016820,S19594,C003,2025-05-23,10,2,Low Attendance
A016821,S04543,C050,2025-11-13,25,20,Present
A016822,S09168,C019,2025-06-29,15,12,Present
A016823,S19886,C033,2025-05-25,15,0,Low Attendance
A016824,S07619,C013,2025-03-22,15,14,Present
A016825,S05484,C038,2025-03-31,15,7,Low Attendance
A016826,S19520,C018,2025-10-27,30,10,Low Attendance
A016827,S02605,C028,2025-09-08,25,6,Low Attendance
A016828,S03955,C003,2025-12-14,15,10,Low Attendance
A016829,S18501,C040,2025-04-11,10,0,Low Attendance
A016830,S16719,C002,2025-03-25,20,3,Low Attendance
A016831,S06932,C034,2025-01-18,30,21,Low Attendance
A016832,S02237,C040,2025-04-09,25,16,Low Attendance
A016833,S08295,C024,2025-04-12,10,3,Low Attendance
A016834,S10981,C014,2025-04-25,10,5,Low Attendance
A016835,S08494,C027,2025-05-18,20,8,Low Attendance
A016836,S07065,C022,2025-03-23,25,7,Low Attendance
A016837,S03456,C007,2025-12-29,20,11,Low Attendance
A016838,S09392,C031,2025-10-16,10,9,Present
A016839,S00667,C034,2025-07-22,10,6,Low Attendance
A016840,S13342,C019,2025-06-21,25,24,Present
A016841,S06758,C048,2025-06-17,20,12,Low Attendance
A016842,S09607,C022,2025-11-01,30,29,Present
A016843,S11841,C013,2025-09-01,20,13,Low Attendance
A016844,S12565,C004,2025-04-11,10,5,Low Attendance
A016845,S18950,C045,2025-04-22,30,30,Present
A016846,S11176,C038,2025-08-28,10,10,Present
A016847,S07829,C028,2025-05-03,15,15,Present
A016848,S04387,C030,2025-03-08,25,25,Present
A016849,S19717,C007,2025-06-29,20,20,Present
A016850,S18616,C025,2025-06-16,20,10,Low Attendance
A016851,S19706,C043,2025-05-10,15,15,Present
A016852,S16489,C007,2025-09-13,15,6,Low Attendance
A016853,S05300,C011,2025-12-14,15,3,Low Attendance
A016854,S09625,C042,2025-06-26,15,6,Low Attendance
A016855,S00077,C011,2025-05-07,20,1,Low Attendance
A016856,S02633,C030,2025-06-29,15,9,Low Attendance
A016857,S13567,C031,2025-10-14,25,0,Low Attendance
A016858,S13847,C017,2025-12-22,20,10,Low Attendance
A016859,S14576,C035,2025-11-29,20,14,Low Attendance
A016860,S08345,C045,2025-10-14,10,7,Low Attendance
A016861,S03279,C014,2025-04-08,25,16,Low Attendance
A016862,S19704,C030,2025-10-20,30,19,Low Attendance
A016863,S11621,C042,2025-11-14,25,23,Present
A016864,S08250,C035,2025-12-26,20,13,Low Attendance
A016865,S06157,C040,2025-12-21,20,18,Present
A016866,S01686,C041,2025-05-17,10,9,Present
A016867,S02033,C041,2025-08-24,15,0,Low Attendance
A016868,S02867,C048,2025-05-14,25,25,Present
A016869,S09603,C021,2025-03-07,30,15,Low Attendance
A016870,S14052,C021,2025-09-28,20,13,Low Attendance
A016871,S10403,C035,2025-07-08,10,6,Low Attendance
A016872,S05594,C016,2025-05-23,25,1,Low Attendance
A016873,S10387,C033,2025-11-10,25,13,Low Attendance
A016874,S11472,C048,2025-02-02,30,27,Present
A016875,S09314,C040,2025-12-28,25,12,Low Attendance
A016876,S11546,C050,2025-11-14,25,17,Low Attendance
A016877,S00818,C026,2025-03-06,10,5,Low Attendance
A016878,S14469,C013,2025-05-09,20,18,Present
A016879,S08374,C044,2025-07-01,25,10,Low Attendance
A016880,S08140,C036,2025-02-20,15,6,Low Attendance
A016881,S05097,C029,2025-04-19,30,11,Low Attendance
A016882,S15907,C007,2025-05-27,30,22,Low Attendance
A016883,S14252,C031,2025-07-30,20,2,Low Attendance
A016884,S12331,C010,2025-07-06,15,11,Low Attendance
A016885,S11402,C050,2025-09-16,10,8,Present
A016886,S07960,C012,2025-12-25,25,1,Low Attendance
A016887,S07472,C023,2025-11-28,25,2,Low Attendance
A016888,S11081,C007,2025-10-30,20,0,Low Attendance
A016889,S19963,C030,2025-04-30,20,15,Present
A016890,S06390,C036,2025-11-23,10,1,Low Attendance
A016891,S03143,C013,2025-10-01,20,2,Low Attendance
A016892,S19738,C037,2025-07-26,25,0,Low Attendance
A016893,S04328,C002,2025-09-01,25,14,Low Attendance
A016894,S18716,C039,2025-09-12,30,18,Low Attendance
A016895,S16877,C012,2025-05-07,25,23,Present
A016896,S10135,C026,2025-03-08,30,16,Low Attendance
A016897,S16053,C006,2025-09-18,20,16,Present
A016898,S10550,C037,2025-07-29,30,14,Low Attendance
A016899,S03445,C043,2025-06-04,30,15,Low Attendance
A016900,S07137,C039,2025-06-25,15,13,Present
A016901,S04176,C003,2025-01-02,10,6,Low Attendance
A016902,S00277,C002,2025-12-10,15,1,Low Attendance
A016903,S03355,C026,2025-06-11,20,10,Low Attendance
A016904,S15726,C035,2025-02-24,25,19,Present
A016905,S01307,C049,2025-02-15,30,2,Low Attendance
A016906,S04159,C014,2025-06-15,10,10,Present
A016907,S11726,C028,2025-11-18,30,17,Low Attendance
A016908,S09805,C020,2025-02-17,20,13,Low Attendance
A016909,S01319,C034,2025-08-09,15,11,Low Attendance
A016910,S04800,C011,2025-10-23,15,5,Low Attendance
A016911,S11389,C010,2025-05-15,15,5,Low Attendance
A016912,S02418,C003,2025-05-14,30,5,Low Attendance
A016913,S13218,C027,2025-09-27,20,9,Low Attendance
A016914,S07971,C041,2025-03-23,30,1,Low Attendance
A016915,S02880,C043,2025-01-02,30,21,Low Attendance
A016916,S05817,C011,2025-09-21,15,12,Present
A016917,S09150,C036,2025-11-10,10,3,Low Attendance
A016918,S15249,C018,2025-01-26,25,4,Low Attendance
A016919,S16265,C035,2025-03-31,10,1,Low Attendance
A016920,S01899,C023,2025-09-23,10,6,Low Attendance
A016921,S17053,C046,2025-04-24,10,1,Low Attendance
A016922,S17054,C010,2025-09-21,10,1,Low Attendance
A016923,S13286,C002,2025-09-08,15,4,Low Attendance
A016924,S15389,C018,2025-08-22,15,10,Low Attendance
A016925,S03991,C030,2025-09-04,20,0,Low Attendance
A016926,S14967,C005,2025-11-30,20,14,Low Attendance
A016927,S11588,C028,2025-08-28,10,6,Low Attendance
A016928,S06472,C009,2025-02-12,15,0,Low Attendance
A016929,S02503,C017,2025-04-03,15,15,Present
A016930,S08279,C042,2025-08-02,15,3,Low Attendance
A016931,S14471,C024,2025-04-30,25,7,Low Attendance
A016932,S08953,C023,2025-06-19,20,7,Low Attendance
A016933,S03866,C004,2025-06-18,25,11,Low Attendance
A016934,S10594,C049,2025-03-28,30,0,Low Attendance
A016935,S02460,C035,2025-05-01,25,7,Low Attendance
A016936,S04113,C043,2025-11-22,20,3,Low Attendance
A016937,S12358,C024,2025-07-14,25,18,Low Attendance
A016938,S08954,C012,2025-12-12,25,8,Low Attendance
A016939,S17083,C029,2025-02-11,20,1,Low Attendance
A016940,S12436,C002,2025-05-04,20,13,Low Attendance
A016941,S08649,C009,2025-01-30,25,2,Low Attendance
A016942,S05734,C038,2025-11-09,15,8,Low Attendance
A016943,S01197,C048,2025-07-23,15,13,Present
A016944,S17277,C034,2025-05-10,15,11,Low Attendance
A016945,S03170,C023,2025-06-07,10,4,Low Attendance
A016946,S19449,C006,2025-01-24,20,19,Present
A016947,S03880,C024,2025-09-25,25,1,Low Attendance
A016948,S00093,C050,2025-11-01,25,9,Low Attendance
A016949,S10688,C043,2025-07-22,20,1,Low Attendance
A016950,S07087,C017,2025-02-24,30,11,Low Attendance
A016951,S13398,C022,2025-08-24,15,6,Low Attendance
A016952,S16747,C014,2025-04-22,30,27,Present
A016953,S12918,C047,2025-07-09,10,0,Low Attendance
A016954,S10152,C049,2025-08-17,15,14,Present
A016955,S00057,C037,2025-01-21,20,17,Present
A016956,S14959,C034,2025-08-07,15,7,Low Attendance
A016957,S02493,C040,2025-05-18,30,11,Low Attendance
A016958,S08652,C030,2025-04-25,30,6,Low Attendance
A016959,S18296,C016,2025-08-23,20,12,Low Attendance
A016960,S05328,C049,2025-02-18,10,8,Present
A016961,S17730,C002,2025-04-28,20,17,Present
A016962,S12416,C027,2025-03-20,20,16,Present
A016963,S15914,C018,2025-04-28,15,11,Low Attendance
A016964,S01921,C023,2025-06-28,20,7,Low Attendance
A016965,S10009,C016,2025-02-02,15,2,Low Attendance
A016966,S10271,C005,2025-08-10,20,9,Low Attendance
A016967,S02498,C024,2025-11-11,25,24,Present
A016968,S09203,C025,2025-10-31,30,13,Low Attendance
A016969,S08367,C010,2025-11-22,15,0,Low Attendance
A016970,S15884,C038,2025-02-18,30,6,Low Attendance
A016971,S14449,C042,2025-11-27,10,9,Present
A016972,S01572,C009,2025-10-04,20,11,Low Attendance
A016973,S14032,C037,2025-04-21,15,5,Low Attendance
A016974,S16648,C019,2025-05-10,25,2,Low Attendance
A016975,S06875,C024,2025-08-08,15,4,Low Attendance
A016976,S13175,C024,2025-04-30,10,4,Low Attendance
A016977,S00636,C007,2025-07-27,15,6,Low Attendance
A016978,S18313,C043,2025-04-02,25,19,Present
A016979,S11637,C036,2025-12-06,20,15,Present
A016980,S14090,C021,2025-07-14,20,9,Low Attendance
A016981,S14362,C031,2025-02-17,15,1,Low Attendance
A016982,S19834,C039,2025-11-05,25,22,Present
A016983,S10564,C007,2025-11-09,20,5,Low Attendance
A016984,S16786,C043,2025-04-19,15,9,Low Attendance
A016985,S10589,C005,2025-09-27,20,1,Low Attendance
A016986,S06130,C026,2025-04-07,20,8,Low Attendance
A016987,S06223,C019,2025-10-28,10,3,Low Attendance
A016988,S11224,C030,2025-05-31,15,0,Low Attendance
A016989,S19966,C028,2025-05-10,15,2,Low Attendance
A016990,S06103,C050,2025-10-26,30,20,Low Attendance
A016991,S07072,C021,2025-04-17,15,7,Low Attendance
A016992,S04067,C010,2025-09-06,20,10,Low Attendance
A016993,S00548,C011,2025-07-21,25,25,Present
A016994,S06459,C003,2025-10-21,20,7,Low Attendance
A016995,S10188,C022,2025-07-17,25,23,Present
A016996,S12497,C019,2025-07-31,15,12,Present
A016997,S10793,C034,2025-03-08,20,20,Present
A016998,S19655,C011,2025-10-05,30,5,Low Attendance
A016999,S02908,C046,2025-07-19,15,0,Low Attendance
A017000,S10740,C029,2025-02-08,20,8,Low Attendance
A017001,S19819,C013,2025-05-13,15,13,Present
A017002,S15684,C020,2025-07-11,10,2,Low Attendance
A017003,S06635,C050,2025-06-20,10,0,Low Attendance
A017004,S07574,C017,2025-01-28,15,7,Low Attendance
A017005,S05832,C050,2025-02-13,15,10,Low Attendance
A017006,S01713,C023,2025-11-04,25,0,Low Attendance
A017007,S06756,C034,2025-12-19,25,1,Low Attendance
A017008,S19818,C047,2025-07-09,30,4,Low Attendance
A017009,S05990,C004,2025-01-31,30,19,Low Attendance
A017010,S01926,C004,2025-12-20,15,10,Low Attendance
A017011,S10755,C032,2025-05-09,30,12,Low Attendance
A017012,S00564,C047,2025-09-20,10,9,Present
A017013,S06909,C020,2025-04-17,30,0,Low Attendance
A017014,S19885,C035,2025-11-18,15,9,Low Attendance
A017015,S08266,C036,2025-04-20,10,6,Low Attendance
A017016,S09578,C046,2025-01-24,10,8,Present
A017017,S18982,C012,2025-01-14,10,7,Low Attendance
A017018,S15208,C008,2025-07-09,10,3,Low Attendance
A017019,S14126,C045,2025-07-05,20,10,Low Attendance
A017020,S14577,C029,2025-11-12,20,11,Low Attendance
A017021,S16955,C042,2025-07-25,30,3,Low Attendance
A017022,S01117,C013,2025-05-30,30,29,Present
A017023,S07330,C012,2025-02-25,25,25,Present
A017024,S07048,C034,2025-09-05,20,10,Low Attendance
A017025,S03539,C019,2025-08-20,15,10,Low Attendance
A017026,S04587,C005,2025-07-31,20,16,Present
A017027,S06164,C013,2025-08-15,15,15,Present
A017028,S10002,C028,2025-10-25,15,6,Low Attendance
A017029,S12907,C022,2025-02-24,25,14,Low Attendance
A017030,S04958,C006,2025-10-13,25,17,Low Attendance
A017031,S04517,C014,2025-03-24,10,9,Present
A017032,S06856,C001,2025-10-25,25,16,Low Attendance
A017033,S08355,C017,2025-08-02,15,0,Low Attendance
A017034,S02860,C008,2025-03-14,30,3,Low Attendance
A017035,S13486,C036,2025-02-22,15,6,Low Attendance
A017036,S09112,C001,2025-08-11,10,1,Low Attendance
A017037,S10467,C042,2025-08-08,15,9,Low Attendance
A017038,S17019,C008,2025-04-10,30,22,Low Attendance
A017039,S04505,C021,2025-07-19,25,10,Low Attendance
A017040,S03292,C048,2025-12-22,25,0,Low Attendance
A017041,S01569,C004,2025-06-08,25,8,Low Attendance
A017042,S15621,C028,2025-09-04,20,11,Low Attendance
A017043,S00608,C009,2025-04-14,15,15,Present
A017044,S17950,C032,2025-03-08,20,17,Present
A017045,S15827,C030,2025-08-21,20,19,Present
A017046,S02375,C025,2025-01-04,30,5,Low Attendance
A017047,S01984,C029,2025-08-26,10,4,Low Attendance
A017048,S01046,C046,2025-10-22,30,1,Low Attendance
A017049,S07142,C035,2025-05-05,15,3,Low Attendance
A017050,S02109,C025,2025-12-10,15,11,Low Attendance
A017051,S14316,C045,2025-03-05,25,14,Low Attendance
A017052,S12239,C021,2025-04-04,20,9,Low Attendance
A017053,S00687,C022,2025-02-17,25,15,Low Attendance
A017054,S14670,C034,2025-03-29,20,10,Low Attendance
A017055,S06358,C033,2025-05-08,20,12,Low Attendance
A017056,S18570,C010,2025-05-31,10,0,Low Attendance
A017057,S06818,C033,2025-07-01,20,5,Low Attendance
A017058,S02396,C006,2025-06-14,15,8,Low Attendance
A017059,S05125,C042,2025-01-10,20,18,Present
A017060,S13015,C016,2025-01-18,30,16,Low Attendance
A017061,S13999,C035,2025-07-14,30,23,Present
A017062,S08723,C022,2025-08-13,20,3,Low Attendance
A017063,S00161,C036,2025-07-17,10,9,Present
A017064,S04739,C033,2025-08-10,20,17,Present
A017065,S00603,C044,2025-05-02,15,8,Low Attendance
A017066,S03116,C012,2025-04-11,25,23,Present
A017067,S14423,C016,2025-08-29,20,2,Low Attendance
A017068,S13628,C006,2025-03-12,20,8,Low Attendance
A017069,S05201,C034,2025-07-28,20,17,Present
A017070,S10241,C025,2025-03-14,20,7,Low Attendance
A017071,S13908,C027,2025-02-23,15,15,Present
A017072,S11480,C027,2025-06-12,25,9,Low Attendance
A017073,S13709,C044,2025-12-11,10,0,Low Attendance
A017074,S09428,C035,2025-02-14,30,17,Low Attendance
A017075,S15426,C005,2025-12-28,30,0,Low Attendance
A017076,S03813,C008,2025-01-08,30,3,Low Attendance
A017077,S19679,C014,2025-11-06,25,21,Present
A017078,S05206,C001,2025-09-09,25,14,Low Attendance
A017079,S07194,C002,2025-08-22,30,8,Low Attendance
A017080,S02610,C001,2025-03-11,10,8,Present
A017081,S09364,C038,2025-03-21,25,2,Low Attendance
A017082,S19702,C033,2025-11-06,15,14,Present
A017083,S10957,C037,2025-04-14,15,10,Low Attendance
A017084,S06131,C013,2025-05-27,15,4,Low Attendance
A017085,S18557,C036,2025-08-17,30,22,Low Attendance
A017086,S04644,C027,2025-05-16,10,3,Low Attendance
A017087,S14337,C010,2025-11-06,15,11,Low Attendance
A017088,S08522,C040,2025-08-07,20,2,Low Attendance
A017089,S17648,C034,2025-07-25,20,2,Low Attendance
A017090,S08844,C044,2025-10-05,25,12,Low Attendance
A017091,S12973,C009,2025-02-07,25,7,Low Attendance
A017092,S13228,C004,2025-12-25,10,8,Present
A017093,S07716,C033,2025-05-30,20,6,Low Attendance
A017094,S11005,C023,2025-10-08,15,9,Low Attendance
A017095,S09249,C006,2025-02-02,30,4,Low Attendance
A017096,S11538,C046,2025-07-25,30,9,Low Attendance
A017097,S16016,C011,2025-09-20,25,13,Low Attendance
A017098,S02368,C048,2025-06-19,20,0,Low Attendance
A017099,S15955,C005,2025-08-20,10,7,Low Attendance
A017100,S06482,C005,2025-10-07,20,18,Present
A017101,S00558,C006,2025-01-24,15,1,Low Attendance
A017102,S02730,C014,2025-08-05,10,8,Present
A017103,S17324,C047,2025-09-03,25,19,Present
A017104,S07640,C038,2025-09-08,25,8,Low Attendance
A017105,S17525,C005,2025-05-09,20,19,Present
A017106,S03618,C026,2025-03-20,15,12,Present
A017107,S13908,C005,2025-01-09,15,1,Low Attendance
A017108,S13296,C033,2025-02-20,10,9,Present
A017109,S17654,C043,2025-07-14,20,20,Present
A017110,S15724,C008,2025-08-29,25,19,Present
A017111,S19932,C048,2025-03-28,25,8,Low Attendance
A017112,S05399,C044,2025-04-23,25,17,Low Attendance
A017113,S19288,C045,2025-02-14,30,26,Present
A017114,S03696,C006,2025-03-22,30,28,Present
A017115,S19274,C019,2025-05-10,25,10,Low Attendance
A017116,S19854,C026,2025-09-17,15,9,Low Attendance
A017117,S10284,C036,2025-11-02,25,8,Low Attendance
A017118,S15853,C050,2025-01-16,15,9,Low Attendance
A017119,S14697,C012,2025-04-10,10,5,Low Attendance
A017120,S19110,C036,2025-08-19,30,1,Low Attendance
A017121,S01312,C010,2025-04-01,30,23,Present
A017122,S09072,C016,2025-10-27,15,7,Low Attendance
A017123,S16933,C009,2025-03-18,15,15,Present
A017124,S13477,C019,2025-12-07,20,3,Low Attendance
A017125,S05060,C015,2025-08-29,20,17,Present
A017126,S13650,C048,2025-06-17,10,5,Low Attendance
A017127,S18044,C033,2025-08-06,30,8,Low Attendance
A017128,S09060,C030,2025-02-23,15,6,Low Attendance
A017129,S11944,C037,2025-10-22,20,16,Present
A017130,S03824,C046,2025-04-30,15,4,Low Attendance
A017131,S12225,C036,2025-06-17,30,15,Low Attendance
A017132,S06224,C009,2025-12-03,25,22,Present
A017133,S03790,C035,2025-06-18,25,9,Low Attendance
A017134,S12457,C006,2025-09-05,30,18,Low Attendance
A017135,S11413,C006,2025-10-07,10,9,Present
A017136,S04930,C013,2025-07-31,15,6,Low Attendance
A017137,S02004,C046,2025-06-01,20,11,Low Attendance
A017138,S00836,C033,2025-02-11,25,15,Low Attendance
A017139,S10362,C002,2025-01-18,10,4,Low Attendance
A017140,S16100,C042,2025-11-03,20,6,Low Attendance
A017141,S07731,C046,2025-06-22,30,13,Low Attendance
A017142,S00552,C004,2025-09-29,20,3,Low Attendance
A017143,S13006,C029,2025-12-19,15,11,Low Attendance
A017144,S16340,C033,2025-04-07,25,10,Low Attendance
A017145,S03798,C043,2025-03-05,10,3,Low Attendance
A017146,S13764,C037,2025-02-04,10,2,Low Attendance
A017147,S12482,C046,2025-05-17,30,2,Low Attendance
A017148,S14981,C027,2025-02-02,20,0,Low Attendance
A017149,S07372,C013,2025-10-20,25,15,Low Attendance
A017150,S07560,C005,2025-12-19,15,8,Low Attendance
A017151,S19128,C038,2025-11-07,25,12,Low Attendance
A017152,S14982,C010,2025-02-22,30,18,Low Attendance
A017153,S18738,C043,2025-09-18,25,17,Low Attendance
A017154,S14189,C028,2025-05-09,30,23,Present
A017155,S13727,C009,2025-03-12,25,11,Low Attendance
A017156,S07502,C045,2025-03-28,30,7,Low Attendance
A017157,S19531,C040,2025-11-23,10,3,Low Attendance
A017158,S06165,C050,2025-09-06,25,5,
A017159,S10418,C006,2025-11-11,30,27,Present
A017160,S19719,C016,2025-03-24,15,10,Low Attendance
A017161,S13434,C025,2025-06-04,10,2,Low Attendance
A017162,S00967,C033,2025-07-24,15,15,Present
A017163,S10317,C022,2025-01-09,25,15,Low Attendance
A017164,S01640,C029,2025-01-09,20,16,Present
A017165,S16773,C005,2025-11-12,30,30,Present
A017166,S01126,C028,2025-08-28,20,19,Present
A017167,S09419,C045,2025-05-18,25,15,Low Attendance
A017168,S04569,C012,2025-08-11,20,10,Low Attendance
A017169,S00868,C011,2025-11-16,30,26,Present
A017170,S02259,C020,2025-03-12,25,14,Low Attendance
A017171,S12797,C035,2025-07-30,15,3,Low Attendance
A017172,S16039,C045,2025-09-10,20,17,Present
A017173,S11769,C050,2025-02-07,30,24,Present
A017174,S10079,C009,2025-04-18,20,15,Present
A017175,S12889,C016,2025-07-07,20,5,Low Attendance
A017176,S18800,C034,2025-05-10,25,20,Present
A017177,S03153,C019,2025-10-28,30,13,Low Attendance
A017178,S12387,C019,2025-12-14,15,11,Low Attendance
A017179,S17198,C047,2025-01-31,30,17,Low Attendance
A017180,S15405,C023,2025-11-07,15,2,Low Attendance
A017181,S06637,C015,2025-04-20,10,9,Present
A017182,S13854,C025,2025-06-25,20,4,Low Attendance
A017183,S05951,C003,2025-09-09,25,20,Present
A017184,S02465,C014,2025-06-08,25,1,Low Attendance
A017185,S16144,C007,2025-05-27,25,18,Low Attendance
A017186,S05356,C034,2025-09-22,20,10,Low Attendance
A017187,S00185,C039,2025-12-03,10,0,Low Attendance
A017188,S06862,C048,2025-02-16,25,2,Low Attendance
A017189,S08810,C047,2025-05-12,30,29,Present
A017190,S19293,C047,2025-07-15,30,5,Low Attendance
A017191,S17821,C008,2025-05-24,15,7,Low Attendance
A017192,S11774,C013,2025-10-26,25,5,Low Attendance
A017193,S15925,C033,2025-10-28,30,6,Low Attendance
A017194,S00174,C048,2025-02-16,20,8,Low Attendance
A017195,S03729,C035,2025-03-15,25,12,Low Attendance
A017196,S17951,C017,2025-07-26,20,18,Present
A017197,S03534,C050,2025-08-01,15,2,Low Attendance
A017198,S14175,C035,2025-09-15,15,10,Low Attendance
A017199,S10860,C030,2025-01-27,10,7,Low Attendance
A017200,S08108,C032,2025-07-16,25,16,Low Attendance
A017201,S00707,C023,2025-07-19,15,0,Low Attendance
A017202,S06981,C016,2025-07-13,15,15,Present
A017203,S10695,C032,2025-03-15,20,10,Low Attendance
A017204,S13788,C016,2025-12-12,20,3,Low Attendance
A017205,S01548,C033,2025-03-29,25,4,Low Attendance
A017206,S06294,C012,2025-07-15,10,1,Low Attendance
A017207,S16759,C008,2025-07-19,15,2,Low Attendance
A017208,S19768,C041,2025-11-17,25,19,Present
A017209,S13251,C039,2025-02-04,30,0,Low Attendance
A017210,S14970,C038,2025-09-11,30,12,Low Attendance
A017211,S16555,C006,2025-08-03,25,2,Low Attendance
A017212,S06988,C038,2025-06-26,30,5,Low Attendance
A017213,S01420,C026,2025-02-05,30,18,Low Attendance
A017214,S11868,C002,2025-08-30,10,6,Low Attendance
A017215,S01245,C012,2025-11-25,30,4,Low Attendance
A017216,S09634,C025,2025-05-16,25,7,Low Attendance
A017217,S08993,C031,2025-04-08,25,20,Present
A017218,S04548,C014,2025-06-12,10,1,Low Attendance
A017219,S07914,C048,2025-01-05,15,15,Present
A017220,S11555,C045,2025-02-15,25,4,Low Attendance
A017221,S17910,C028,2025-06-30,30,27,Present
A017222,S13503,C012,2025-04-02,30,12,Low Attendance
A017223,S05758,C008,2025-08-22,30,19,Low Attendance
A017224,S16155,C016,2025-01-05,15,3,Low Attendance
A017225,S09714,C045,2025-09-29,30,14,Low Attendance
A017226,S00350,C007,2025-04-11,15,15,Present
A017227,S16264,C034,2025-05-02,30,18,Low Attendance
A017228,S06691,C023,2025-08-18,10,10,Present
A017229,S06997,C002,2025-11-11,15,13,Present
A017230,S14495,C040,2025-06-13,20,7,Low Attendance
A017231,S07531,C022,2025-03-21,15,6,Low Attendance
A017232,S11817,C022,2025-07-16,10,3,Low Attendance
A017233,S18288,C033,2025-06-16,20,14,Low Attendance
A017234,S13251,C020,2025-04-13,25,18,Low Attendance
A017235,S02679,C035,2025-06-03,15,12,Present
A017236,S15879,C022,2025-10-28,20,14,Low Attendance
A017237,S16500,C027,2025-09-12,20,16,Present
A017238,S10973,C033,2025-05-23,25,24,Present
A017239,S01674,C013,2025-09-24,25,19,Present
A017240,S09102,C030,2025-04-10,20,10,Low Attendance
A017241,S05365,C030,2025-04-12,10,1,Low Attendance
A017242,S09055,C035,2025-05-22,30,19,Low Attendance
A017243,S05684,C019,2025-08-11,15,12,Present
A017244,S05807,C018,2025-12-23,20,2,Low Attendance
A017245,S04051,C001,2025-06-29,20,12,Low Attendance
A017246,S01424,C034,2025-07-21,15,12,Present
A017247,S04975,C025,2025-12-12,15,4,Low Attendance
A017248,S04118,C047,2025-11-13,25,18,Low Attendance
A017249,S08510,C043,2025-10-02,15,15,Present
A017250,S12624,C014,2025-03-12,20,11,Low Attendance
A017251,S01589,C037,2025-11-21,15,10,Low Attendance
A017252,S12120,C019,2025-06-14,15,13,Present
A017253,S00924,C016,2025-06-22,10,4,Low Attendance
A017254,S08432,C028,2025-05-16,20,14,Low Attendance
A017255,S12950,C005,2025-11-23,10,1,Low Attendance
A017256,S07994,C047,2025-02-18,25,16,Low Attendance
A017257,S17759,C037,2025-10-09,10,0,Low Attendance
A017258,S01574,C032,2025-07-18,30,10,Low Attendance
A017259,S08568,C042,2025-12-17,10,10,Present
A017260,S18968,C038,2025-09-09,15,13,Present
A017261,S02896,C027,2025-08-11,30,21,Low Attendance
A017262,S02037,C017,2025-12-17,30,29,Present
A017263,S16462,C002,2025-05-04,10,8,Present
A017264,S01975,C010,2025-10-31,30,0,Low Attendance
A017265,S01575,C001,2025-11-05,10,4,Low Attendance
A017266,S17151,C023,2025-12-04,30,18,Low Attendance
A017267,S16148,C028,2025-04-09,15,1,Low Attendance
A017268,S06393,C006,2025-01-09,30,17,Low Attendance
A017269,S16836,C024,2025-01-15,15,2,Low Attendance
A017270,S04789,C013,2025-01-26,15,7,Low Attendance
A017271,S03907,C018,2025-12-16,30,22,Low Attendance
A017272,S16245,C011,2025-09-08,15,4,Low Attendance
A017273,S10377,C029,2025-03-22,30,18,Low Attendance
A017274,S11044,C008,2025-02-16,30,15,Low Attendance
A017275,S10924,C048,2025-09-06,10,2,Low Attendance
A017276,S07907,C022,2025-01-04,30,30,Present
A017277,S12846,C048,2025-01-22,15,9,Low Attendance
A017278,S09618,C031,2025-03-15,20,1,Low Attendance
A017279,S10610,C036,2025-04-08,25,12,Low Attendance
A017280,S06188,C034,2025-04-08,10,9,Present
A017281,S15782,C022,2025-08-05,15,4,Low Attendance
A017282,S08159,C008,2025-11-29,30,0,Low Attendance
A017283,S00677,C005,2025-04-27,20,6,Low Attendance
A017284,S18395,C019,2025-08-24,10,0,Low Attendance
A017285,S12075,C001,2025-07-12,25,1,Low Attendance
A017286,S05566,C029,2025-10-30,30,8,Low Attendance
A017287,S07760,C033,2025-02-21,25,9,Low Attendance
A017288,S15410,C038,2025-03-24,15,13,Present
A017289,S07125,C035,2025-02-20,15,4,Low Attendance
A017290,S11080,C036,2025-12-25,30,24,Present
A017291,S12921,C035,2025-09-06,15,5,Low Attendance
A017292,S07288,C003,2025-03-11,30,20,Low Attendance
A017293,S10814,C031,2025-02-01,30,5,Low Attendance
A017294,S11878,C006,2025-06-24,10,1,Low Attendance
A017295,S10512,C002,2025-03-01,20,10,Low Attendance
A017296,S17815,C001,2025-07-08,10,7,Low Attendance
A017297,S06087,C016,2025-05-18,25,14,Low Attendance
A017298,S09402,C033,2025-05-29,25,5,Low Attendance
A017299,S05726,C041,2025-02-11,10,10,Present
A017300,S10174,C047,2025-06-30,20,12,Low Attendance
A017301,S18061,C048,2025-11-13,10,8,Present
A017302,S19206,C041,2025-02-08,20,10,Low Attendance
A017303,S05247,C042,2025-07-26,10,9,Present
A017304,S04419,C042,2025-09-06,20,0,Low Attendance
A017305,S14430,C041,2025-02-10,10,6,Low Attendance
A017306,S17841,C037,2025-12-13,20,11,Low Attendance
A017307,S12689,C028,2025-01-31,25,2,Low Attendance
A017308,S15799,C030,2025-12-09,30,13,Low Attendance
A017309,S03584,C012,2025-02-16,15,12,Present
A017310,S01069,C013,2025-10-25,25,12,Low Attendance
A017311,S05963,C031,2025-07-15,30,26,Present
A017312,S15775,C034,2025-07-26,20,2,Low Attendance
A017313,S04349,C039,2025-11-11,20,12,Low Attendance
A017314,S03819,C013,2025-06-22,20,3,Low Attendance
A017315,S17802,C008,2025-03-09,25,9,Low Attendance
A017316,S06219,C026,2025-07-25,25,15,Low Attendance
A017317,S14319,C044,2025-08-15,20,1,Low Attendance
A017318,S11401,C043,2025-10-02,15,2,Low Attendance
A017319,S03598,C033,2025-06-23,20,9,Low Attendance
A017320,S18487,C004,2025-12-03,20,8,Low Attendance
A017321,S10926,C026,2025-10-01,20,3,Low Attendance
A017322,S11735,C033,2025-04-10,10,3,Low Attendance
A017323,S09848,C030,2025-03-03,30,26,Present
A017324,S06886,C023,2025-02-23,20,17,Present
A017325,S15645,C029,2025-10-25,15,5,Low Attendance
A017326,S01833,C006,2025-02-21,15,2,Low Attendance
A017327,S10535,C040,2025-01-03,25,22,Present
A017328,S18329,C006,2025-03-20,25,23,Present
A017329,S00761,C017,2025-12-24,20,4,Low Attendance
A017330,S19574,C011,2025-01-12,25,18,Low Attendance
A017331,S18349,C015,2025-02-19,25,11,Low Attendance
A017332,S03606,C004,2025-08-03,25,16,Low Attendance
A017333,S11373,C043,2025-08-23,25,12,Low Attendance
A017334,S07360,C002,2025-01-11,30,2,Low Attendance
A017335,S11386,C050,2025-02-18,20,4,Low Attendance
A017336,S16423,C033,2025-05-03,15,1,Low Attendance
A017337,S17706,C005,2025-05-10,10,9,Present
A017338,S04430,C021,2025-08-07,10,4,Low Attendance
A017339,S13608,C026,2025-08-14,15,5,Low Attendance
A017340,S15564,C048,2025-06-28,25,9,Low Attendance
A017341,S13966,C038,2025-11-26,10,5,Low Attendance
A017342,S11344,C034,2025-02-16,20,11,Low Attendance
A017343,S13091,C026,2025-11-24,25,20,Present
A017344,S04405,C015,2025-10-15,25,11,Low Attendance
A017345,S01659,C042,2025-02-11,25,3,Low Attendance
A017346,S12721,C044,2025-12-30,30,0,Low Attendance
A017347,S02673,C023,2025-08-18,15,13,Present
A017348,S16427,C049,2025-04-02,20,0,Low Attendance
A017349,S16301,C025,2025-02-21,25,13,Low Attendance
A017350,S07630,C017,2025-09-08,25,6,Low Attendance
A017351,S08204,C017,2025-09-07,30,14,Low Attendance
A017352,S07206,C017,2025-01-09,10,1,Low Attendance
A017353,S15744,C028,2025-03-27,20,8,Low Attendance
A017354,S11046,C022,2025-10-21,30,13,Low Attendance
A017355,S15597,C009,2025-03-19,25,4,Low Attendance
A017356,S15120,C009,2025-12-11,15,5,Low Attendance
A017357,S01254,C019,2025-02-11,30,18,Low Attendance
A017358,S13330,C011,2025-02-14,25,20,Present
A017359,S09306,C019,2025-09-16,25,23,Present
A017360,S07992,C002,2025-03-29,15,9,Low Attendance
A017361,S17966,C029,2025-01-16,30,25,Present
A017362,S17355,C040,2025-07-06,20,2,Low Attendance
A017363,S04172,C017,2025-08-26,30,12,Low Attendance
A017364,S13546,C014,2025-08-25,20,6,Low Attendance
A017365,S04900,C021,2025-09-12,30,23,Present
A017366,S10390,C009,2025-03-19,20,11,Low Attendance
A017367,S10385,C047,2025-09-07,20,6,Low Attendance
A017368,S11344,C033,2025-09-22,15,11,Low Attendance
A017369,S06543,C036,2025-01-07,25,22,Present
A017370,S05891,C003,2025-03-10,20,5,Low Attendance
A017371,S14637,C042,2025-02-27,25,12,Low Attendance
A017372,S08391,C010,2025-04-21,30,1,Low Attendance
A017373,S01807,C047,2025-10-22,30,14,Low Attendance
A017374,S08030,C040,2025-12-31,20,3,Low Attendance
A017375,S18236,C004,2025-07-11,20,14,Low Attendance
A017376,S02258,C014,2025-01-02,30,23,
A017377,S09540,C002,2025-10-15,15,6,Low Attendance
A017378,S17562,C048,2025-11-17,30,0,Low Attendance
A017379,S19637,C001,2025-08-19,20,9,Low Attendance
A017380,S08244,C038,2025-10-28,10,7,Low Attendance
A017381,S15334,C010,2025-06-17,10,7,Low Attendance
A017382,S04146,C043,2025-12-28,30,23,Present
A017383,S04279,C042,2025-01-13,15,13,Present
A017384,S15365,C018,2025-02-15,30,28,Present
A017385,S16965,C046,2025-01-27,15,3,Low Attendance
A017386,S05148,C003,2025-02-16,15,14,Present
A017387,S10936,C033,2025-05-13,10,7,Low Attendance
A017388,S07161,C031,2025-09-06,25,21,Present
A017389,S12409,C008,2025-05-17,20,16,Present
A017390,S17364,C012,2025-03-16,10,6,Low Attendance
A017391,S06811,C025,2025-07-27,20,17,Present
A017392,S06232,C039,2025-12-30,20,9,Low Attendance
A017393,S15331,C012,2025-12-12,30,12,Low Attendance
A017394,S17614,C029,2025-08-25,25,3,Low Attendance
A017395,S09623,C046,2025-02-09,25,2,Low Attendance
A017396,S13235,C029,2025-09-07,10,3,Low Attendance
A017397,S14872,C002,2025-04-09,15,6,Low Attendance
A017398,S07254,C028,2025-05-13,25,24,Present
A017399,S19026,C029,2025-10-27,15,13,Present
A017400,S15406,C040,2025-11-17,20,5,Low Attendance
A017401,S17971,C005,2025-12-21,20,14,Low Attendance
A017402,S02667,C022,2025-08-23,25,4,Low Attendance
A017403,S06525,C033,2025-08-26,30,5,Low Attendance
A017404,S04550,C007,2025-01-27,10,3,Low Attendance
A017405,S13537,C030,2025-01-27,25,19,Present
A017406,S15805,C013,2025-05-13,10,4,Low Attendance
A017407,S06382,C042,2025-05-09,20,7,Low Attendance
A017408,S02044,C036,2025-04-28,30,6,Low Attendance
A017409,S18187,C048,2025-08-03,30,16,Low Attendance
A017410,S04626,C025,2025-12-17,30,25,Present
A017411,S13266,C033,2025-07-25,30,14,Low Attendance
A017412,S09431,C010,2025-01-27,30,29,Present
A017413,S15127,C001,2025-10-23,20,17,Present
A017414,S04185,C005,2025-11-09,15,4,Low Attendance
A017415,S11265,C032,2025-02-15,10,9,Present
A017416,S18014,C014,2025-09-13,30,9,Low Attendance
A017417,S00775,C027,2025-05-03,25,20,Present
A017418,S00186,C049,2025-12-21,30,20,Low Attendance
A017419,S10695,C023,2025-05-11,15,8,Low Attendance
A017420,S16423,C022,2025-09-19,25,7,Low Attendance
A017421,S00828,C014,2025-02-21,25,7,Low Attendance
A017422,S09863,C016,2025-10-07,20,9,Low Attendance
A017423,S07779,C002,2025-07-13,10,6,Low Attendance
A017424,S03955,C002,2025-04-01,20,19,
A017425,S09321,C046,2025-09-11,20,14,Low Attendance
A017426,S12557,C030,2025-07-13,10,5,Low Attendance
A017427,S18629,C001,2025-07-31,25,17,Low Attendance
A017428,S05467,C018,2025-12-14,10,6,Low Attendance
A017429,S17554,C025,2025-08-29,30,5,Low Attendance
A017430,S15163,C044,2025-08-28,20,5,Low Attendance
A017431,S13089,C012,2025-08-12,10,8,Present
A017432,S04938,C043,2025-02-17,30,7,Low Attendance
A017433,S18517,C019,2025-05-03,20,17,Present
A017434,S04265,C030,2025-01-24,10,5,Low Attendance
A017435,S02602,C011,2025-03-22,20,3,Low Attendance
A017436,S04213,C043,2025-07-16,20,2,Low Attendance
A017437,S16137,C014,2025-11-10,10,5,Low Attendance
A017438,S04176,C033,2025-05-24,20,7,Low Attendance
A017439,S15698,C032,2025-06-26,30,30,Present
A017440,S12273,C046,2025-03-24,25,5,Low Attendance
A017441,S19318,C015,2025-05-10,25,17,Low Attendance
A017442,S06600,C025,2025-02-11,25,17,Low Attendance
A017443,S07677,C041,2025-04-05,15,10,Low Attendance
A017444,S04891,C020,2025-09-05,25,22,Present
A017445,S12926,C032,2025-12-29,10,2,Low Attendance
A017446,S04474,C020,2025-05-25,30,10,Low Attendance
A017447,S14010,C047,2025-03-04,20,13,Low Attendance
A017448,S08613,C027,2025-02-14,30,8,Low Attendance
A017449,S09403,C049,2025-12-04,15,3,Low Attendance
A017450,S14076,C028,2025-11-21,25,20,Present
A017451,S05176,C003,2025-03-05,30,5,Low Attendance
A017452,S17403,C024,2025-05-07,30,2,Low Attendance
A017453,S02561,C015,2025-05-10,10,5,Low Attendance
A017454,S11702,C041,2025-06-21,30,2,Low Attendance
A017455,S18567,C001,2025-12-15,10,5,Low Attendance
A017456,S17859,C043,2025-09-29,25,16,Low Attendance
A017457,S09323,C004,2025-04-08,20,11,Low Attendance
A017458,S03889,C049,2025-09-16,20,20,Present
A017459,S00265,C007,2025-04-20,25,7,Low Attendance
A017460,S00656,C013,2025-02-10,30,22,Low Attendance
A017461,S16686,C020,2025-06-04,30,10,Low Attendance
A017462,S09275,C010,2025-05-10,25,15,Low Attendance
A017463,S18376,C032,2025-04-11,10,3,Low Attendance
A017464,S15282,C017,2025-06-08,30,7,Low Attendance
A017465,S14613,C003,2025-11-10,10,8,Present
A017466,S08850,C007,2025-03-05,25,0,Low Attendance
A017467,S02540,C041,2025-01-21,20,2,Low Attendance
A017468,S02296,C009,2025-04-19,10,10,Present
A017469,S15046,C043,2025-08-28,20,3,Low Attendance
A017470,S05101,C015,2025-01-14,15,5,Low Attendance
A017471,S12558,C025,2025-08-29,10,6,Low Attendance
A017472,S12946,C026,2025-09-27,20,18,Present
A017473,S18395,C007,2025-08-02,20,19,Present
A017474,S19407,C033,2025-07-31,30,10,Low Attendance
A017475,S13901,C040,2025-06-24,10,9,Present
A017476,S15228,C037,2025-04-24,30,10,Low Attendance
A017477,S09976,C046,2025-07-29,30,15,Low Attendance
A017478,S08044,C037,2025-05-03,20,11,Low Attendance
A017479,S19700,C037,2025-03-11,10,4,Low Attendance
A017480,S14558,C003,2025-06-24,10,10,Present
A017481,S14470,C004,2025-04-07,25,24,Present
A017482,S13770,C001,2025-09-14,10,3,Low Attendance
A017483,S18401,C024,2025-11-11,10,3,
A017484,S09573,C015,2025-11-26,30,3,Low Attendance
A017485,S04596,C047,2025-01-19,30,24,Present
A017486,S06543,C038,2025-01-03,10,5,Low Attendance
A017487,S10754,C006,2025-03-30,20,11,Low Attendance
A017488,S17986,C015,2025-11-29,20,3,Low Attendance
A017489,S15930,C014,2025-11-24,25,3,Low Attendance
A017490,S06509,C013,2025-06-29,20,20,Present
A017491,S17916,C025,2025-02-26,25,14,Low Attendance
A017492,S17708,C025,2025-04-15,10,0,Low Attendance
A017493,S16808,C028,2025-03-27,25,18,Low Attendance
A017494,S16285,C006,2025-01-31,25,22,Present
A017495,S17448,C031,2025-03-11,25,16,Low Attendance
A017496,S03195,C008,2025-02-24,15,1,Low Attendance
A017497,S10340,C049,2025-06-02,20,11,Low Attendance
A017498,S08640,C042,2025-02-12,20,16,Present
A017499,S16622,C006,2025-06-29,10,6,Low Attendance
A017500,S19316,C018,2025-01-24,25,12,Low Attendance
A017501,S02507,C019,2025-06-27,30,23,Present
A017502,S13174,C023,2025-10-13,25,17,Low Attendance
A017503,S18855,C045,2025-03-30,25,20,Present
A017504,S19538,C010,2025-02-26,10,10,Present
A017505,S05770,C022,2025-09-22,10,3,Low Attendance
A017506,S11720,C021,2025-04-22,10,5,Low Attendance
A017507,S17176,C020,2025-02-14,10,9,Present
A017508,S09631,C013,2025-03-30,10,2,Low Attendance
A017509,S00867,C047,2025-07-23,30,24,Present
A017510,S15253,C050,2025-10-06,25,7,Low Attendance
A017511,S16579,C023,2025-02-26,20,14,Low Attendance
A017512,S00547,C046,2025-04-25,25,5,Low Attendance
A017513,S03453,C023,2025-07-24,30,14,Low Attendance
A017514,S03567,C040,2025-10-21,30,23,Present
A017515,S06374,C025,2025-10-08,20,14,Low Attendance
A017516,S13163,C006,2025-05-11,20,8,Low Attendance
A017517,S16261,C039,2025-03-26,15,11,Low Attendance
A017518,S01937,C023,2025-03-31,15,0,Low Attendance
A017519,S19130,C012,2025-08-06,25,5,Low Attendance
A017520,S10221,C004,2025-06-03,10,2,Low Attendance
A017521,S09281,C012,2025-06-24,15,13,Present
A017522,S02023,C004,2025-07-02,25,5,Low Attendance
A017523,S06423,C029,2025-06-16,30,1,Low Attendance
A017524,S09230,C015,2025-09-14,30,26,Present
A017525,S09412,C013,2025-09-09,10,4,Low Attendance
A017526,S00019,C005,2025-06-30,20,14,Low Attendance
A017527,S02840,C040,2025-01-10,30,20,Low Attendance
A017528,S16409,C023,2025-03-17,30,19,Low Attendance
A017529,S02500,C034,2025-06-24,20,11,Low Attendance
A017530,S04093,C031,2025-02-02,15,5,Low Attendance
A017531,S05998,C025,2025-05-14,20,8,Low Attendance
A017532,S14421,C023,2025-12-17,30,17,Low Attendance
A017533,S14684,C012,2025-01-29,30,1,Low Attendance
A017534,S17075,C005,2025-10-15,30,12,Low Attendance
A017535,S17064,C034,2025-06-05,25,22,Present
A017536,S14732,C036,2025-01-27,30,23,Present
A017537,S17789,C046,2025-05-19,30,18,Low Attendance
A017538,S04860,C025,2025-12-15,30,15,Low Attendance
A017539,S07470,C020,2025-08-11,15,11,Low Attendance
A017540,S17653,C046,2025-11-27,15,7,Low Attendance
A017541,S03800,C027,2025-11-08,15,1,Low Attendance
A017542,S08709,C004,2025-10-06,20,18,Present
A017543,S15162,C018,2025-01-21,20,2,Low Attendance
A017544,S11786,C014,2025-01-30,30,18,Low Attendance
A017545,S10884,C029,2025-11-28,25,18,Low Attendance
A017546,S00772,C036,2025-08-27,20,16,Present
A017547,S18429,C037,2025-04-08,30,30,Present
A017548,S00779,C028,2025-12-01,30,4,Low Attendance
A017549,S14538,C010,2025-06-18,30,13,Low Attendance
A017550,S18462,C030,2025-12-31,15,7,Low Attendance
A017551,S11979,C045,2025-05-02,20,10,Low Attendance
A017552,S11232,C007,2025-07-10,20,0,Low Attendance
A017553,S13735,C045,2025-03-28,10,6,Low Attendance
A017554,S16192,C017,2025-04-11,30,6,Low Attendance
A017555,S13680,C036,2025-08-18,10,3,Low Attendance
A017556,S17313,C016,2025-02-22,15,5,Low Attendance
A017557,S03057,C032,2025-08-08,25,12,Low Attendance
A017558,S00636,C016,2025-06-17,20,13,Low Attendance
A017559,S18183,C050,2025-07-21,20,6,Low Attendance
A017560,S14234,C016,2025-06-12,10,1,Low Attendance
A017561,S10876,C023,2025-03-29,20,8,Low Attendance
A017562,S06116,C013,2025-07-06,15,12,Present
A017563,S19080,C012,2025-11-26,30,24,Present
A017564,S12532,C001,2025-08-08,15,10,Low Attendance
A017565,S15575,C015,2025-09-18,25,24,Present
A017566,S10108,C041,2025-04-07,20,3,Low Attendance
A017567,S14991,C034,2025-12-02,30,30,Present
A017568,S19293,C045,2025-06-22,25,19,Present
A017569,S17999,C010,2025-04-20,25,12,Low Attendance
A017570,S13305,C043,2025-03-02,10,10,Present
A017571,S13377,C023,2025-07-10,20,19,Present
A017572,S03861,C013,2025-03-20,30,27,Present
A017573,S10643,C050,2025-09-12,30,12,Low Attendance
A017574,S03848,C010,2025-06-29,20,18,Present
A017575,S02102,C026,2025-04-28,30,13,Low Attendance
A017576,S06293,C002,2025-03-22,10,2,Low Attendance
A017577,S05165,C036,2025-07-20,15,1,Low Attendance
A017578,S01938,C020,2025-03-27,20,16,Present
A017579,S19586,C003,2025-05-22,20,20,Present
A017580,S17053,C017,2025-01-11,30,6,Low Attendance
A017581,S16712,C023,2025-08-17,10,0,Low Attendance
A017582,S06109,C029,2025-08-24,30,4,Low Attendance
A017583,S15128,C039,2025-09-02,15,11,Low Attendance
A017584,S18570,C026,2025-10-18,30,19,Low Attendance
A017585,S13847,C043,2025-05-20,10,2,Low Attendance
A017586,S07890,C045,2025-12-22,25,23,Present
A017587,S18720,C040,2025-04-09,20,17,Present
A017588,S10764,C003,2025-01-31,15,14,Present
A017589,S02480,C025,2025-07-08,10,0,Low Attendance
A017590,S17880,C039,2025-03-27,15,3,Low Attendance
A017591,S00536,C035,2025-07-07,20,4,Low Attendance
A017592,S03950,C003,2025-01-28,30,5,Low Attendance
A017593,S12819,C017,2025-05-02,10,8,Present
A017594,S01209,C038,2025-07-29,25,0,Low Attendance
A017595,S17156,C021,2025-09-05,30,30,Present
A017596,S08357,C023,2025-12-30,30,22,Low Attendance
A017597,S15345,C031,2025-04-19,10,4,Low Attendance
A017598,S00412,C028,2025-01-20,20,16,Present
A017599,S13174,C013,2025-02-15,15,1,Low Attendance
A017600,S04700,C036,2025-03-26,15,3,Low Attendance
A017601,S02243,C022,2025-02-27,15,6,Low Attendance
A017602,S10820,C006,2025-07-14,10,6,Low Attendance
A017603,S14549,C010,2025-04-20,15,4,Low Attendance
A017604,S13842,C044,2025-09-16,15,3,Low Attendance
A017605,S18198,C001,2025-12-23,30,6,Low Attendance
A017606,S18336,C046,2025-02-01,25,22,Present
A017607,S11917,C013,2025-06-30,30,17,Low Attendance
A017608,S17052,C026,2025-01-13,10,6,Low Attendance
A017609,S09590,C018,2025-03-27,10,10,Present
A017610,S16242,C021,2025-09-20,25,13,Low Attendance
A017611,S11703,C021,2025-07-25,10,2,Low Attendance
A017612,S08565,C023,2025-08-18,10,4,Low Attendance
A017613,S10774,C036,2025-09-25,25,23,Present
A017614,S00518,C022,2025-01-29,15,10,Low Attendance
A017615,S05359,C010,2025-12-23,20,18,Present
A017616,S15961,C001,2025-08-31,25,10,Low Attendance
A017617,S18318,C035,2025-10-31,20,13,Low Attendance
A017618,S01782,C041,2025-02-06,20,1,Low Attendance
A017619,S07036,C040,2025-12-24,25,7,Low Attendance
A017620,S06395,C007,2025-12-29,15,12,Present
A017621,S09148,C010,2025-06-20,15,9,Low Attendance
A017622,S13855,C035,2025-08-27,10,4,Low Attendance
A017623,S13567,C046,2025-11-27,25,2,Low Attendance
A017624,S10044,C045,2025-01-14,25,6,Low Attendance
A017625,S05032,C023,2025-02-11,10,0,Low Attendance
A017626,S09600,C031,2025-12-15,15,9,Low Attendance
A017627,S17976,C003,2025-04-30,15,8,Low Attendance
A017628,S16483,C009,2025-04-15,20,17,Present
A017629,S03253,C020,2025-08-10,30,6,Low Attendance
A017630,S11297,C008,2025-11-28,20,11,Low Attendance
A017631,S18092,C035,2025-06-06,15,2,Low Attendance
A017632,S19757,C018,2025-03-04,10,9,Present
A017633,S10439,C005,2025-05-04,15,2,Low Attendance
A017634,S06688,C035,2025-05-01,20,5,Low Attendance
A017635,S17058,C035,2025-10-03,25,22,Present
A017636,S19172,C024,2025-01-19,25,19,Present
A017637,S11558,C021,2025-02-20,25,12,Low Attendance
A017638,S15960,C050,2025-02-26,25,23,Present
A017639,S17788,C010,2025-11-05,30,15,Low Attendance
A017640,S00280,C029,2025-01-11,10,4,Low Attendance
A017641,S15427,C001,2025-01-09,10,9,Present
A017642,S13283,C030,2025-07-10,15,3,Low Attendance
A017643,S05208,C032,2025-01-24,15,10,Low Attendance
A017644,S05694,C004,2025-10-26,10,4,Low Attendance
A017645,S01798,C013,2025-04-16,25,5,Low Attendance
A017646,S15421,C024,2025-05-27,30,1,Low Attendance
A017647,S04083,C038,2025-02-22,30,19,Low Attendance
A017648,S08016,C024,2025-03-02,30,12,Low Attendance
A017649,S08892,C043,2025-08-07,20,11,Low Attendance
A017650,S08575,C020,2025-10-03,25,20,Present
A017651,S13795,C043,2025-12-21,15,14,Present
A017652,S10351,C034,2025-01-07,30,12,Low Attendance
A017653,S09034,C029,2025-03-22,25,0,Low Attendance
A017654,S17232,C044,2025-06-06,30,4,Low Attendance
A017655,S13084,C005,2025-01-09,20,16,Present
A017656,S05425,C036,2025-01-23,10,3,Low Attendance
A017657,S16973,C049,2025-08-26,25,8,Low Attendance
A017658,S02828,C047,2025-01-22,10,3,Low Attendance
A017659,S19835,C035,2025-10-21,10,2,Low Attendance
A017660,S03703,C007,2025-04-21,10,5,Low Attendance
A017661,S12063,C033,2025-09-01,20,0,Low Attendance
A017662,S14172,C027,2025-07-02,30,3,Low Attendance
A017663,S00988,C015,2025-11-14,20,2,Low Attendance
A017664,S08099,C044,2025-10-16,30,25,Present
A017665,S07799,C012,2025-04-30,25,22,Present
A017666,S00251,C015,2025-01-09,30,22,Low Attendance
A017667,S14648,C039,2025-03-20,10,2,Low Attendance
A017668,S19325,C005,2025-04-20,30,12,Low Attendance
A017669,S14561,C032,2025-11-02,20,4,Low Attendance
A017670,S04284,C014,2025-07-10,25,22,Present
A017671,S05472,C018,2025-07-14,20,13,Low Attendance
A017672,S02162,C030,2025-11-16,20,20,Present
A017673,S16727,C001,2025-04-05,20,15,Present
A017674,S17488,C038,2025-07-16,15,10,Low Attendance
A017675,S08021,C038,2025-08-24,10,10,Present
A017676,S06285,C034,2025-09-12,10,9,Present
A017677,S13040,C033,2025-08-21,30,22,Low Attendance
A017678,S02158,C043,2025-04-26,20,17,Present
A017679,S04571,C049,2025-05-07,15,6,Low Attendance
A017680,S18535,C047,2025-03-25,30,21,Low Attendance
A017681,S03984,C021,2025-01-04,20,19,Present
A017682,S12597,C017,2025-03-12,15,0,Low Attendance
A017683,S04594,C050,2025-07-28,10,6,Low Attendance
A017684,S05810,C020,2025-11-29,15,9,Low Attendance
A017685,S04057,C021,2025-12-19,25,24,Present
A017686,S12510,C009,2025-05-09,30,28,Present
A017687,S10876,C003,2025-10-11,30,7,Low Attendance
A017688,S01784,C046,2025-06-29,10,5,Low Attendance
A017689,S03308,C047,2025-05-24,15,13,Present
A017690,S02753,C042,2025-02-14,10,5,Low Attendance
A017691,S04837,C010,2025-06-08,15,1,Low Attendance
A017692,S13024,C018,2025-03-10,15,15,Present
A017693,S01765,C030,2025-04-08,20,7,Low Attendance
A017694,S15696,C006,2025-03-01,25,14,Low Attendance
A017695,S10016,C042,2025-05-02,10,2,Low Attendance
A017696,S19387,C013,2025-12-19,25,13,Low Attendance
A017697,S14726,C042,2025-05-13,30,15,Low Attendance
A017698,S17877,C041,2025-01-03,20,17,Present
A017699,S01757,C020,2025-08-26,10,10,Present
A017700,S15747,C029,2025-12-17,20,16,Present
A017701,S16740,C030,2025-02-23,25,4,Low Attendance
A017702,S19326,C049,2025-10-15,20,8,Low Attendance
A017703,S14138,C039,2025-01-30,20,13,Low Attendance
A017704,S07999,C027,2025-04-19,20,11,Low Attendance
A017705,S00090,C046,2025-03-09,25,13,Low Attendance
A017706,S09969,C013,2025-04-09,15,2,Low Attendance
A017707,S02001,C008,2025-08-29,20,5,Low Attendance
A017708,S05140,C048,2025-06-16,30,30,Present
A017709,S00785,C039,2025-01-20,25,11,Low Attendance
A017710,S19585,C048,2025-02-24,15,5,Low Attendance
A017711,S07459,C002,2025-05-30,10,4,Low Attendance
A017712,S10409,C038,2025-01-20,15,3,Low Attendance
A017713,S11183,C013,2025-01-31,15,3,Low Attendance
A017714,S17602,C033,2025-11-06,20,20,Present
A017715,S17398,C003,2025-01-31,25,3,Low Attendance
A017716,S12597,C042,2025-01-10,25,22,Present
A017717,S07685,C040,2025-12-02,15,1,Low Attendance
A017718,S18710,C004,2025-07-07,20,9,Low Attendance
A017719,S10086,C002,2025-05-01,30,22,Low Attendance
A017720,S09754,C035,2025-11-04,30,5,Low Attendance
A017721,S06317,C005,2025-08-04,25,25,Present
A017722,S05522,C030,2025-01-19,25,21,Present
A017723,S16335,C013,2025-03-07,20,1,Low Attendance
A017724,S03449,C045,2025-01-15,25,18,Low Attendance
A017725,S09106,C041,2025-01-08,30,7,Low Attendance
A017726,S09859,C033,2025-05-02,10,10,Present
A017727,S14760,C027,2025-12-15,10,2,Low Attendance
A017728,S03608,C036,2025-02-02,30,0,Low Attendance
A017729,S18668,C019,2025-04-06,15,7,Low Attendance
A017730,S08681,C013,2025-10-09,25,17,Low Attendance
A017731,S15931,C001,2025-12-11,10,10,Present
A017732,S10573,C017,2025-07-04,15,4,Low Attendance
A017733,S16561,C048,2025-08-02,15,11,Low Attendance
A017734,S01754,C035,2025-04-10,30,4,Low Attendance
A017735,S14753,C015,2025-05-08,15,0,Low Attendance
A017736,S12263,C040,2025-09-29,30,22,Low Attendance
A017737,S03222,C014,2025-08-15,15,2,Low Attendance
A017738,S00353,C021,2025-03-16,20,3,Low Attendance
A017739,S08967,C007,2025-05-28,25,3,Low Attendance
A017740,S19503,C018,2025-08-21,10,5,Low Attendance
A017741,S16169,C045,2025-10-09,30,17,Low Attendance
A017742,S09064,C049,2025-11-19,25,9,Low Attendance
A017743,S12509,C021,2025-07-19,15,1,Low Attendance
A017744,S15010,C016,2025-01-26,25,14,Low Attendance
A017745,S14037,C009,2025-02-22,30,22,Low Attendance
A017746,S17928,C004,2025-02-23,20,5,Low Attendance
A017747,S00600,C005,2025-03-23,15,3,Low Attendance
A017748,S18618,C048,2025-01-15,10,3,Low Attendance
A017749,S08628,C040,2025-03-30,30,22,Low Attendance
A017750,S12198,C009,2025-01-01,10,0,Low Attendance
A017751,S02533,C050,2025-02-02,30,0,Low Attendance
A017752,S03544,C044,2025-06-23,25,23,Present
A017753,S11324,C050,2025-11-13,15,6,Low Attendance
A017754,S00660,C045,2025-03-28,20,17,Present
A017755,S13689,C004,2025-05-01,25,1,Low Attendance
A017756,S04559,C033,2025-10-10,20,20,Present
A017757,S06570,C020,2025-06-10,15,7,Low Attendance
A017758,S04531,C025,2025-09-20,20,4,Low Attendance
A017759,S04738,C047,2025-12-25,25,10,Low Attendance
A017760,S06950,C002,2025-11-30,10,5,Low Attendance
A017761,S18211,C046,2025-05-07,20,14,Low Attendance
A017762,S11019,C008,2025-11-20,15,5,Low Attendance
A017763,S05985,C015,2025-06-21,30,13,Low Attendance
A017764,S07907,C024,2025-11-01,25,9,Low Attendance
A017765,S00905,C038,2025-08-11,25,7,Low Attendance
A017766,S15764,C038,2025-01-01,15,1,Low Attendance
A017767,S11994,C037,2025-01-16,25,21,Present
A017768,S02814,C049,2025-05-09,25,12,Low Attendance
A017769,S16819,C048,2025-12-14,20,1,Low Attendance
A017770,S13371,C033,2025-01-03,30,24,Present
A017771,S01657,C026,2025-10-30,25,22,Present
A017772,S16511,C035,2025-02-21,10,3,Low Attendance
A017773,S17855,C004,2025-01-31,25,4,Low Attendance
A017774,S02734,C011,2025-07-08,20,13,Low Attendance
A017775,S12740,C018,2025-06-18,20,1,Low Attendance
A017776,S07488,C049,2025-10-11,25,21,Present
A017777,S03112,C034,2025-08-11,25,15,Low Attendance
A017778,S07136,C011,2025-04-23,10,9,Present
A017779,S02275,C016,2025-05-01,30,22,Low Attendance
A017780,S06127,C031,2025-10-11,15,6,Low Attendance
A017781,S12554,C041,2025-08-14,30,26,Present
A017782,S10381,C010,2025-08-06,20,3,Low Attendance
A017783,S15756,C046,2025-12-15,20,8,Low Attendance
A017784,S18097,C042,2025-02-14,20,15,Present
A017785,S05360,C038,2025-05-18,20,5,Low Attendance
A017786,S19275,C013,2025-09-15,25,23,Present
A017787,S18530,C037,2025-08-04,25,23,Present
A017788,S11730,C045,2025-10-03,25,18,Low Attendance
A017789,S12430,C008,2025-09-14,15,9,Low Attendance
A017790,S12503,C046,2025-11-19,15,7,Low Attendance
A017791,S06294,C029,2025-01-02,10,4,Low Attendance
A017792,S13378,C007,2025-06-04,20,8,Low Attendance
A017793,S06266,C035,2025-04-18,30,8,Low Attendance
A017794,S00114,C036,2025-04-18,30,11,Low Attendance
A017795,S19384,C006,2025-07-06,10,10,Present
A017796,S11873,C021,2025-08-18,20,12,Low Attendance
A017797,S02302,C013,2025-09-17,20,17,Present
A017798,S07385,C039,2025-06-17,10,4,Low Attendance
A017799,S19136,C046,2025-04-13,25,16,Low Attendance
A017800,S00972,C035,2025-10-17,15,2,Low Attendance
A017801,S04513,C019,2025-10-07,25,17,Low Attendance
A017802,S05155,C004,2025-06-18,20,1,Low Attendance
A017803,S02028,C039,2025-09-04,20,6,Low Attendance
A017804,S16237,C023,2025-05-28,30,0,Low Attendance
A017805,S14045,C046,2025-05-03,10,8,Present
A017806,S01226,C047,2025-11-11,30,22,Low Attendance
A017807,S00894,C026,2025-02-01,20,19,Present
A017808,S02977,C022,2025-09-08,25,18,Low Attendance
A017809,S18825,C018,2025-07-31,10,9,Present
A017810,S13745,C050,2025-06-04,10,6,Low Attendance
A017811,S17348,C034,2025-02-27,10,2,Low Attendance
A017812,S05107,C025,2025-01-17,10,10,Present
A017813,S17243,C026,2025-06-17,15,15,Present
A017814,S18773,C011,2025-11-06,30,7,Low Attendance
A017815,S03797,C040,2025-02-12,20,10,Low Attendance
A017816,S18578,C047,2025-05-15,30,4,Low Attendance
A017817,S02069,C015,2025-12-19,15,10,Low Attendance
A017818,S03807,C046,2025-08-06,20,13,Low Attendance
A017819,S11723,C049,2025-01-06,10,0,Low Attendance
A017820,S06024,C019,2025-06-17,15,5,Low Attendance
A017821,S18919,C036,2025-12-30,20,10,Low Attendance
A017822,S05964,C022,2025-07-15,10,10,Present
A017823,S11080,C020,2025-12-21,25,18,Low Attendance
A017824,S18465,C026,2025-09-08,15,7,Low Attendance
A017825,S09171,C041,2025-03-22,15,6,Low Attendance
A017826,S11638,C015,2025-12-05,10,5,Low Attendance
A017827,S05631,C037,2025-11-02,30,19,Low Attendance
A017828,S02702,C046,2025-06-04,15,7,Low Attendance
A017829,S04324,C009,2025-08-05,30,18,Low Attendance
A017830,S09786,C022,2025-12-16,10,9,Present
A017831,S09697,C032,2025-06-16,15,14,Present
A017832,S17586,C024,2025-06-12,15,8,Low Attendance
A017833,S10392,C027,2025-09-22,30,24,Present
A017834,S18632,C027,2025-06-22,25,23,Present
A017835,S12109,C050,2025-06-22,20,6,Low Attendance
A017836,S06453,C029,2025-09-22,20,7,Low Attendance
A017837,S03479,C005,2025-08-26,20,17,Present
A017838,S17883,C016,2025-01-20,20,6,Low Attendance
A017839,S12005,C019,2025-06-02,15,8,Low Attendance
A017840,S03186,C026,2025-09-25,30,22,Low Attendance
A017841,S18089,C024,2025-06-13,20,7,Low Attendance
A017842,S10197,C017,2025-04-16,15,2,Low Attendance
A017843,S14935,C037,2025-01-18,25,0,Low Attendance
A017844,S13992,C048,2025-07-21,15,6,Low Attendance
A017845,S02766,C001,2025-07-22,30,19,Low Attendance
A017846,S01911,C002,2025-11-21,25,18,Low Attendance
A017847,S00506,C024,2025-12-04,15,5,Low Attendance
A017848,S18933,C039,2025-01-16,10,1,Low Attendance
A017849,S12938,C032,2025-01-25,30,19,Low Attendance
A017850,S03296,C026,2025-03-25,30,2,Low Attendance
A017851,S10331,C049,2025-10-03,30,18,Low Attendance
A017852,S17137,C007,2025-09-07,25,17,Low Attendance
A017853,S10190,C025,2025-05-20,15,14,Present
A017854,S18261,C007,2025-10-24,20,3,Low Attendance
A017855,S09614,C026,2025-05-21,30,26,Present
A017856,S00870,C021,2025-12-03,25,23,Present
A017857,S08006,C050,2025-06-16,15,1,Low Attendance
A017858,S06867,C015,2025-02-17,25,21,Present
A017859,S12822,C001,2025-03-17,20,12,Low Attendance
A017860,S04684,C029,2025-07-12,15,3,Low Attendance
A017861,S01309,C048,2025-12-11,30,10,Low Attendance
A017862,S07499,C022,2025-03-26,15,5,Low Attendance
A017863,S08761,C008,2025-08-09,25,21,Present
A017864,S15800,C023,2025-02-17,20,11,Low Attendance
A017865,S12617,C049,2025-06-28,10,3,Low Attendance
A017866,S17567,C041,2025-04-24,20,10,Low Attendance
A017867,S16586,C012,2025-01-30,25,12,Low Attendance
A017868,S02050,C030,2025-10-28,30,18,
A017869,S09356,C014,2025-11-06,10,10,Present
A017870,S12943,C029,2025-05-23,25,3,Low Attendance
A017871,S19687,C040,2025-07-01,15,2,Low Attendance
A017872,S09159,C002,2025-02-05,10,3,Low Attendance
A017873,S01606,C020,2025-01-09,15,11,Low Attendance
A017874,S17764,C034,2025-12-03,15,6,Low Attendance
A017875,S17066,C014,2025-09-03,25,12,Low Attendance
A017876,S04626,C030,2025-07-21,25,3,Low Attendance
A017877,S06403,C036,2025-10-08,30,5,Low Attendance
A017878,S09022,C042,2025-08-31,15,13,Present
A017879,S10630,C019,2025-01-17,10,1,Low Attendance
A017880,S08860,C007,2025-07-27,15,15,Present
A017881,S02824,C030,2025-11-30,15,14,Present
A017882,S07659,C016,2025-03-11,20,2,Low Attendance
A017883,S14586,C028,2025-10-22,10,7,Low Attendance
A017884,S10538,C050,2025-09-12,10,3,Low Attendance
A017885,S07522,C015,2025-09-27,15,1,Low Attendance
A017886,S05634,C018,2025-01-16,15,3,Low Attendance
A017887,S01592,C007,2025-10-26,15,11,Low Attendance
A017888,S02911,C050,2025-01-24,25,9,Low Attendance
A017889,S07021,C022,2025-10-02,20,3,Low Attendance
A017890,S10197,C047,2025-07-03,10,8,Present
A017891,S14760,C025,2025-06-14,15,7,Low Attendance
A017892,S09780,C044,2025-10-25,20,16,Present
A017893,S08175,C015,2025-08-18,20,14,Low Attendance
A017894,S11971,C032,2025-01-02,10,6,Low Attendance
A017895,S18711,C006,2025-08-03,15,14,Present
A017896,S10503,C014,2025-03-31,20,6,Low Attendance
A017897,S01131,C050,2025-09-27,20,14,Low Attendance
A017898,S09960,C015,2025-01-05,25,22,Present
A017899,S13838,C025,2025-09-04,30,17,Low Attendance
A017900,S07653,C009,2025-02-01,20,0,Low Attendance
A017901,S08312,C001,2025-05-24,15,1,Low Attendance
A017902,S11230,C028,2025-08-03,30,25,Present
A017903,S07984,C007,2025-06-23,15,9,Low Attendance
A017904,S12661,C046,2025-04-17,25,4,Low Attendance
A017905,S13565,C016,2025-02-07,10,9,Present
A017906,S12334,C026,2025-10-29,15,2,Low Attendance
A017907,S16119,C025,2025-03-13,10,3,Low Attendance
A017908,S00166,C047,2025-01-09,30,11,Low Attendance
A017909,S01551,C019,2025-09-30,25,4,Low Attendance
A017910,S12270,C022,2025-06-09,25,11,Low Attendance
A017911,S03433,C015,2025-12-02,10,3,Low Attendance
A017912,S10294,C001,2025-02-16,30,30,Present
A017913,S11177,C003,2025-05-23,30,17,Low Attendance
A017914,S07551,C041,2025-03-02,15,11,Low Attendance
A017915,S04605,C006,2025-10-11,15,4,Low Attendance
A017916,S10994,C011,2025-09-02,25,9,Low Attendance
A017917,S02359,C011,2025-05-19,20,17,Present
A017918,S11450,C010,2025-09-25,10,7,Low Attendance
A017919,S17477,C004,2025-06-11,30,9,Low Attendance
A017920,S00520,C029,2025-05-19,30,18,Low Attendance
A017921,S03947,C039,2025-06-27,25,9,Low Attendance
A017922,S18810,C022,2025-11-18,20,0,Low Attendance
A017923,S18089,C016,2025-05-01,30,29,Present
A017924,S15316,C033,2025-10-15,25,22,Present
A017925,S12221,C011,2025-11-04,10,6,Low Attendance
A017926,S08156,C042,2025-05-24,30,3,Low Attendance
A017927,S18892,C016,2025-06-08,30,17,Low Attendance
A017928,S13255,C034,2025-07-19,20,2,Low Attendance
A017929,S12226,C008,2025-05-03,20,5,Low Attendance
A017930,S19555,C008,2025-07-05,20,11,Low Attendance
A017931,S16724,C028,2025-10-04,15,14,Present
A017932,S12302,C021,2025-08-31,15,11,Low Attendance
A017933,S08335,C026,2025-05-18,30,5,Low Attendance
A017934,S19116,C042,2025-02-02,20,14,Low Attendance
A017935,S10328,C001,2025-04-29,15,10,Low Attendance
A017936,S07730,C047,2025-02-01,15,4,Low Attendance
A017937,S17268,C019,2025-02-03,15,12,Present
A017938,S18378,C035,2025-05-29,20,10,Low Attendance
A017939,S14498,C030,2025-02-13,10,7,Low Attendance
A017940,S04075,C026,2025-12-04,20,3,Low Attendance
A017941,S03306,C010,2025-11-18,15,7,Low Attendance
A017942,S04137,C027,2025-07-17,30,26,Present
A017943,S01609,C045,2025-08-15,15,11,Low Attendance
A017944,S00503,C015,2025-01-06,20,6,Low Attendance
A017945,S18920,C030,2025-12-06,25,13,Low Attendance
A017946,S06874,C007,2025-03-22,15,4,Low Attendance
A017947,S11864,C037,2025-03-15,30,27,Present
A017948,S18889,C038,2025-08-02,20,15,Present
A017949,S11483,C038,2025-06-01,10,2,Low Attendance
A017950,S17730,C020,2025-09-07,25,12,Low Attendance
A017951,S05297,C038,2025-12-30,20,3,Low Attendance
A017952,S19959,C018,2025-07-13,15,11,Low Attendance
A017953,S12309,C005,2025-12-11,25,5,Low Attendance
A017954,S03468,C032,2025-11-10,25,11,Low Attendance
A017955,S01834,C001,2025-09-08,25,23,Present
A017956,S06482,C015,2025-08-14,30,5,Low Attendance
A017957,S03154,C040,2025-01-12,30,2,Low Attendance
A017958,S04277,C046,2025-03-12,20,5,Low Attendance
A017959,S00793,C013,2025-03-15,10,10,Present
A017960,S16550,C015,2025-05-17,10,7,Low Attendance
A017961,S19897,C004,2025-09-06,20,0,Low Attendance
A017962,S08152,C037,2025-02-01,30,15,Low Attendance
A017963,S05390,C032,2025-07-25,10,0,Low Attendance
A017964,S04231,C015,2025-01-01,20,11,Low Attendance
A017965,S04107,C013,2025-01-01,10,1,Low Attendance
A017966,S15938,C004,2025-06-01,15,12,Present
A017967,S03486,C028,2025-01-27,25,11,Low Attendance
A017968,S08063,C046,2025-09-03,30,13,Low Attendance
A017969,S16872,C045,2025-12-01,15,15,Present
A017970,S07665,C008,2025-02-21,25,6,Low Attendance
A017971,S10602,C047,2025-12-07,10,0,Low Attendance
A017972,S13065,C039,2025-09-20,30,21,Low Attendance
A017973,S10959,C049,2025-04-29,20,16,Present
A017974,S19472,C027,2025-03-07,20,17,Present
A017975,S04343,C013,2025-09-24,10,5,Low Attendance
A017976,S15511,C047,2025-10-07,30,14,Low Attendance
A017977,S17747,C038,2025-12-12,20,4,Low Attendance
A017978,S16631,C013,2025-07-19,20,0,Low Attendance
A017979,S10088,C013,2025-04-08,30,18,Low Attendance
A017980,S19129,C045,2025-05-23,20,17,Present
A017981,S19352,C001,2025-06-14,25,0,Low Attendance
A017982,S04872,C003,2025-06-13,15,3,Low Attendance
A017983,S15761,C044,2025-03-09,10,6,Low Attendance
A017984,S05424,C020,2025-07-16,25,5,Low Attendance
A017985,S17612,C029,2025-07-13,20,11,Low Attendance
A017986,S16175,C031,2025-11-11,20,6,Low Attendance
A017987,S19369,C050,2025-08-09,20,16,Present
A017988,S03066,C004,2025-08-10,10,0,Low Attendance
A017989,S13005,C031,2025-05-10,25,18,Low Attendance
A017990,S12188,C021,2025-06-23,15,10,Low Attendance
A017991,S16605,C015,2025-11-13,25,2,Low Attendance
A017992,S01643,C036,2025-03-01,25,22,Present
A017993,S03143,C044,2025-10-02,30,6,Low Attendance
A017994,S01744,C033,2025-05-29,30,11,Low Attendance
A017995,S07076,C021,2025-05-15,20,5,Low Attendance
A017996,S10720,C047,2025-08-20,10,4,Low Attendance
A017997,S17986,C049,2025-05-01,20,2,Low Attendance
A017998,S15570,C012,2025-04-01,20,6,Low Attendance
A017999,S11058,C030,2025-10-02,30,22,Low Attendance
A018000,S10325,C048,2025-05-09,25,5,Low Attendance
A018001,S17787,C050,2025-03-25,10,2,Low Attendance
A018002,S01678,C048,2025-03-11,20,0,Low Attendance
A018003,S01414,C040,2025-01-19,25,8,Low Attendance
A018004,S07228,C039,2025-10-19,25,11,Low Attendance
A018005,S07982,C024,2025-12-27,15,0,Low Attendance
A018006,S04227,C010,2025-02-13,10,8,Present
A018007,S01868,C033,2025-06-08,30,28,Present
A018008,S02574,C037,2025-04-07,15,13,Present
A018009,S00723,C026,2025-09-15,30,7,Low Attendance
A018010,S05681,C021,2025-03-29,25,20,Present
A018011,S04775,C037,2025-05-23,15,15,Present
A018012,S14133,C006,2025-07-22,15,13,Present
A018013,S00587,C028,2025-06-25,30,13,Low Attendance
A018014,S02765,C039,2025-03-10,15,8,Low Attendance
A018015,S12268,C041,2025-08-06,15,5,Low Attendance
A018016,S18748,C025,2025-02-28,25,12,Low Attendance
A018017,S15975,C013,2025-06-30,15,1,Low Attendance
A018018,S01966,C006,2025-10-22,30,28,Present
A018019,S14621,C036,2025-09-17,10,9,Present
A018020,S19518,C031,2025-10-27,10,0,Low Attendance
A018021,S05651,C014,2025-12-14,10,3,Low Attendance
A018022,S01590,C016,2025-06-01,25,0,Low Attendance
A018023,S06332,C030,2025-08-03,10,2,Low Attendance
A018024,S13250,C017,2025-10-21,25,3,Low Attendance
A018025,S05972,C043,2025-12-27,20,16,Present
A018026,S12749,C009,2025-04-29,25,16,Low Attendance
A018027,S06709,C045,2025-07-28,10,4,Low Attendance
A018028,S18612,C005,2025-06-09,25,23,Present
A018029,S16616,C026,2025-08-03,25,16,Low Attendance
A018030,S14191,C018,2025-08-17,25,12,Low Attendance
A018031,S06459,C017,2025-10-06,15,4,Low Attendance
A018032,S14592,C032,2025-06-11,10,8,Present
A018033,S14190,C029,2025-04-20,25,15,Low Attendance
A018034,S18866,C037,2025-06-10,15,14,Present
A018035,S16574,C001,2025-02-25,15,6,Low Attendance
A018036,S00601,C027,2025-10-08,10,6,Low Attendance
A018037,S16599,C015,2025-05-03,10,5,Low Attendance
A018038,S01387,C048,2025-06-08,10,0,Low Attendance
A018039,S02306,C039,2025-12-11,10,10,Present
A018040,S01188,C017,2025-06-27,15,4,Low Attendance
A018041,S03429,C010,2025-09-14,20,0,Low Attendance
A018042,S07949,C025,2025-01-07,10,7,Low Attendance
A018043,S14141,C049,2025-07-11,25,0,Low Attendance
A018044,S03324,C008,2025-05-02,30,22,Low Attendance
A018045,S04754,C048,2025-03-21,20,3,Low Attendance
A018046,S19704,C011,2025-05-08,20,9,Low Attendance
A018047,S09692,C049,2025-03-07,10,9,Present
A018048,S16000,C048,2025-09-06,25,17,Low Attendance
A018049,S03906,C014,2025-11-23,15,1,Low Attendance
A018050,S02960,C004,2025-08-15,15,3,Low Attendance
A018051,S14671,C009,2025-03-03,20,18,Present
A018052,S01936,C039,2025-11-05,10,3,Low Attendance
A018053,S03604,C022,2025-03-28,10,8,Present
A018054,S13786,C004,2025-03-12,25,20,Present
A018055,S17858,C026,2025-12-08,30,5,Low Attendance
A018056,S03478,C028,2025-11-26,30,27,Present
A018057,S02094,C007,2025-08-01,25,23,Present
A018058,S05915,C048,2025-03-09,10,10,Present
A018059,S02584,C005,2025-01-31,30,13,Low Attendance
A018060,S07108,C045,2025-02-07,20,3,Low Attendance
A018061,S03463,C028,2025-06-11,30,9,Low Attendance
A018062,S03881,C008,2025-02-05,30,26,Present
A018063,S17857,C042,2025-09-27,25,2,Low Attendance
A018064,S01662,C012,2025-09-07,25,16,Low Attendance
A018065,S15614,C036,2025-04-24,15,4,Low Attendance
A018066,S04058,C047,2025-05-21,30,20,Low Attendance
A018067,S01489,C021,2025-04-05,25,23,Present
A018068,S11092,C036,2025-07-28,15,3,Low Attendance
A018069,S15236,C024,2025-10-08,25,1,Low Attendance
A018070,S13090,C044,2025-03-11,30,12,Low Attendance
A018071,S08397,C046,2025-03-02,10,8,Present
A018072,S06057,C028,2025-03-19,30,26,Present
A018073,S18633,C019,2025-11-20,25,18,Low Attendance
A018074,S16719,C050,2025-01-26,20,4,Low Attendance
A018075,S16824,C031,2025-05-31,25,8,Low Attendance
A018076,S03480,C013,2025-09-08,20,1,Low Attendance
A018077,S01318,C046,2025-05-06,30,12,Low Attendance
A018078,S06329,C037,2025-12-06,20,16,Present
A018079,S14503,C034,2025-11-13,15,2,Low Attendance
A018080,S07167,C033,2025-09-12,15,4,
A018081,S14994,C018,2025-05-30,30,30,Present
A018082,S13576,C002,2025-02-09,30,15,Low Attendance
A018083,S06133,C040,2025-12-05,15,2,Low Attendance
A018084,S02598,C040,2025-03-09,20,11,Low Attendance
A018085,S08733,C033,2025-10-12,20,0,Low Attendance
A018086,S13885,C001,2025-01-21,25,6,Low Attendance
A018087,S03502,C036,2025-09-11,10,7,Low Attendance
A018088,S09229,C043,2025-07-11,10,3,Low Attendance
A018089,S08001,C034,2025-01-12,10,7,Low Attendance
A018090,S05676,C042,2025-05-24,10,6,Low Attendance
A018091,S17730,C035,2025-01-12,20,14,Low Attendance
A018092,S19083,C036,2025-04-18,30,13,Low Attendance
A018093,S19859,C019,2025-12-23,20,1,Low Attendance
A018094,S01959,C044,2025-09-09,30,10,Low Attendance
A018095,S15799,C026,2025-01-22,15,10,Low Attendance
A018096,S09479,C025,2025-12-18,25,2,Low Attendance
A018097,S06554,C005,2025-07-21,15,7,Low Attendance
A018098,S03850,C014,2025-01-30,15,8,Low Attendance
A018099,S11245,C045,2025-05-01,30,8,Low Attendance
A018100,S05975,C016,2025-07-01,30,12,Low Attendance
A018101,S16222,C027,2025-08-18,20,0,Low Attendance
A018102,S06012,C006,2025-02-08,30,20,Low Attendance
A018103,S17996,C022,2025-07-07,15,11,Low Attendance
A018104,S10587,C025,2025-01-13,15,5,Low Attendance
A018105,S04307,C014,2025-01-08,15,1,Low Attendance
A018106,S14610,C019,2025-06-21,10,4,Low Attendance
A018107,S13103,C022,2025-09-01,10,3,
A018108,S11476,C029,2025-08-26,10,8,Present
A018109,S19155,C038,2025-07-27,30,30,Present
A018110,S08650,C024,2025-11-08,30,14,Low Attendance
A018111,S10111,C017,2025-07-05,20,18,Present
A018112,S12535,C038,2025-01-28,25,7,Low Attendance
A018113,S17893,C043,2025-05-20,15,5,Low Attendance
A018114,S03098,C044,2025-10-13,25,1,Low Attendance
A018115,S05162,C012,2025-11-20,25,24,Present
A018116,S11363,C004,2025-07-26,25,14,Low Attendance
A018117,S08447,C049,2025-10-07,30,25,Present
A018118,S00264,C044,2025-07-25,25,22,Present
A018119,S10261,C014,2025-03-05,20,16,Present
A018120,S14405,C039,2025-10-23,20,7,Low Attendance
A018121,S05543,C032,2025-07-21,30,29,Present
A018122,S02728,C043,2025-09-11,10,6,Low Attendance
A018123,S04251,C025,2025-10-25,20,13,Low Attendance
A018124,S07337,C010,2025-04-19,30,7,Low Attendance
A018125,S01214,C030,2025-05-12,20,13,Low Attendance
A018126,S14218,C005,2025-07-29,15,8,Low Attendance
A018127,S03380,C014,2025-03-07,10,2,Low Attendance
A018128,S11094,C018,2025-03-18,30,4,Low Attendance
A018129,S19316,C042,2025-12-02,15,8,Low Attendance
A018130,S17267,C006,2025-05-10,30,6,Low Attendance
A018131,S18267,C026,2025-04-02,30,17,Low Attendance
A018132,S04807,C013,2025-07-02,10,2,Low Attendance
A018133,S02722,C017,2025-03-14,25,14,Low Attendance
A018134,S03551,C014,2025-02-03,25,21,Present
A018135,S01890,C045,2025-04-22,10,1,Low Attendance
A018136,S19221,C016,2025-04-14,20,11,Low Attendance
A018137,S15282,C009,2025-12-24,10,5,Low Attendance
A018138,S12843,C043,2025-01-01,15,12,Present
A018139,S19813,C014,2025-05-19,20,5,Low Attendance
A018140,S13821,C013,2025-09-16,20,6,Low Attendance
A018141,S18479,C012,2025-12-22,30,25,Present
A018142,S15307,C011,2025-08-30,20,19,Present
A018143,S13464,C036,2025-04-30,30,11,Low Attendance
A018144,S12011,C043,2025-05-11,25,17,Low Attendance
A018145,S16476,C006,2025-02-20,30,2,Low Attendance
A018146,S18540,C036,2025-02-18,20,1,Low Attendance
A018147,S02301,C046,2025-11-17,30,30,Present
A018148,S09532,C016,2025-01-08,30,14,Low Attendance
A018149,S08460,C048,2025-08-16,15,15,Present
A018150,S10449,C037,2025-04-03,30,9,Low Attendance
A018151,S17606,C031,2025-04-07,25,2,Low Attendance
A018152,S18008,C035,2025-06-11,15,10,Low Attendance
A018153,S19681,C024,2025-04-06,20,8,Low Attendance
A018154,S04550,C018,2025-04-27,30,20,Low Attendance
A018155,S16818,C018,2025-01-08,25,10,Low Attendance
A018156,S02680,C040,2025-01-28,10,3,Low Attendance
A018157,S03466,C030,2025-07-05,30,27,Present
A018158,S14195,C041,2025-01-22,25,10,Low Attendance
A018159,S15411,C010,2025-01-08,15,11,Low Attendance
A018160,S10314,C024,2025-11-09,30,26,Present
A018161,S09251,C003,2025-05-24,25,5,Low Attendance
A018162,S12869,C026,2025-12-06,20,19,Present
A018163,S00310,C047,2025-10-04,15,5,Low Attendance
A018164,S17349,C045,2025-12-06,15,2,Low Attendance
A018165,S18644,C048,2025-02-28,15,14,Present
A018166,S18844,C005,2025-12-05,30,25,Present
A018167,S07638,C029,2025-07-22,15,2,Low Attendance
A018168,S04933,C049,2025-02-15,10,4,Low Attendance
A018169,S15183,C001,2025-12-17,20,2,Low Attendance
A018170,S05149,C044,2025-07-01,15,15,Present
A018171,S12106,C027,2025-11-04,15,10,Low Attendance
A018172,S14931,C004,2025-09-29,30,19,Low Attendance
A018173,S04360,C017,2025-07-28,25,15,Low Attendance
A018174,S03946,C011,2025-04-11,30,0,Low Attendance
A018175,S09714,C044,2025-11-29,15,7,Low Attendance
A018176,S14507,C050,2025-10-03,30,15,Low Attendance
A018177,S06966,C005,2025-01-14,30,13,Low Attendance
A018178,S08209,C039,2025-05-21,25,21,Present
A018179,S01999,C020,2025-04-19,30,30,Present
A018180,S12647,C005,2025-10-01,30,1,Low Attendance
A018181,S12406,C022,2025-09-15,15,13,Present
A018182,S15080,C023,2025-06-23,25,22,Present
A018183,S16844,C017,2025-02-17,15,0,Low Attendance
A018184,S05830,C039,2025-02-18,30,12,Low Attendance
A018185,S13056,C049,2025-10-09,30,29,Present
A018186,S01073,C016,2025-11-06,10,10,Present
A018187,S14679,C019,2025-11-15,30,8,Low Attendance
A018188,S16439,C029,2025-11-28,25,9,Low Attendance
A018189,S05972,C027,2025-04-11,10,3,Low Attendance
A018190,S11588,C041,2025-07-05,30,14,Low Attendance
A018191,S13494,C025,2025-03-16,15,0,Low Attendance
A018192,S04035,C033,2025-02-05,25,10,Low Attendance
A018193,S16371,C008,2025-08-10,30,3,Low Attendance
A018194,S06363,C010,2025-08-13,10,10,Present
A018195,S11765,C035,2025-02-08,30,27,Present
A018196,S17675,C047,2025-10-17,15,12,Present
A018197,S18789,C003,2025-03-31,20,13,Low Attendance
A018198,S09510,C050,2025-09-30,30,10,Low Attendance
A018199,S04183,C042,2025-02-17,10,4,Low Attendance
A018200,S15127,C023,2025-11-24,30,22,Low Attendance
A018201,S00849,C015,2025-05-03,25,14,Low Attendance
A018202,S13967,C038,2025-04-14,30,12,Low Attendance
A018203,S11750,C008,2025-08-01,30,20,Low Attendance
A018204,S03082,C016,2025-06-17,15,10,Low Attendance
A018205,S12214,C045,2025-08-01,20,5,Low Attendance
A018206,S03307,C010,2025-06-18,15,7,Low Attendance
A018207,S19420,C040,2025-11-28,10,1,Low Attendance
A018208,S18440,C012,2025-10-22,30,23,Present
A018209,S02445,C021,2025-05-05,25,21,Present
A018210,S16133,C036,2025-06-29,30,9,Low Attendance
A018211,S10549,C032,2025-07-04,25,1,Low Attendance
A018212,S09072,C043,2025-12-17,10,0,Low Attendance
A018213,S11837,C025,2025-11-07,15,12,Present
A018214,S00653,C045,2025-12-11,20,2,Low Attendance
A018215,S00880,C045,2025-10-28,20,6,Low Attendance
A018216,S09952,C027,2025-03-11,25,24,Present
A018217,S15149,C044,2025-06-18,30,12,Low Attendance
A018218,S11324,C022,2025-10-05,15,3,Low Attendance
A018219,S07568,C049,2025-11-03,20,8,Low Attendance
A018220,S12003,C037,2025-06-16,25,15,Low Attendance
A018221,S14329,C032,2025-06-23,30,22,Low Attendance
A018222,S01430,C003,2025-10-08,10,7,Low Attendance
A018223,S13527,C021,2025-09-07,30,8,Low Attendance
A018224,S09442,C010,2025-02-22,20,17,Present
A018225,S14637,C026,2025-03-20,25,22,Present
A018226,S09083,C021,2025-04-04,10,9,Present
A018227,S08735,C024,2025-10-15,25,20,Present
A018228,S19817,C004,2025-10-25,25,20,Present
A018229,S10694,C049,2025-06-13,30,6,Low Attendance
A018230,S13112,C030,2025-03-13,15,12,Present
A018231,S18385,C032,2025-10-21,25,20,Present
A018232,S07334,C034,2025-10-06,30,20,Low Attendance
A018233,S02530,C033,2025-08-03,30,19,Low Attendance
A018234,S06660,C017,2025-05-17,10,0,Low Attendance
A018235,S13765,C049,2025-12-30,15,9,Low Attendance
A018236,S05107,C031,2025-06-01,25,24,Present
A018237,S01563,C014,2025-03-17,20,15,Present
A018238,S02074,C017,2025-05-29,30,18,Low Attendance
A018239,S05315,C011,2025-09-17,30,8,Low Attendance
A018240,S07752,C016,2025-07-22,20,4,Low Attendance
A018241,S19098,C018,2025-04-19,20,3,Low Attendance
A018242,S19727,C025,2025-09-01,20,9,Low Attendance
A018243,S11075,C026,2025-07-04,10,8,Present
A018244,S19401,C047,2025-06-15,30,18,Low Attendance
A018245,S01947,C037,2025-06-02,25,15,Low Attendance
A018246,S04548,C045,2025-04-08,10,9,Present
A018247,S15088,C023,2025-03-19,15,14,Present
A018248,S02459,C016,2025-06-28,15,10,Low Attendance
A018249,S02101,C027,2025-08-25,20,14,Low Attendance
A018250,S15035,C030,2025-06-14,15,12,Present
A018251,S18784,C027,2025-01-19,10,3,Low Attendance
A018252,S19461,C003,2025-01-29,20,0,Low Attendance
A018253,S06304,C034,2025-11-25,25,6,Low Attendance
A018254,S06899,C038,2025-03-22,30,0,Low Attendance
A018255,S19211,C001,2025-12-05,20,7,Low Attendance
A018256,S02132,C048,2025-04-27,10,7,Low Attendance
A018257,S18874,C027,2025-05-27,30,19,Low Attendance
A018258,S18294,C006,2025-06-02,25,4,Low Attendance
A018259,S05080,C049,2025-09-22,20,8,Low Attendance
A018260,S08371,C034,2025-04-01,10,0,Low Attendance
A018261,S19173,C032,2025-11-20,30,5,Low Attendance
A018262,S06940,C032,2025-08-17,15,15,Present
A018263,S14435,C040,2025-08-12,20,12,Low Attendance
A018264,S11377,C029,2025-11-05,15,7,Low Attendance
A018265,S12872,C026,2025-12-25,20,7,Low Attendance
A018266,S13649,C021,2025-03-09,20,18,Present
A018267,S13603,C050,2025-01-30,10,2,Low Attendance
A018268,S01078,C032,2025-07-17,30,28,Present
A018269,S06386,C008,2025-07-27,15,12,Present
A018270,S10002,C010,2025-02-22,10,3,Low Attendance
A018271,S01104,C013,2025-12-26,10,7,Low Attendance
A018272,S05029,C047,2025-09-07,30,28,Present
A018273,S07963,C015,2025-12-31,10,1,Low Attendance
A018274,S15893,C008,2025-06-02,25,25,Present
A018275,S17625,C007,2025-10-13,30,10,Low Attendance
A018276,S17281,C024,2025-05-18,25,18,Low Attendance
A018277,S09619,C030,2025-10-19,10,4,Low Attendance
A018278,S04647,C013,2025-04-02,25,4,Low Attendance
A018279,S17921,C003,2025-09-28,30,8,Low Attendance
A018280,S15384,C046,2025-01-19,25,25,Present
A018281,S03099,C007,2025-07-22,10,8,Present
A018282,S19263,C040,2025-12-31,20,4,Low Attendance
A018283,S10936,C007,2025-07-01,15,4,Low Attendance
A018284,S06506,C005,2025-06-08,20,5,Low Attendance
A018285,S07593,C031,2025-08-23,15,15,Present
A018286,S09351,C040,2025-05-20,15,13,Present
A018287,S15234,C020,2025-04-07,10,0,Low Attendance
A018288,S15819,C018,2025-06-30,30,14,Low Attendance
A018289,S03657,C047,2025-04-23,25,6,Low Attendance
A018290,S06876,C041,2025-03-21,15,3,Low Attendance
A018291,S17892,C025,2025-07-23,25,21,Present
A018292,S19681,C041,2025-02-11,30,5,Low Attendance
A018293,S07367,C043,2025-12-26,30,4,Low Attendance
A018294,S17838,C009,2025-12-11,30,10,Low Attendance
A018295,S01902,C029,2025-09-13,20,17,Present
A018296,S15797,C016,2025-06-12,25,12,Low Attendance
A018297,S09031,C016,2025-07-15,10,6,Low Attendance
A018298,S15134,C042,2025-01-29,30,13,Low Attendance
A018299,S03284,C039,2025-01-20,30,3,Low Attendance
A018300,S11538,C050,2025-01-18,10,3,Low Attendance
A018301,S17850,C004,2025-12-08,15,9,Low Attendance
A018302,S08623,C026,2025-03-08,20,11,Low Attendance
A018303,S01613,C042,2025-01-21,25,4,Low Attendance
A018304,S17829,C047,2025-07-30,30,28,Present
A018305,S04300,C049,2025-02-14,20,13,Low Attendance
A018306,S06180,C033,2025-02-15,10,2,Low Attendance
A018307,S05791,C043,2025-02-22,20,18,Present
A018308,S19458,C018,2025-05-11,25,5,Low Attendance
A018309,S19022,C021,2025-06-28,25,6,Low Attendance
A018310,S08815,C012,2025-10-23,10,3,Low Attendance
A018311,S02286,C012,2025-02-23,30,20,Low Attendance
A018312,S07280,C002,2025-03-30,15,0,Low Attendance
A018313,S07525,C013,2025-07-28,30,14,Low Attendance
A018314,S16121,C012,2025-09-18,15,10,Low Attendance
A018315,S02402,C030,2025-08-09,25,7,Low Attendance
A018316,S03230,C022,2025-06-05,15,5,Low Attendance
A018317,S19500,C050,2025-01-07,25,21,Present
A018318,S11776,C019,2025-07-31,20,6,Low Attendance
A018319,S14824,C020,2025-11-14,30,18,Low Attendance
A018320,S13535,C035,2025-10-04,20,0,Low Attendance
A018321,S07192,C036,2025-12-28,25,22,Present
A018322,S00260,C007,2025-02-22,30,17,Low Attendance
A018323,S09503,C004,2025-11-07,25,11,Low Attendance
A018324,S14827,C015,2025-01-16,30,13,Low Attendance
A018325,S07587,C025,2025-07-02,20,4,Low Attendance
A018326,S11107,C047,2025-10-20,10,1,Low Attendance
A018327,S01719,C006,2025-03-11,30,9,Low Attendance
A018328,S16438,C035,2025-07-05,30,20,Low Attendance
A018329,S15397,C044,2025-11-23,30,14,Low Attendance
A018330,S16453,C013,2025-12-11,30,23,Present
A018331,S19633,C030,2025-12-22,25,13,Low Attendance
A018332,S06990,C019,2025-07-28,30,24,Present
A018333,S09551,C040,2025-09-24,15,4,Low Attendance
A018334,S01133,C049,2025-01-29,15,9,Low Attendance
A018335,S08589,C025,2025-04-15,20,10,Low Attendance
A018336,S05833,C027,2025-07-13,20,2,Low Attendance
A018337,S06189,C035,2025-12-21,10,6,Low Attendance
A018338,S06554,C026,2025-07-29,25,2,Low Attendance
A018339,S00666,C004,2025-01-02,30,25,Present
A018340,S06203,C042,2025-08-02,25,17,Low Attendance
A018341,S00888,C019,2025-06-24,25,16,Low Attendance
A018342,S00954,C020,2025-06-07,20,2,Low Attendance
A018343,S07345,C039,2025-11-14,15,11,Low Attendance
A018344,S00475,C005,2025-01-10,30,7,Low Attendance
A018345,S09254,C037,2025-04-24,10,5,Low Attendance
A018346,S01136,C014,2025-11-29,30,27,Present
A018347,S19744,C014,2025-09-04,10,6,Low Attendance
A018348,S02441,C015,2025-12-25,10,0,Low Attendance
A018349,S12981,C021,2025-11-20,30,26,Present
A018350,S04041,C035,2025-02-12,25,11,Low Attendance
A018351,S19425,C015,2025-07-16,30,24,Present
A018352,S07710,C039,2025-08-26,15,12,Present
A018353,S13806,C001,2025-06-16,15,0,Low Attendance
A018354,S08961,C024,2025-03-29,25,10,Low Attendance
A018355,S13837,C025,2025-01-28,15,10,Low Attendance
A018356,S11709,C031,2025-11-22,25,10,Low Attendance
A018357,S01837,C027,2025-06-13,15,11,Low Attendance
A018358,S00296,C013,2025-09-13,30,5,Low Attendance
A018359,S04255,C041,2025-10-02,15,3,Low Attendance
A018360,S14414,C042,2025-03-20,30,2,Low Attendance
A018361,S00641,C024,2025-08-02,20,9,
A018362,S10509,C026,2025-02-22,25,13,Low Attendance
A018363,S12920,C005,2025-05-04,15,0,Low Attendance
A018364,S02889,C023,2025-11-29,10,2,Low Attendance
A018365,S01988,C037,2025-02-06,10,7,Low Attendance
A018366,S16307,C023,2025-04-14,15,6,Low Attendance
A018367,S18330,C005,2025-05-01,20,10,Low Attendance
A018368,S05392,C022,2025-04-07,20,8,Low Attendance
A018369,S07222,C019,2025-07-13,25,11,Low Attendance
A018370,S10982,C040,2025-05-01,10,5,Low Attendance
A018371,S14107,C047,2025-09-20,30,30,Present
A018372,S06396,C046,2025-11-10,25,21,Present
A018373,S04622,C005,2025-03-10,20,3,Low Attendance
A018374,S14644,C019,2025-07-23,25,23,Present
A018375,S18588,C014,2025-10-12,10,9,Present
A018376,S17301,C023,2025-02-09,10,3,Low Attendance
A018377,S13301,C025,2025-08-22,20,0,Low Attendance
A018378,S03698,C015,2025-10-30,25,23,Present
A018379,S16848,C021,2025-09-15,10,8,Present
A018380,S07878,C043,2025-07-14,20,2,Low Attendance
A018381,S12134,C043,2025-10-25,15,11,Low Attendance
A018382,S16547,C041,2025-08-26,20,16,Present
A018383,S14945,C046,2025-01-27,30,6,Low Attendance
A018384,S01950,C024,2025-10-10,30,29,Present
A018385,S10509,C028,2025-11-09,20,8,Low Attendance
A018386,S02394,C037,2025-10-31,30,20,Low Attendance
A018387,S13479,C011,2025-07-24,25,3,Low Attendance
A018388,S11067,C028,2025-02-18,10,1,Low Attendance
A018389,S00452,C020,2025-12-15,10,6,Low Attendance
A018390,S14766,C020,2025-03-24,10,4,Low Attendance
A018391,S17428,C021,2025-01-27,10,4,Low Attendance
A018392,S15875,C013,2025-05-09,15,12,Present
A018393,S04818,C031,2025-07-25,20,8,Low Attendance
A018394,S07556,C017,2025-03-23,25,17,Low Attendance
A018395,S18367,C039,2025-06-28,20,11,Low Attendance
A018396,S19691,C017,2025-08-19,15,15,Present
A018397,S08195,C007,2025-11-10,10,7,Low Attendance
A018398,S19162,C046,2025-07-14,20,1,Low Attendance
A018399,S03523,C017,2025-04-07,30,8,Low Attendance
A018400,S17956,C041,2025-12-16,20,5,Low Attendance
A018401,S13775,C042,2025-11-29,15,4,Low Attendance
A018402,S08841,C049,2025-02-02,10,6,Low Attendance
A018403,S13990,C022,2025-08-14,15,10,Low Attendance
A018404,S01985,C019,2025-01-18,20,18,Present
A018405,S07098,C019,2025-11-18,30,25,Present
A018406,S08582,C015,2025-08-25,30,12,Low Attendance
A018407,S12443,C017,2025-12-09,25,2,Low Attendance
A018408,S03983,C037,2025-08-12,10,1,Low Attendance
A018409,S09108,C019,2025-02-19,15,0,Low Attendance
A018410,S05457,C038,2025-07-24,20,17,Present
A018411,S14199,C030,2025-09-21,25,12,Low Attendance
A018412,S10143,C031,2025-07-09,25,3,Low Attendance
A018413,S10603,C006,2025-10-04,25,11,Low Attendance
A018414,S04544,C029,2025-07-18,30,30,Present
A018415,S04554,C031,2025-09-13,10,6,Low Attendance
A018416,S15518,C007,2025-03-28,20,8,Low Attendance
A018417,S13001,C022,2025-03-24,30,18,Low Attendance
A018418,S17377,C043,2025-08-17,20,16,Present
A018419,S16836,C029,2025-04-22,30,7,Low Attendance
A018420,S09021,C005,2025-04-05,10,7,Low Attendance
A018421,S00379,C017,2025-02-14,20,1,Low Attendance
A018422,S14668,C016,2025-07-12,20,5,Low Attendance
A018423,S07530,C020,2025-04-21,25,4,Low Attendance
A018424,S16000,C022,2025-07-05,20,5,Low Attendance
A018425,S09128,C038,2025-10-21,20,9,Low Attendance
A018426,S06101,C045,2025-11-02,25,10,Low Attendance
A018427,S06175,C041,2025-07-27,10,5,Low Attendance
A018428,S19243,C005,2025-01-27,25,12,Low Attendance
A018429,S10302,C017,2025-06-08,20,20,Present
A018430,S12680,C029,2025-02-04,15,15,Present
A018431,S12474,C005,2025-12-29,15,15,Present
A018432,S17855,C019,2025-11-20,10,1,Low Attendance
A018433,S03160,C019,2025-02-20,25,7,Low Attendance
A018434,S13798,C003,2025-06-24,30,13,Low Attendance
A018435,S04865,C034,2025-11-14,15,11,Low Attendance
A018436,S03595,C021,2025-04-23,20,12,Low Attendance
A018437,S02898,C044,2025-05-29,20,3,Low Attendance
A018438,S02702,C005,2025-12-30,10,10,Present
A018439,S02353,C014,2025-06-06,20,8,Low Attendance
A018440,S00614,C032,2025-02-07,10,6,Low Attendance
A018441,S02006,C002,2025-01-27,20,18,Present
A018442,S13062,C035,2025-06-07,10,1,Low Attendance
A018443,S06814,C019,2025-06-29,15,9,Low Attendance
A018444,S11469,C025,2025-01-15,30,3,Low Attendance
A018445,S14843,C023,2025-09-13,10,8,Present
A018446,S03607,C038,2025-12-12,30,9,Low Attendance
A018447,S12603,C021,2025-08-16,30,22,Low Attendance
A018448,S08726,C016,2025-12-07,10,6,Low Attendance
A018449,S13413,C049,2025-09-10,25,6,Low Attendance
A018450,S02197,C043,2025-01-25,30,21,Low Attendance
A018451,S08552,C019,2025-11-19,25,9,Low Attendance
A018452,S19814,C043,2025-06-28,10,2,Low Attendance
A018453,S11257,C004,2025-08-07,15,8,Low Attendance
A018454,S05008,C006,2025-04-02,30,25,Present
A018455,S19767,C049,2025-07-18,25,4,Low Attendance
A018456,S04714,C015,2025-07-28,20,0,Low Attendance
A018457,S02871,C008,2025-12-01,15,9,Low Attendance
A018458,S08251,C023,2025-06-27,15,9,Low Attendance
A018459,S16413,C013,2025-01-23,30,25,Present
A018460,S08392,C034,2025-08-28,15,5,Low Attendance
A018461,S13061,C039,2025-11-16,20,8,Low Attendance
A018462,S12220,C012,2025-07-21,25,9,Low Attendance
A018463,S03140,C027,2025-01-07,15,11,Low Attendance
A018464,S14551,C020,2025-09-11,20,3,Low Attendance
A018465,S01724,C017,2025-04-04,10,9,Present
A018466,S04855,C004,2025-08-01,25,14,Low Attendance
A018467,S00474,C040,2025-09-04,25,24,Present
A018468,S13367,C012,2025-01-06,15,6,Low Attendance
A018469,S19341,C010,2025-12-04,10,5,Low Attendance
A018470,S06301,C015,2025-12-20,15,4,Low Attendance
A018471,S04805,C007,2025-06-14,15,1,Low Attendance
A018472,S01445,C003,2025-12-15,20,1,Low Attendance
A018473,S15964,C006,2025-09-07,20,15,Present
A018474,S01828,C006,2025-09-12,25,7,Low Attendance
A018475,S14727,C048,2025-12-09,30,23,Present
A018476,S00901,C050,2025-12-15,10,7,Low Attendance
A018477,S12108,C047,2025-07-31,30,5,Low Attendance
A018478,S14152,C002,2025-09-20,20,1,Low Attendance
A018479,S08233,C007,2025-07-14,30,21,Low Attendance
A018480,S00807,C044,2025-07-17,20,5,Low Attendance
A018481,S07254,C033,2025-04-08,10,5,Low Attendance
A018482,S01395,C030,2025-10-08,15,8,Low Attendance
A018483,S13065,C017,2025-11-14,20,0,Low Attendance
A018484,S17043,C021,2025-07-11,15,11,Low Attendance
A018485,S05779,C015,2025-10-14,15,10,Low Attendance
A018486,S11969,C016,2025-03-06,30,27,Present
A018487,S19326,C029,2025-08-02,25,4,Low Attendance
A018488,S06703,C039,2025-01-15,30,19,Low Attendance
A018489,S00182,C016,2025-12-25,10,7,Low Attendance
A018490,S02743,C040,2025-02-04,15,4,Low Attendance
A018491,S18840,C005,2025-07-01,25,22,Present
A018492,S18541,C026,2025-07-04,30,3,Low Attendance
A018493,S01448,C028,2025-11-14,20,0,Low Attendance
A018494,S05322,C042,2025-06-22,25,5,Low Attendance
A018495,S11922,C003,2025-06-27,20,8,Low Attendance
A018496,S02109,C007,2025-09-03,15,15,Present
A018497,S04982,C047,2025-01-20,10,0,Low Attendance
A018498,S01989,C008,2025-09-12,20,3,Low Attendance
A018499,S13351,C035,2025-07-05,10,1,Low Attendance
A018500,S19357,C024,2025-02-03,10,8,Present
A018501,S13075,C036,2025-09-01,15,3,Low Attendance
A018502,S17204,C018,2025-04-18,30,19,Low Attendance
A018503,S11623,C004,2025-08-10,20,18,Present
A018504,S14699,C001,2025-09-26,25,9,Low Attendance
A018505,S15793,C032,2025-06-21,30,15,Low Attendance
A018506,S02875,C002,2025-11-30,25,23,Present
A018507,S02410,C008,2025-12-20,20,19,Present
A018508,S04236,C036,2025-06-02,25,18,Low Attendance
A018509,S05598,C041,2025-10-09,10,8,Present
A018510,S02104,C026,2025-03-30,25,18,Low Attendance
A018511,S06741,C004,2025-02-22,15,1,Low Attendance
A018512,S16521,C040,2025-12-29,25,23,Present
A018513,S05311,C009,2025-12-11,15,10,Low Attendance
A018514,S00766,C036,2025-01-20,25,7,Low Attendance
A018515,S14121,C012,2025-05-28,15,10,Low Attendance
A018516,S00991,C029,2025-11-03,30,1,Low Attendance
A018517,S15010,C033,2025-11-06,25,21,Present
A018518,S10626,C011,2025-03-17,30,27,Present
A018519,S11226,C030,2025-10-11,15,11,Low Attendance
A018520,S12315,C041,2025-02-14,10,4,Low Attendance
A018521,S06910,C042,2025-07-22,25,20,Present
A018522,S03838,C046,2025-08-02,25,12,Low Attendance
A018523,S06884,C030,2025-08-06,25,3,Low Attendance
A018524,S01938,C008,2025-06-06,15,8,Low Attendance
A018525,S02435,C008,2025-02-10,15,1,Low Attendance
A018526,S18169,C047,2025-10-02,15,2,Low Attendance
A018527,S07208,C017,2025-09-14,25,23,Present
A018528,S02597,C007,2025-11-15,10,9,Present
A018529,S14613,C037,2025-06-28,10,0,Low Attendance
A018530,S09374,C006,2025-01-05,15,15,Present
A018531,S16342,C031,2025-01-26,25,11,Low Attendance
A018532,S16710,C011,2025-03-09,10,5,Low Attendance
A018533,S08550,C032,2025-02-24,20,12,Low Attendance
A018534,S03194,C024,2025-02-05,20,10,Low Attendance
A018535,S15204,C024,2025-02-02,20,8,Low Attendance
A018536,S15611,C038,2025-01-15,15,4,Low Attendance
A018537,S12233,C050,2025-08-21,25,19,Present
A018538,S05120,C006,2025-08-08,20,20,Present
A018539,S19395,C031,2025-03-04,25,3,Low Attendance
A018540,S17226,C039,2025-05-17,15,2,Low Attendance
A018541,S11837,C019,2025-11-05,10,2,Low Attendance
A018542,S04357,C022,2025-04-07,30,1,Low Attendance
A018543,S06724,C014,2025-03-04,25,14,Low Attendance
A018544,S13815,C032,2025-05-07,30,12,Low Attendance
A018545,S04535,C045,2025-05-17,25,25,Present
A018546,S09977,C033,2025-11-15,10,7,Low Attendance
A018547,S16477,C030,2025-08-11,25,0,Low Attendance
A018548,S09610,C038,2025-05-16,30,9,Low Attendance
A018549,S18274,C009,2025-10-11,20,2,Low Attendance
A018550,S01819,C018,2025-08-16,15,15,Present
A018551,S09447,C043,2025-08-29,30,5,Low Attendance
A018552,S02368,C022,2025-11-26,20,2,Low Attendance
A018553,S19432,C025,2025-07-05,15,10,Low Attendance
A018554,S04587,C011,2025-07-13,30,26,Present
A018555,S18522,C019,2025-07-03,30,4,Low Attendance
A018556,S04887,C031,2025-08-18,30,15,Low Attendance
A018557,S17483,C015,2025-09-30,25,0,Low Attendance
A018558,S04716,C041,2025-02-09,10,7,Low Attendance
A018559,S00702,C001,2025-11-25,20,9,Low Attendance
A018560,S00233,C024,2025-12-05,10,2,Low Attendance
A018561,S01326,C048,2025-08-29,10,3,Low Attendance
A018562,S18004,C034,2025-03-19,15,2,Low Attendance
A018563,S06175,C023,2025-08-30,30,16,Low Attendance
A018564,S05988,C009,2025-11-23,25,20,Present
A018565,S07192,C019,2025-12-19,20,6,Low Attendance
A018566,S10578,C016,2025-03-07,15,0,Low Attendance
A018567,S19739,C032,2025-03-25,25,12,Low Attendance
A018568,S12892,C011,2025-06-24,20,19,Present
A018569,S04623,C008,2025-10-30,10,2,Low Attendance
A018570,S19408,C040,2025-09-26,30,10,Low Attendance
A018571,S19677,C014,2025-04-27,30,30,Present
A018572,S16349,C018,2025-08-08,10,9,Present
A018573,S12400,C013,2025-08-21,25,24,Present
A018574,S18739,C020,2025-12-21,10,4,Low Attendance
A018575,S17357,C003,2025-08-17,15,3,Low Attendance
A018576,S06536,C020,2025-03-12,20,2,Low Attendance
A018577,S16938,C050,2025-01-17,30,19,Low Attendance
A018578,S16069,C037,2025-03-27,10,1,Low Attendance
A018579,S19046,C032,2025-05-27,10,2,Low Attendance
A018580,S11324,C034,2025-11-26,30,2,Low Attendance
A018581,S15839,C019,2025-02-02,30,16,Low Attendance
A018582,S15505,C045,2025-09-30,30,26,Present
A018583,S07350,C044,2025-07-10,15,5,Low Attendance
A018584,S17615,C007,2025-01-20,20,3,Low Attendance
A018585,S06978,C012,2025-11-11,10,7,Low Attendance
A018586,S14830,C042,2025-07-12,30,16,Low Attendance
A018587,S03817,C045,2025-01-17,20,5,Low Attendance
A018588,S02312,C022,2025-10-22,15,14,Present
A018589,S06365,C043,2025-02-28,15,14,Present
A018590,S03783,C025,2025-12-25,20,18,Present
A018591,S07477,C030,2025-04-05,10,1,Low Attendance
A018592,S15475,C013,2025-11-14,10,5,Low Attendance
A018593,S11837,C046,2025-08-19,25,0,Low Attendance
A018594,S11409,C018,2025-02-02,30,26,Present
A018595,S10489,C045,2025-06-16,25,10,Low Attendance
A018596,S11333,C004,2025-12-10,10,0,Low Attendance
A018597,S09688,C045,2025-01-11,10,4,Low Attendance
A018598,S09915,C034,2025-09-30,20,3,Low Attendance
A018599,S15334,C031,2025-12-26,20,17,Present
A018600,S08934,C045,2025-02-01,10,0,Low Attendance
A018601,S19647,C017,2025-05-19,20,8,Low Attendance
A018602,S08667,C014,2025-11-13,30,13,Low Attendance
A018603,S12238,C012,2025-04-05,30,9,Low Attendance
A018604,S12403,C039,2025-03-16,15,2,Low Attendance
A018605,S08902,C011,2025-02-19,25,20,Present
A018606,S06690,C043,2025-01-05,10,8,Present
A018607,S17860,C043,2025-03-22,30,1,Low Attendance
A018608,S10691,C031,2025-10-17,20,9,Low Attendance
A018609,S01569,C034,2025-12-27,30,14,Low Attendance
A018610,S03678,C010,2025-06-19,20,20,Present
A018611,S12587,C022,2025-10-22,10,1,Low Attendance
A018612,S07008,C049,2025-01-28,25,24,Present
A018613,S14592,C016,2025-01-20,10,5,Low Attendance
A018614,S06666,C037,2025-12-20,30,1,Low Attendance
A018615,S05996,C038,2025-11-12,10,6,Low Attendance
A018616,S12161,C020,2025-06-03,20,12,Low Attendance
A018617,S04020,C050,2025-09-15,10,1,Low Attendance
A018618,S04829,C013,2025-05-16,20,14,Low Attendance
A018619,S16445,C037,2025-07-11,20,18,Present
A018620,S01363,C035,2025-12-22,25,10,Low Attendance
A018621,S02857,C039,2025-05-18,30,4,Low Attendance
A018622,S08321,C045,2025-07-02,30,12,Low Attendance
A018623,S12926,C036,2025-08-10,20,6,Low Attendance
A018624,S16283,C045,2025-04-28,15,12,Present
A018625,S08693,C019,2025-01-24,15,5,Low Attendance
A018626,S13137,C034,2025-03-07,15,3,Low Attendance
A018627,S05591,C008,2025-03-29,30,28,Present
A018628,S15541,C024,2025-09-26,15,1,Low Attendance
A018629,S12957,C040,2025-12-30,20,4,Low Attendance
A018630,S11222,C048,2025-07-28,20,3,Low Attendance
A018631,S00440,C023,2025-12-21,10,4,Low Attendance
A018632,S10064,C045,2025-07-30,10,8,Present
A018633,S05191,C020,2025-08-30,20,3,Low Attendance
A018634,S09667,C028,2025-04-02,20,18,Present
A018635,S15887,C027,2025-02-21,15,10,Low Attendance
A018636,S05609,C050,2025-08-18,30,8,Low Attendance
A018637,S19211,C038,2025-07-25,25,6,Low Attendance
A018638,S05855,C037,2025-02-22,30,22,Low Attendance
A018639,S09001,C035,2025-03-28,20,13,Low Attendance
A018640,S12139,C038,2025-01-26,15,7,Low Attendance
A018641,S18063,C012,2025-05-05,30,17,Low Attendance
A018642,S16184,C032,2025-05-22,10,6,Low Attendance
A018643,S11070,C010,2025-12-19,25,9,Low Attendance
A018644,S01469,C022,2025-02-14,25,24,Present
A018645,S17350,C014,2025-05-06,25,25,Present
A018646,S00964,C025,2025-03-18,10,2,Low Attendance
A018647,S12912,C046,2025-02-06,30,7,Low Attendance
A018648,S14126,C023,2025-04-15,25,0,Low Attendance
A018649,S07460,C018,2025-10-22,20,10,Low Attendance
A018650,S18022,C035,2025-01-01,15,13,Present
A018651,S15815,C026,2025-06-23,10,6,Low Attendance
A018652,S03562,C044,2025-10-25,30,14,Low Attendance
A018653,S02331,C020,2025-09-21,25,2,Low Attendance
A018654,S08240,C019,2025-08-15,20,8,Low Attendance
A018655,S14758,C047,2025-10-13,15,1,Low Attendance
A018656,S10245,C031,2025-06-17,15,2,Low Attendance
A018657,S09660,C048,2025-11-18,10,5,Low Attendance
A018658,S07602,C037,2025-02-01,30,19,Low Attendance
A018659,S18169,C037,2025-07-27,20,3,
A018660,S06260,C018,2025-05-13,25,21,Present
A018661,S09281,C019,2025-12-26,10,2,Low Attendance
A018662,S08110,C013,2025-03-31,25,2,Low Attendance
A018663,S16048,C003,2025-11-08,10,8,Present
A018664,S14899,C008,2025-11-03,15,6,Low Attendance
A018665,S18877,C005,2025-02-02,25,8,Low Attendance
A018666,S17492,C026,2025-06-25,15,3,Low Attendance
A018667,S16663,C022,2025-07-21,25,11,Low Attendance
A018668,S07625,C048,2025-09-22,15,15,Present
A018669,S02275,C043,2025-08-17,25,20,Present
A018670,S17773,C036,2025-02-20,20,7,Low Attendance
A018671,S15683,C017,2025-02-15,20,12,Low Attendance
A018672,S15520,C009,2025-06-09,30,12,Low Attendance
A018673,S01187,C040,2025-06-24,20,12,Low Attendance
A018674,S13245,C034,2025-11-11,20,7,Low Attendance
A018675,S03233,C009,2025-08-13,30,15,Low Attendance
A018676,S18908,C020,2025-10-16,20,18,Present
A018677,S05600,C027,2025-07-07,20,1,Low Attendance
A018678,S14957,C042,2025-01-14,30,25,Present
A018679,S17139,C048,2025-01-05,30,17,Low Attendance
A018680,S18413,C048,2025-04-08,20,14,Low Attendance
A018681,S01097,C031,2025-06-26,25,1,Low Attendance
A018682,S11632,C012,2025-09-17,10,10,Present
A018683,S02459,C013,2025-08-10,30,0,Low Attendance
A018684,S13699,C046,2025-11-18,25,10,Low Attendance
A018685,S03721,C029,2025-02-28,20,0,Low Attendance
A018686,S11966,C034,2025-01-28,25,0,Low Attendance
A018687,S11205,C044,2025-12-02,15,4,Low Attendance
A018688,S16910,C002,2025-05-14,30,10,Low Attendance
A018689,S15163,C034,2025-05-15,20,5,Low Attendance
A018690,S16958,C042,2025-10-18,30,1,Low Attendance
A018691,S11963,C030,2025-07-19,20,7,Low Attendance
A018692,S03932,C048,2025-07-23,25,8,Low Attendance
A018693,S11025,C034,2025-09-10,20,10,Low Attendance
A018694,S12102,C039,2025-11-25,15,6,Low Attendance
A018695,S19384,C036,2025-03-24,25,12,Low Attendance
A018696,S12980,C037,2025-04-28,30,12,Low Attendance
A018697,S19254,C008,2025-07-14,20,1,Low Attendance
A018698,S01174,C025,2025-12-15,20,15,Present
A018699,S17238,C050,2025-09-13,10,5,Low Attendance
A018700,S04674,C030,2025-06-29,10,3,Low Attendance
A018701,S16738,C045,2025-01-02,15,4,Low Attendance
A018702,S18085,C015,2025-08-17,20,4,Low Attendance
A018703,S02072,C049,2025-08-21,15,8,Low Attendance
A018704,S17723,C044,2025-01-30,30,4,Low Attendance
A018705,S05921,C018,2025-09-25,10,8,Present
A018706,S12444,C009,2025-07-17,15,0,Low Attendance
A018707,S17409,C049,2025-11-26,30,17,Low Attendance
A018708,S07225,C033,2025-01-21,20,5,Low Attendance
A018709,S18362,C031,2025-03-06,10,2,Low Attendance
A018710,S03821,C042,2025-04-18,20,16,Present
A018711,S18735,C014,2025-05-20,20,6,Low Attendance
A018712,S17138,C012,2025-12-01,20,8,Low Attendance
A018713,S09213,C029,2025-02-17,30,2,Low Attendance
A018714,S03077,C014,2025-06-02,30,6,Low Attendance
A018715,S06963,C034,2025-09-21,10,8,Present
A018716,S15066,C020,2025-03-26,25,5,Low Attendance
A018717,S08891,C048,2025-03-23,20,16,Present
A018718,S15907,C015,2025-10-03,30,2,Low Attendance
A018719,S12234,C023,2025-05-18,10,0,Low Attendance
A018720,S13872,C009,2025-07-07,25,15,Low Attendance
A018721,S00880,C034,2025-09-03,15,4,Low Attendance
A018722,S03831,C022,2025-06-29,30,16,Low Attendance
A018723,S10959,C036,2025-10-17,15,15,Present
A018724,S19378,C048,2025-09-30,25,2,Low Attendance
A018725,S10685,C046,2025-07-05,25,16,Low Attendance
A018726,S11347,C002,2025-08-04,30,23,Present
A018727,S02821,C040,2025-11-16,20,11,Low Attendance
A018728,S01654,C036,2025-01-03,15,10,Low Attendance
A018729,S05966,C042,2025-12-28,20,6,Low Attendance
A018730,S08463,C029,2025-10-18,20,12,Low Attendance
A018731,S05117,C040,2025-05-28,10,0,Low Attendance
A018732,S16520,C046,2025-01-09,10,6,Low Attendance
A018733,S12500,C023,2025-05-28,10,0,Low Attendance
A018734,S09642,C027,2025-08-27,15,8,Low Attendance
A018735,S19406,C006,2025-10-19,25,2,Low Attendance
A018736,S09609,C003,2025-04-11,30,18,Low Attendance
A018737,S04540,C010,2025-04-04,30,21,Low Attendance
A018738,S13683,C043,2025-08-04,30,22,Low Attendance
A018739,S14628,C033,2025-08-10,10,6,Low Attendance
A018740,S18991,C011,2025-01-21,15,11,Low Attendance
A018741,S18238,C004,2025-09-18,30,20,Low Attendance
A018742,S13603,C011,2025-02-06,20,19,Present
A018743,S15945,C028,2025-01-13,15,11,Low Attendance
A018744,S14382,C048,2025-02-09,20,15,Present
A018745,S00326,C020,2025-01-17,15,10,Low Attendance
A018746,S03289,C008,2025-10-31,20,19,Present
A018747,S17592,C040,2025-05-17,30,0,Low Attendance
A018748,S09314,C010,2025-08-12,15,8,Low Attendance
A018749,S18466,C038,2025-02-02,25,0,Low Attendance
A018750,S07871,C015,2025-07-15,30,7,Low Attendance
A018751,S04685,C028,2025-06-20,30,11,Low Attendance
A018752,S08339,C028,2025-12-07,30,14,Low Attendance
A018753,S15379,C033,2025-06-27,25,18,Low Attendance
A018754,S19493,C002,2025-11-22,20,17,Present
A018755,S18487,C006,2025-03-23,25,18,Low Attendance
A018756,S19274,C012,2025-12-02,20,13,Low Attendance
A018757,S14148,C035,2025-05-29,20,18,Present
A018758,S11124,C018,2025-12-10,25,8,Low Attendance
A018759,S19912,C005,2025-07-05,15,8,Low Attendance
A018760,S04816,C025,2025-02-17,30,24,Present
A018761,S13894,C019,2025-03-25,15,5,Low Attendance
A018762,S05825,C002,2025-06-15,10,9,Present
A018763,S00798,C011,2025-10-20,15,8,Low Attendance
A018764,S13975,C026,2025-08-31,25,13,Low Attendance
A018765,S12475,C015,2025-08-08,30,19,Low Attendance
A018766,S05277,C025,2025-09-09,20,0,Low Attendance
A018767,S04345,C030,2025-02-25,10,3,Low Attendance
A018768,S17735,C012,2025-08-28,10,4,Low Attendance
A018769,S04622,C038,2025-09-22,30,1,Low Attendance
A018770,S00569,C024,2025-11-02,15,2,Low Attendance
A018771,S11455,C025,2025-04-28,20,17,Present
A018772,S16215,C010,2025-09-10,25,4,Low Attendance
A018773,S12622,C036,2025-06-22,10,8,Present
A018774,S15465,C030,2025-03-07,25,4,Low Attendance
A018775,S02212,C021,2025-03-02,30,1,Low Attendance
A018776,S01509,C046,2025-04-17,15,12,Present
A018777,S12952,C038,2025-04-22,15,13,Present
A018778,S12174,C036,2025-12-15,25,16,Low Attendance
A018779,S13367,C014,2025-10-20,30,23,Present
A018780,S04087,C035,2025-08-13,15,9,Low Attendance
A018781,S02595,C043,2025-02-05,10,4,Low Attendance
A018782,S04290,C023,2025-05-10,25,21,Present
A018783,S09686,C013,2025-10-12,30,0,Low Attendance
A018784,S12274,C024,2025-02-21,20,8,Low Attendance
A018785,S17104,C006,2025-02-13,20,12,Low Attendance
A018786,S02120,C040,2025-11-19,15,5,Low Attendance
A018787,S17696,C023,2025-08-25,10,6,Low Attendance
A018788,S08327,C001,2025-12-22,15,9,Low Attendance
A018789,S14707,C015,2025-08-24,30,22,Low Attendance
A018790,S12549,C028,2025-03-02,10,6,Low Attendance
A018791,S18044,C005,2025-06-09,20,19,Present
A018792,S12135,C018,2025-10-05,15,15,Present
A018793,S02653,C007,2025-02-12,15,4,Low Attendance
A018794,S09235,C004,2025-11-15,10,2,Low Attendance
A018795,S10974,C002,2025-05-11,25,22,Present
A018796,S11586,C013,2025-09-01,25,4,Low Attendance
A018797,S16888,C049,2025-08-08,15,5,Low Attendance
A018798,S19381,C041,2025-01-10,10,9,Present
A018799,S13448,C044,2025-05-07,20,14,Low Attendance
A018800,S12964,C015,2025-07-11,20,8,Low Attendance
A018801,S09768,C003,2025-10-06,30,8,Low Attendance
A018802,S13867,C007,2025-09-09,10,0,Low Attendance
A018803,S02628,C011,2025-07-08,20,18,Present
A018804,S08125,C010,2025-11-10,25,14,Low Attendance
A018805,S12453,C005,2025-08-14,10,10,Present
A018806,S08207,C016,2025-04-26,15,8,Low Attendance
A018807,S14848,C026,2025-12-22,25,17,Low Attendance
A018808,S16922,C007,2025-05-27,20,10,Low Attendance
A018809,S07101,C049,2025-01-25,10,5,Low Attendance
A018810,S04399,C017,2025-08-14,30,25,Present
A018811,S03897,C043,2025-05-04,20,5,Low Attendance
A018812,S03954,C035,2025-11-23,20,9,Low Attendance
A018813,S11481,C047,2025-09-11,25,15,Low Attendance
A018814,S00337,C006,2025-02-10,15,11,Low Attendance
A018815,S12432,C007,2025-04-11,20,10,Low Attendance
A018816,S10405,C002,2025-12-25,25,23,Present
A018817,S13868,C009,2025-10-06,10,10,Present
A018818,S15840,C002,2025-05-05,10,1,Low Attendance
A018819,S12936,C035,2025-03-04,25,16,Low Attendance
A018820,S12261,C041,2025-10-03,10,2,Low Attendance
A018821,S06679,C008,2025-04-18,10,10,Present
A018822,S05221,C032,2025-04-22,25,19,Present
A018823,S04087,C005,2025-02-28,10,4,Low Attendance
A018824,S10173,C030,2025-12-11,20,1,Low Attendance
A018825,S14523,C001,2025-12-14,30,20,Low Attendance
A018826,S07978,C039,2025-01-28,30,1,Low Attendance
A018827,S14199,C025,2025-08-10,30,30,Present
A018828,S09145,C006,2025-06-15,10,8,Present
A018829,S12590,C049,2025-02-10,30,7,Low Attendance
A018830,S05669,C033,2025-10-03,30,18,Low Attendance
A018831,S13922,C012,2025-12-22,20,13,Low Attendance
A018832,S19329,C014,2025-11-19,20,0,Low Attendance
A018833,S06741,C020,2025-04-18,15,15,Present
A018834,S10593,C002,2025-03-29,30,16,Low Attendance
A018835,S01619,C043,2025-07-15,10,1,Low Attendance
A018836,S08704,C017,2025-08-06,10,1,Low Attendance
A018837,S14571,C016,2025-11-02,30,15,Low Attendance
A018838,S05924,C004,2025-07-11,15,6,Low Attendance
A018839,S11480,C007,2025-12-17,30,7,Low Attendance
A018840,S00416,C042,2025-06-27,10,6,Low Attendance
A018841,S00679,C012,2025-02-11,25,20,Present
A018842,S10223,C011,2025-10-08,30,30,Present
A018843,S09767,C022,2025-11-29,25,22,Present
A018844,S00240,C041,2025-12-31,25,21,Present
A018845,S05588,C048,2025-10-13,30,12,Low Attendance
A018846,S18306,C049,2025-03-22,25,11,Low Attendance
A018847,S01212,C027,2025-01-31,20,7,Low Attendance
A018848,S16287,C040,2025-04-09,30,20,Low Attendance
A018849,S11026,C035,2025-11-04,15,9,Low Attendance
A018850,S17167,C021,2025-01-24,15,7,Low Attendance
A018851,S11003,C011,2025-11-22,20,14,Low Attendance
A018852,S12705,C042,2025-08-02,10,1,Low Attendance
A018853,S09896,C047,2025-12-20,20,17,Present
A018854,S09151,C042,2025-10-10,20,2,Low Attendance
A018855,S04416,C010,2025-11-05,15,7,Low Attendance
A018856,S04436,C048,2025-12-06,15,10,Low Attendance
A018857,S05857,C017,2025-01-01,25,25,Present
A018858,S07662,C012,2025-10-17,20,3,Low Attendance
A018859,S13820,C047,2025-09-01,25,19,Present
A018860,S00665,C018,2025-07-17,25,5,Low Attendance
A018861,S12418,C036,2025-02-20,30,25,Present
A018862,S00315,C047,2025-02-26,25,11,Low Attendance
A018863,S19183,C048,2025-04-24,15,5,Low Attendance
A018864,S02319,C034,2025-01-14,30,11,Low Attendance
A018865,S05923,C015,2025-12-05,20,7,Low Attendance
A018866,S10820,C001,2025-08-28,25,7,Low Attendance
A018867,S02804,C047,2025-12-04,25,15,Low Attendance
A018868,S05230,C046,2025-12-10,25,11,Low Attendance
A018869,S17605,C026,2025-01-04,20,3,Low Attendance
A018870,S08960,C019,2025-02-25,15,10,Low Attendance
A018871,S13406,C044,2025-03-29,25,24,Present
A018872,S13139,C047,2025-06-08,25,3,Low Attendance
A018873,S00305,C013,2025-08-04,30,3,Low Attendance
A018874,S00362,C013,2025-02-17,20,10,Low Attendance
A018875,S10442,C029,2025-07-15,30,0,Low Attendance
A018876,S09686,C023,2025-04-12,20,18,Present
A018877,S10171,C045,2025-07-05,15,15,Present
A018878,S07242,C036,2025-05-15,30,5,Low Attendance
A018879,S15644,C016,2025-05-31,15,8,Low Attendance
A018880,S14210,C042,2025-06-26,15,15,Present
A018881,S10528,C046,2025-07-31,15,7,Low Attendance
A018882,S15054,C019,2025-08-03,25,21,Present
A018883,S03369,C035,2025-12-24,25,23,Present
A018884,S03473,C014,2025-08-05,15,13,Present
A018885,S04536,C002,2025-09-02,30,5,Low Attendance
A018886,S17960,C045,2025-01-22,30,17,Low Attendance
A018887,S14249,C022,2025-06-19,10,2,Low Attendance
A018888,S11195,C001,2025-01-04,15,8,Low Attendance
A018889,S06754,C029,2025-07-04,25,19,Present
A018890,S04499,C004,2025-11-12,25,2,Low Attendance
A018891,S09365,C031,2025-04-29,30,5,Low Attendance
A018892,S04176,C002,2025-10-19,20,7,Low Attendance
A018893,S00088,C028,2025-08-16,30,17,Low Attendance
A018894,S17121,C016,2025-03-10,20,18,Present
A018895,S10106,C024,2025-11-13,20,6,Low Attendance
A018896,S19538,C012,2025-12-04,15,5,Low Attendance
A018897,S12509,C004,2025-05-05,30,11,Low Attendance
A018898,S12463,C047,2025-09-27,10,7,Low Attendance
A018899,S19468,C031,2025-02-10,15,10,Low Attendance
A018900,S05656,C008,2025-10-20,15,9,Low Attendance
A018901,S16558,C037,2025-05-04,15,10,Low Attendance
A018902,S11498,C020,2025-07-16,20,17,Present
A018903,S01583,C024,2025-07-23,15,4,Low Attendance
A018904,S03131,C025,2025-09-13,25,5,Low Attendance
A018905,S07503,C033,2025-03-15,30,25,Present
A018906,S18736,C036,2025-08-09,15,6,Low Attendance
A018907,S01916,C036,2025-04-15,25,14,Low Attendance
A018908,S16420,C029,2025-03-20,25,16,Low Attendance
A018909,S05330,C050,2025-04-14,15,4,Low Attendance
A018910,S08218,C007,2025-03-23,30,24,Present
A018911,S08112,C022,2025-06-21,10,2,Low Attendance
A018912,S01577,C006,2025-09-19,15,14,Present
A018913,S06947,C045,2025-09-09,20,2,Low Attendance
A018914,S19825,C035,2025-10-20,15,7,Low Attendance
A018915,S19619,C011,2025-01-20,30,13,Low Attendance
A018916,S14059,C027,2025-10-15,20,10,Low Attendance
A018917,S15768,C025,2025-01-13,25,12,Low Attendance
A018918,S05509,C024,2025-12-29,25,25,Present
A018919,S02477,C047,2025-09-10,30,24,Present
A018920,S09491,C019,2025-12-21,10,3,Low Attendance
A018921,S01475,C035,2025-07-20,10,8,Present
A018922,S14901,C025,2025-02-27,30,24,Present
A018923,S01195,C030,2025-12-24,20,6,Low Attendance
A018924,S09575,C002,2025-08-07,20,14,Low Attendance
A018925,S03593,C049,2025-07-27,15,12,Present
A018926,S04863,C009,2025-08-16,15,4,Low Attendance
A018927,S11743,C003,2025-09-17,15,9,Low Attendance
A018928,S03802,C036,2025-10-18,25,20,Present
A018929,S06519,C001,2025-02-15,20,18,Present
A018930,S08703,C008,2025-10-10,15,9,Low Attendance
A018931,S11334,C030,2025-09-03,30,1,Low Attendance
A018932,S19098,C010,2025-07-26,10,7,Low Attendance
A018933,S08110,C006,2025-04-10,30,11,Low Attendance
A018934,S02830,C033,2025-04-04,20,8,Low Attendance
A018935,S03539,C050,2025-01-24,30,26,Present
A018936,S06487,C034,2025-05-05,30,7,Low Attendance
A018937,S12907,C046,2025-10-05,20,16,Present
A018938,S19776,C050,2025-01-21,15,9,
A018939,S17013,C011,2025-08-10,10,2,Low Attendance
A018940,S12764,C037,2025-09-29,10,4,Low Attendance
A018941,S13484,C031,2025-04-01,25,12,Low Attendance
A018942,S04204,C024,2025-11-22,15,7,Low Attendance
A018943,S19943,C009,2025-02-22,25,19,Present
A018944,S15592,C031,2025-11-18,10,4,Low Attendance
A018945,S03865,C002,2025-11-16,25,23,Present
A018946,S12232,C009,2025-10-25,15,11,Low Attendance
A018947,S15426,C007,2025-10-14,10,7,Low Attendance
A018948,S10590,C045,2025-10-19,30,4,Low Attendance
A018949,S12820,C015,2025-07-24,10,4,Low Attendance
A018950,S14733,C048,2025-03-11,25,2,Low Attendance
A018951,S03658,C050,2025-11-17,10,3,Low Attendance
A018952,S16974,C012,2025-06-16,20,3,Low Attendance
A018953,S01648,C022,2025-10-05,30,17,Low Attendance
A018954,S08951,C008,2025-10-24,10,0,Low Attendance
A018955,S17630,C050,2025-10-06,25,6,Low Attendance
A018956,S16123,C030,2025-03-26,25,2,Low Attendance
A018957,S01521,C002,2025-10-15,30,18,Low Attendance
A018958,S07818,C047,2025-11-29,25,3,Low Attendance
A018959,S01944,C004,2025-09-13,25,16,Low Attendance
A018960,S05303,C032,2025-12-27,15,7,Low Attendance
A018961,S19675,C011,2025-01-09,25,13,Low Attendance
A018962,S05557,C012,2025-12-24,30,9,Low Attendance
A018963,S06578,C040,2025-05-24,20,18,Present
A018964,S09047,C014,2025-01-11,25,23,Present
A018965,S15166,C037,2025-05-06,20,4,Low Attendance
A018966,S10974,C006,2025-12-10,10,7,Low Attendance
A018967,S02160,C005,2025-07-18,10,1,Low Attendance
A018968,S02811,C027,2025-05-14,25,15,Low Attendance
A018969,S04424,C047,2025-10-16,10,1,Low Attendance
A018970,S14884,C005,2025-08-01,20,12,Low Attendance
A018971,S11481,C033,2025-09-15,20,12,Low Attendance
A018972,S04379,C026,2025-11-25,20,3,Low Attendance
A018973,S18346,C001,2025-09-21,25,7,Low Attendance
A018974,S08814,C035,2025-09-11,15,9,Low Attendance
A018975,S10831,C043,2025-08-22,30,28,Present
A018976,S13764,C014,2025-09-08,15,6,Low Attendance
A018977,S16792,C041,2025-01-03,15,14,Present
A018978,S07177,C036,2025-09-16,15,13,Present
A018979,S10473,C047,2025-02-17,15,15,Present
A018980,S00856,C048,2025-10-04,20,2,Low Attendance
A018981,S05934,C026,2025-11-15,10,1,Low Attendance
A018982,S01567,C047,2025-06-23,15,3,Low Attendance
A018983,S12415,C015,2025-08-17,15,15,Present
A018984,S02115,C040,2025-11-23,30,11,Low Attendance
A018985,S06430,C015,2025-10-30,15,4,Low Attendance
A018986,S13231,C012,2025-07-01,10,7,Low Attendance
A018987,S00234,C029,2025-04-23,20,12,Low Attendance
A018988,S02473,C019,2025-05-06,10,1,Low Attendance
A018989,S05523,C044,2025-02-09,15,12,Present
A018990,S03758,C038,2025-09-10,10,1,Low Attendance
A018991,S13364,C021,2025-02-25,25,5,Low Attendance
A018992,S19597,C027,2025-03-18,25,5,Low Attendance
A018993,S12673,C031,2025-09-26,15,3,Low Attendance
A018994,S08393,C006,2025-06-20,15,10,Low Attendance
A018995,S17776,C022,2025-11-10,20,6,Low Attendance
A018996,S14226,C018,2025-05-26,30,19,Low Attendance
A018997,S18862,C047,2025-01-26,10,5,Low Attendance
A018998,S10503,C029,2025-12-18,25,2,Low Attendance
A018999,S17449,C033,2025-11-15,20,18,Present
A019000,S12815,C036,2025-11-14,10,2,Low Attendance
A019001,S14978,C006,2025-03-10,25,15,Low Attendance
A019002,S15568,C004,2025-09-09,20,5,Low Attendance
A019003,S03231,C035,2025-11-12,15,2,Low Attendance
A019004,S15165,C022,2025-04-14,30,5,Low Attendance
A019005,S01078,C037,2025-02-16,10,7,Low Attendance
A019006,S01559,C049,2025-11-26,15,10,Low Attendance
A019007,S08631,C011,2025-02-13,25,2,Low Attendance
A019008,S05123,C002,2025-04-21,10,9,Present
A019009,S11774,C020,2025-05-25,10,8,Present
A019010,S07746,C004,2025-08-26,10,7,Low Attendance
A019011,S09546,C022,2025-01-07,20,14,Low Attendance
A019012,S02898,C019,2025-09-02,15,14,Present
A019013,S03001,C022,2025-03-10,15,6,Low Attendance
A019014,S09423,C010,2025-04-24,20,5,Low Attendance
A019015,S07124,C012,2025-09-18,25,4,Low Attendance
A019016,S04761,C012,2025-03-31,25,19,Present
A019017,S18137,C013,2025-07-19,15,9,Low Attendance
A019018,S08140,C037,2025-09-24,25,21,Present
A019019,S12832,C004,2025-10-26,25,15,Low Attendance
A019020,S16369,C023,2025-04-12,15,3,Low Attendance
A019021,S03344,C002,2025-01-15,10,10,Present
A019022,S18656,C030,2025-07-13,20,16,Present
A019023,S06821,C017,2025-11-02,25,16,
A019024,S08859,C016,2025-11-11,10,5,Low Attendance
A019025,S15208,C001,2025-06-19,10,2,Low Attendance
A019026,S09964,C004,2025-07-19,10,2,Low Attendance
A019027,S15149,C010,2025-11-09,15,9,Low Attendance
A019028,S03837,C040,2025-09-26,20,17,Present
A019029,S05452,C012,2025-03-06,30,17,Low Attendance
A019030,S18746,C026,2025-11-26,25,14,Low Attendance
A019031,S05363,C013,2025-08-09,20,1,Low Attendance
A019032,S00358,C009,2025-03-31,15,2,Low Attendance
A019033,S17314,C048,2025-11-04,15,6,Low Attendance
A019034,S14936,C044,2025-10-17,10,1,Low Attendance
A019035,S16982,C035,2025-06-03,10,0,Low Attendance
A019036,S00068,C020,2025-01-12,20,6,Low Attendance
A019037,S09708,C007,2025-09-03,10,0,Low Attendance
A019038,S08384,C020,2025-06-11,30,25,Present
A019039,S06129,C029,2025-01-06,10,7,Low Attendance
A019040,S14914,C014,2025-03-04,10,10,Present
A019041,S07193,C012,2025-04-17,15,9,Low Attendance
A019042,S18343,C007,2025-02-14,15,14,Present
A019043,S12028,C002,2025-01-04,30,9,Low Attendance
A019044,S05707,C019,2025-04-28,25,19,Present
A019045,S13622,C035,2025-06-28,30,13,Low Attendance
A019046,S05747,C047,2025-10-04,15,5,Low Attendance
A019047,S08821,C002,2025-12-28,15,13,Present
A019048,S03106,C009,2025-12-30,15,7,Low Attendance
A019049,S05358,C025,2025-05-04,25,25,Present
A019050,S13896,C015,2025-08-16,25,21,Present
A019051,S17405,C035,2025-12-13,10,5,Low Attendance
A019052,S18907,C050,2025-01-12,30,30,Present
A019053,S04315,C024,2025-05-29,30,4,Low Attendance
A019054,S09186,C035,2025-02-03,10,10,Present
A019055,S03318,C025,2025-12-16,25,2,Low Attendance
A019056,S01852,C025,2025-05-01,30,28,Present
A019057,S06679,C032,2025-02-24,20,18,Present
A019058,S14589,C034,2025-07-19,20,4,Low Attendance
A019059,S12463,C049,2025-10-28,25,1,Low Attendance
A019060,S11188,C015,2025-08-21,10,9,Present
A019061,S13446,C032,2025-06-20,30,3,Low Attendance
A019062,S11618,C048,2025-05-08,25,12,Low Attendance
A019063,S06266,C042,2025-11-06,15,7,Low Attendance
A019064,S19131,C026,2025-09-22,15,2,Low Attendance
A019065,S02298,C038,2025-08-09,10,2,Low Attendance
A019066,S16040,C021,2025-07-04,20,5,Low Attendance
A019067,S01672,C009,2025-05-21,10,9,Present
A019068,S14633,C031,2025-05-01,20,2,Low Attendance
A019069,S03170,C036,2025-09-05,30,12,Low Attendance
A019070,S11001,C020,2025-12-12,20,3,Low Attendance
A019071,S19817,C015,2025-02-16,20,0,Low Attendance
A019072,S03492,C010,2025-01-16,15,2,Low Attendance
A019073,S14241,C023,2025-12-04,30,16,Low Attendance
A019074,S12986,C024,2025-04-08,30,4,Low Attendance
A019075,S16725,C044,2025-08-10,20,5,Low Attendance
A019076,S04327,C021,2025-01-07,25,19,Present
A019077,S09515,C015,2025-08-14,10,8,Present
A019078,S09762,C017,2025-06-17,15,3,Low Attendance
A019079,S17078,C024,2025-09-12,10,7,Low Attendance
A019080,S05064,C017,2025-07-17,25,14,Low Attendance
A019081,S08790,C016,2025-07-04,20,1,Low Attendance
A019082,S13033,C045,2025-02-11,15,10,Low Attendance
A019083,S17710,C017,2025-05-14,30,1,Low Attendance
A019084,S14579,C006,2025-12-27,30,27,Present
A019085,S19678,C012,2025-06-13,10,6,Low Attendance
A019086,S07532,C010,2025-03-01,10,4,Low Attendance
A019087,S18481,C048,2025-04-06,10,2,Low Attendance
A019088,S05364,C022,2025-01-11,10,7,Low Attendance
A019089,S01158,C020,2025-02-07,10,3,Low Attendance
A019090,S15962,C003,2025-06-13,30,23,Present
A019091,S11429,C028,2025-09-11,25,24,Present
A019092,S04426,C045,2025-03-20,10,9,Present
A019093,S01532,C002,2025-04-29,20,16,Present
A019094,S07286,C024,2025-08-31,25,14,Low Attendance
A019095,S18234,C010,2025-11-22,15,14,Present
A019096,S05915,C030,2025-07-08,20,2,Low Attendance
A019097,S03255,C050,2025-05-11,30,16,Low Attendance
A019098,S12182,C030,2025-07-01,30,4,Low Attendance
A019099,S03702,C037,2025-04-17,20,10,Low Attendance
A019100,S03796,C036,2025-03-05,20,6,Low Attendance
A019101,S09900,C039,2025-07-05,20,6,Low Attendance
A019102,S00193,C018,2025-11-17,10,5,Low Attendance
A019103,S04130,C021,2025-05-05,30,26,Present
A019104,S15061,C030,2025-12-02,10,0,Low Attendance
A019105,S16294,C031,2025-07-08,20,15,Present
A019106,S07529,C007,2025-04-07,30,30,Present
A019107,S10392,C039,2025-08-02,15,14,Present
A019108,S11480,C024,2025-08-26,10,3,Low Attendance
A019109,S05247,C020,2025-05-26,20,15,Present
A019110,S16255,C034,2025-04-24,25,20,Present
A019111,S17473,C048,2025-09-22,30,1,Low Attendance
A019112,S14182,C031,2025-03-07,10,1,Low Attendance
A019113,S13946,C014,2025-11-10,25,12,Low Attendance
A019114,S05087,C027,2025-02-24,10,5,Low Attendance
A019115,S06341,C036,2025-07-20,10,3,Low Attendance
A019116,S06185,C023,2025-01-13,25,8,Low Attendance
A019117,S12357,C023,2025-08-11,30,19,Low Attendance
A019118,S18448,C002,2025-05-18,20,17,Present
A019119,S09424,C050,2025-06-26,25,12,Low Attendance
A019120,S09488,C048,2025-05-20,25,9,Low Attendance
A019121,S03898,C023,2025-04-08,20,0,Low Attendance
A019122,S07050,C021,2025-08-01,10,10,Present
A019123,S11346,C032,2025-10-30,20,13,Low Attendance
A019124,S07653,C013,2025-02-06,30,20,Low Attendance
A019125,S19983,C040,2025-07-14,25,22,Present
A019126,S09244,C038,2025-03-03,25,8,Low Attendance
A019127,S02045,C024,2025-01-12,30,11,Low Attendance
A019128,S05978,C035,2025-06-02,10,9,Present
A019129,S00518,C014,2025-11-03,10,4,Low Attendance
A019130,S18179,C041,2025-07-16,25,18,Low Attendance
A019131,S02219,C028,2025-07-24,25,5,Low Attendance
A019132,S13720,C006,2025-04-01,25,16,Low Attendance
A019133,S07146,C009,2025-12-27,20,2,Low Attendance
A019134,S01986,C013,2025-03-07,25,22,Present
A019135,S07752,C010,2025-03-26,25,21,Present
A019136,S08961,C022,2025-07-21,20,19,Present
A019137,S08509,C049,2025-07-16,25,8,Low Attendance
A019138,S03988,C011,2025-04-19,25,13,Low Attendance
A019139,S14170,C037,2025-09-23,25,19,Present
A019140,S17510,C050,2025-04-06,25,24,Present
A019141,S05323,C017,2025-04-13,10,0,Low Attendance
A019142,S04861,C023,2025-11-18,10,1,Low Attendance
A019143,S03220,C045,2025-01-30,20,19,Present
A019144,S06157,C011,2025-06-20,10,2,Low Attendance
A019145,S05615,C029,2025-11-18,30,29,Present
A019146,S04550,C038,2025-10-14,30,30,Present
A019147,S16480,C004,2025-07-04,30,14,Low Attendance
A019148,S18051,C045,2025-04-06,25,0,Low Attendance
A019149,S10353,C025,2025-06-17,20,11,Low Attendance
A019150,S13612,C048,2025-04-06,15,9,Low Attendance
A019151,S02120,C015,2025-05-16,10,10,Present
A019152,S19578,C049,2025-04-15,30,20,Low Attendance
A019153,S05009,C046,2025-02-23,25,9,Low Attendance
A019154,S10264,C022,2025-02-23,30,26,Present
A019155,S04347,C015,2025-07-02,15,0,Low Attendance
A019156,S01535,C039,2025-11-24,25,23,Present
A019157,S12506,C018,2025-07-07,15,11,Low Attendance
A019158,S15142,C040,2025-04-07,10,8,Present
A019159,S04531,C045,2025-12-09,15,3,Low Attendance
A019160,S15987,C014,2025-04-24,15,7,Low Attendance
A019161,S16361,C021,2025-09-18,30,16,Low Attendance
A019162,S07067,C019,2025-10-13,30,28,Present
A019163,S15872,C042,2025-06-01,30,20,Low Attendance
A019164,S09143,C039,2025-05-08,15,3,Low Attendance
A019165,S15885,C039,2025-12-17,10,4,Low Attendance
A019166,S08597,C028,2025-07-28,25,3,Low Attendance
A019167,S02538,C042,2025-03-30,15,2,Low Attendance
A019168,S08028,C042,2025-02-11,10,9,Present
A019169,S09688,C040,2025-03-06,10,5,Low Attendance
A019170,S02782,C048,2025-08-31,20,15,Present
A019171,S09256,C050,2025-05-18,20,15,Present
A019172,S17328,C021,2025-02-13,25,16,Low Attendance
A019173,S16360,C027,2025-07-02,10,1,Low Attendance
A019174,S09894,C021,2025-09-12,10,4,Low Attendance
A019175,S04640,C038,2025-07-31,30,28,Present
A019176,S01045,C043,2025-03-17,10,0,Low Attendance
A019177,S05967,C027,2025-07-19,10,10,Present
A019178,S03577,C006,2025-08-21,20,14,Low Attendance
A019179,S09739,C014,2025-01-17,10,2,Low Attendance
A019180,S19068,C043,2025-12-19,20,3,Low Attendance
A019181,S19322,C037,2025-10-21,30,2,Low Attendance
A019182,S17466,C040,2025-08-24,25,20,Present
A019183,S12661,C011,2025-08-25,15,13,Present
A019184,S03159,C015,2025-12-17,15,8,Low Attendance
A019185,S07100,C020,2025-03-22,20,14,Low Attendance
A019186,S14409,C029,2025-05-15,20,19,Present
A019187,S07756,C041,2025-06-17,30,7,Low Attendance
A019188,S08719,C012,2025-08-15,30,22,Low Attendance
A019189,S08003,C013,2025-07-26,25,5,Low Attendance
A019190,S10219,C012,2025-06-16,30,22,Low Attendance
A019191,S06898,C011,2025-02-27,30,24,Present
A019192,S04588,C006,2025-03-13,25,11,Low Attendance
A019193,S16528,C041,2025-05-17,30,9,Low Attendance
A019194,S17883,C033,2025-05-08,15,3,Low Attendance
A019195,S08169,C039,2025-07-13,20,12,Low Attendance
A019196,S00296,C020,2025-09-24,25,12,Low Attendance
A019197,S10972,C043,2025-07-14,10,7,Low Attendance
A019198,S00353,C031,2025-03-15,30,26,Present
A019199,S00513,C007,2025-12-27,20,13,Low Attendance
A019200,S18651,C044,2025-07-22,20,18,Present
A019201,S13376,C027,2025-12-04,25,10,Low Attendance
A019202,S19919,C023,2025-03-08,20,8,Low Attendance
A019203,S16024,C030,2025-04-17,15,7,Low Attendance
A019204,S00134,C011,2025-12-02,25,16,Low Attendance
A019205,S12244,C044,2025-01-18,20,14,Low Attendance
A019206,S03891,C049,2025-03-25,25,23,Present
A019207,S00801,C047,2025-03-02,15,7,Low Attendance
A019208,S03194,C040,2025-10-19,30,21,Low Attendance
A019209,S13253,C030,2025-09-03,30,27,Present
A019210,S06276,C010,2025-09-16,15,0,Low Attendance
A019211,S00343,C005,2025-05-21,30,10,Low Attendance
A019212,S03710,C005,2025-10-05,20,16,Present
A019213,S18053,C032,2025-04-16,25,14,Low Attendance
A019214,S12918,C047,2025-09-29,20,8,Low Attendance
A019215,S06795,C026,2025-03-28,10,4,Low Attendance
A019216,S08231,C019,2025-05-04,20,10,Low Attendance
A019217,S07743,C022,2025-02-24,30,21,Low Attendance
A019218,S10747,C023,2025-05-21,15,5,Low Attendance
A019219,S12837,C013,2025-05-27,30,27,Present
A019220,S13289,C004,2025-05-18,15,8,Low Attendance
A019221,S05682,C012,2025-04-18,10,0,Low Attendance
A019222,S11545,C011,2025-06-29,10,4,Low Attendance
A019223,S16646,C004,2025-12-06,30,15,Low Attendance
A019224,S17172,C026,2025-12-19,25,9,Low Attendance
A019225,S04398,C024,2025-09-09,10,9,Present
A019226,S14765,C030,2025-03-13,30,18,Low Attendance
A019227,S09624,C038,2025-02-22,25,14,Low Attendance
A019228,S07640,C035,2025-08-01,25,9,Low Attendance
A019229,S19624,C002,2025-01-10,15,1,Low Attendance
A019230,S07842,C018,2025-12-18,15,4,Low Attendance
A019231,S05319,C050,2025-02-26,30,24,Present
A019232,S18508,C015,2025-08-29,10,4,Low Attendance
A019233,S01917,C049,2025-02-15,25,16,Low Attendance
A019234,S18452,C041,2025-06-07,15,5,Low Attendance
A019235,S16976,C039,2025-08-16,15,2,Low Attendance
A019236,S08366,C011,2025-07-10,15,11,Low Attendance
A019237,S14705,C032,2025-11-20,25,13,Low Attendance
A019238,S09493,C045,2025-05-27,10,7,Low Attendance
A019239,S03056,C041,2025-08-10,25,1,Low Attendance
A019240,S07069,C008,2025-01-04,25,15,Low Attendance
A019241,S07214,C041,2025-07-04,20,6,Low Attendance
A019242,S02209,C015,2025-06-02,25,19,Present
A019243,S08840,C030,2025-10-16,15,14,Present
A019244,S19184,C022,2025-05-25,30,0,Low Attendance
A019245,S03911,C009,2025-12-19,10,0,Low Attendance
A019246,S16807,C039,2025-04-20,30,3,Low Attendance
A019247,S00296,C013,2025-12-10,10,3,Low Attendance
A019248,S03557,C031,2025-07-27,20,10,Low Attendance
A019249,S16749,C036,2025-04-21,10,2,Low Attendance
A019250,S01390,C034,2025-05-18,15,0,Low Attendance
A019251,S01730,C012,2025-01-13,10,6,Low Attendance
A019252,S16489,C007,2025-02-24,25,12,Low Attendance
A019253,S07176,C047,2025-04-21,30,6,Low Attendance
A019254,S13755,C042,2025-07-18,15,12,Present
A019255,S03510,C006,2025-05-14,10,5,Low Attendance
A019256,S07665,C028,2025-04-07,15,7,Low Attendance
A019257,S09635,C048,2025-05-15,15,4,Low Attendance
A019258,S02339,C045,2025-09-04,10,3,Low Attendance
A019259,S17320,C014,2025-05-05,15,5,Low Attendance
A019260,S08565,C016,2025-02-27,25,17,Low Attendance
A019261,S03382,C013,2025-08-04,30,1,Low Attendance
A019262,S07736,C013,2025-02-07,30,1,Low Attendance
A019263,S08533,C003,2025-11-04,15,11,Low Attendance
A019264,S15995,C016,2025-01-12,20,12,Low Attendance
A019265,S15026,C017,2025-12-15,30,7,Low Attendance
A019266,S14548,C048,2025-11-02,15,10,Low Attendance
A019267,S10211,C050,2025-07-05,25,10,Low Attendance
A019268,S18205,C031,2025-12-19,10,6,Low Attendance
A019269,S07076,C014,2025-10-07,10,3,Low Attendance
A019270,S16901,C045,2025-03-26,25,10,Low Attendance
A019271,S00526,C044,2025-08-07,30,20,Low Attendance
A019272,S03313,C021,2025-01-10,15,8,Low Attendance
A019273,S05990,C013,2025-05-26,10,6,Low Attendance
A019274,S05000,C032,2025-03-26,20,19,Present
A019275,S07646,C025,2025-07-05,15,11,Low Attendance
A019276,S08766,C027,2025-09-20,20,4,Low Attendance
A019277,S05214,C013,2025-09-12,15,3,Low Attendance
A019278,S00125,C045,2025-09-20,10,9,Present
A019279,S15825,C035,2025-07-11,20,6,Low Attendance
A019280,S11469,C034,2025-05-30,20,2,Low Attendance
A019281,S05460,C019,2025-04-04,10,1,Low Attendance
A019282,S05020,C006,2025-04-21,20,8,Low Attendance
A019283,S02223,C003,2025-02-11,20,8,Low Attendance
A019284,S05335,C047,2025-11-20,25,14,Low Attendance
A019285,S04775,C030,2025-07-23,25,0,Low Attendance
A019286,S16237,C007,2025-12-24,20,0,Low Attendance
A019287,S07493,C021,2025-02-19,30,23,Present
A019288,S08223,C004,2025-05-02,30,22,Low Attendance
A019289,S03406,C031,2025-10-11,10,1,Low Attendance
A019290,S07551,C038,2025-03-30,15,12,Present
A019291,S12907,C005,2025-01-27,20,7,Low Attendance
A019292,S09239,C009,2025-08-12,15,1,Low Attendance
A019293,S01924,C015,2025-09-11,20,11,Low Attendance
A019294,S12695,C006,2025-06-20,15,0,Low Attendance
A019295,S15494,C033,2025-01-28,10,1,Low Attendance
A019296,S16634,C047,2025-10-22,30,16,Low Attendance
A019297,S13878,C013,2025-12-08,25,19,Present
A019298,S03327,C004,2025-01-03,10,9,Present
A019299,S10608,C042,2025-08-04,15,6,Low Attendance
A019300,S15725,C013,2025-05-10,10,0,Low Attendance
A019301,S06177,C043,2025-06-10,10,2,Low Attendance
A019302,S04097,C032,2025-08-13,15,5,Low Attendance
A019303,S11061,C001,2025-05-16,25,15,Low Attendance
A019304,S16812,C047,2025-09-28,10,5,Low Attendance
A019305,S18695,C010,2025-06-17,15,14,Present
A019306,S04946,C039,2025-12-16,20,18,Present
A019307,S06222,C022,2025-03-25,10,7,Low Attendance
A019308,S06427,C002,2025-04-22,15,8,Low Attendance
A019309,S14436,C039,2025-09-13,20,13,Low Attendance
A019310,S04335,C008,2025-03-03,10,4,Low Attendance
A019311,S11795,C038,2025-09-19,20,10,Low Attendance
A019312,S11339,C004,2025-02-16,25,1,Low Attendance
A019313,S02879,C003,2025-09-22,10,9,Present
A019314,S18521,C007,2025-05-18,10,0,Low Attendance
A019315,S06962,C019,2025-01-06,10,9,Present
A019316,S12729,C048,2025-05-08,15,13,Present
A019317,S08072,C011,2025-02-21,30,22,Low Attendance
A019318,S03385,C005,2025-08-25,15,4,Low Attendance
A019319,S07467,C048,2025-12-30,15,4,Low Attendance
A019320,S10509,C049,2025-03-19,30,22,Low Attendance
A019321,S19399,C019,2025-08-03,20,9,Low Attendance
A019322,S13858,C003,2025-05-12,15,1,Low Attendance
A019323,S19941,C021,2025-05-28,10,4,Low Attendance
A019324,S10027,C034,2025-09-20,25,7,Low Attendance
A019325,S16938,C007,2025-08-16,30,23,Present
A019326,S14649,C037,2025-08-16,20,13,Low Attendance
A019327,S11621,C032,2025-03-30,25,2,Low Attendance
A019328,S04080,C035,2025-01-08,10,6,Low Attendance
A019329,S02123,C029,2025-01-04,15,12,Present
A019330,S15563,C031,2025-06-26,15,12,Present
A019331,S08553,C027,2025-06-21,25,11,Low Attendance
A019332,S05908,C020,2025-01-24,20,15,Present
A019333,S13026,C020,2025-04-10,15,12,Present
A019334,S10424,C018,2025-12-30,20,20,Present
A019335,S15308,C006,2025-11-01,10,0,Low Attendance
A019336,S06281,C003,2025-10-04,25,10,Low Attendance
A019337,S10648,C047,2025-08-20,25,2,Low Attendance
A019338,S17375,C028,2025-11-16,25,10,Low Attendance
A019339,S19958,C047,2025-06-16,20,14,Low Attendance
A019340,S01362,C001,2025-08-04,15,3,Low Attendance
A019341,S19664,C022,2025-07-27,25,8,Low Attendance
A019342,S10955,C027,2025-04-23,30,22,Low Attendance
A019343,S12378,C040,2025-03-17,15,15,Present
A019344,S03306,C037,2025-12-16,30,19,Low Attendance
A019345,S08657,C002,2025-06-24,30,17,Low Attendance
A019346,S01943,C006,2025-09-26,25,7,Low Attendance
A019347,S17340,C006,2025-06-06,20,6,Low Attendance
A019348,S07062,C022,2025-01-30,10,1,Low Attendance
A019349,S05492,C039,2025-12-07,20,7,Low Attendance
A019350,S11906,C019,2025-01-20,30,17,Low Attendance
A019351,S05744,C014,2025-08-01,10,7,Low Attendance
A019352,S13826,C028,2025-08-08,30,24,Present
A019353,S09794,C002,2025-03-19,10,0,Low Attendance
A019354,S19239,C026,2025-09-15,25,19,Present
A019355,S00786,C039,2025-11-11,10,0,Low Attendance
A019356,S08467,C039,2025-09-20,10,7,Low Attendance
A019357,S03811,C011,2025-03-28,20,3,Low Attendance
A019358,S10050,C011,2025-08-25,15,1,Low Attendance
A019359,S10529,C050,2025-03-27,10,0,Low Attendance
A019360,S16165,C038,2025-07-30,20,2,Low Attendance
A019361,S05463,C015,2025-06-02,10,1,Low Attendance
A019362,S11069,C017,2025-05-16,10,6,Low Attendance
A019363,S04368,C020,2025-02-25,25,0,Low Attendance
A019364,S07124,C026,2025-03-15,15,7,Low Attendance
A019365,S05905,C038,2025-03-20,30,6,Low Attendance
A019366,S19690,C009,2025-06-02,30,24,Present
A019367,S01596,C002,2025-11-28,25,22,Present
A019368,S02838,C003,2025-08-29,30,1,Low Attendance
A019369,S11920,C006,2025-12-25,30,18,Low Attendance
A019370,S12237,C002,2025-07-10,30,10,Low Attendance
A019371,S16412,C030,2025-03-28,20,19,Present
A019372,S06491,C047,2025-04-20,25,17,Low Attendance
A019373,S19635,C011,2025-08-09,15,9,Low Attendance
A019374,S08326,C009,2025-05-06,30,7,Low Attendance
A019375,S19948,C010,2025-08-28,25,16,Low Attendance
A019376,S09164,C011,2025-06-21,15,9,Low Attendance
A019377,S08317,C007,2025-09-29,20,0,Low Attendance
A019378,S05815,C004,2025-11-28,10,9,Present
A019379,S18545,C021,2025-04-22,20,17,Present
A019380,S10274,C003,2025-04-08,30,0,Low Attendance
A019381,S09051,C021,2025-09-06,30,6,Low Attendance
A019382,S13050,C025,2025-07-14,30,25,Present
A019383,S13648,C013,2025-12-23,30,30,Present
A019384,S12161,C011,2025-03-22,30,26,Present
A019385,S10988,C035,2025-10-13,30,28,Present
A019386,S14784,C025,2025-08-17,10,0,Low Attendance
A019387,S16922,C032,2025-03-05,15,4,Low Attendance
A019388,S04419,C013,2025-04-20,15,10,Low Attendance
A019389,S19867,C039,2025-01-30,25,25,Present
A019390,S10702,C002,2025-09-21,10,2,Low Attendance
A019391,S19465,C004,2025-11-22,30,18,Low Attendance
A019392,S11991,C019,2025-10-18,10,2,Low Attendance
A019393,S05168,C003,2025-08-17,20,2,Low Attendance
A019394,S15809,C004,2025-06-12,25,3,Low Attendance
A019395,S08930,C003,2025-07-29,30,26,Present
A019396,S17454,C039,2025-06-08,10,5,Low Attendance
A019397,S03340,C030,2025-12-20,25,8,Low Attendance
A019398,S05308,C039,2025-02-11,15,14,Present
A019399,S05702,C019,2025-08-03,10,8,Present
A019400,S09450,C014,2025-08-15,10,4,Low Attendance
A019401,S09759,C028,2025-10-07,25,1,Low Attendance
A019402,S02027,C012,2025-03-22,10,6,Low Attendance
A019403,S17714,C001,2025-06-17,10,8,Present
A019404,S08741,C009,2025-05-19,20,17,Present
A019405,S01602,C048,2025-12-05,20,10,Low Attendance
A019406,S03602,C040,2025-02-21,30,7,Low Attendance
A019407,S18621,C013,2025-01-16,30,9,Low Attendance
A019408,S18967,C032,2025-11-21,25,2,Low Attendance
A019409,S10450,C039,2025-06-30,15,1,Low Attendance
A019410,S16156,C009,2025-08-13,15,3,Low Attendance
A019411,S16410,C036,2025-03-14,25,9,Low Attendance
A019412,S03463,C007,2025-06-14,20,2,Low Attendance
A019413,S10973,C027,2025-08-16,25,23,Present
A019414,S00728,C043,2025-05-10,25,16,Low Attendance
A019415,S13491,C002,2025-03-01,15,0,Low Attendance
A019416,S07993,C027,2025-12-08,20,1,Low Attendance
A019417,S01215,C011,2025-12-11,30,4,Low Attendance
A019418,S05485,C043,2025-06-16,15,14,Present
A019419,S12577,C019,2025-10-30,25,13,Low Attendance
A019420,S11031,C017,2025-10-10,10,4,Low Attendance
A019421,S18718,C050,2025-07-28,20,4,Low Attendance
A019422,S13206,C042,2025-07-14,20,3,Low Attendance
A019423,S14881,C019,2025-07-23,25,15,Low Attendance
A019424,S04081,C043,2025-09-21,10,5,Low Attendance
A019425,S03677,C017,2025-08-23,20,8,Low Attendance
A019426,S19291,C003,2025-03-16,15,0,Low Attendance
A019427,S07839,C042,2025-01-27,25,9,Low Attendance
A019428,S06539,C033,2025-01-21,10,6,Low Attendance
A019429,S11494,C009,2025-02-13,30,9,Low Attendance
A019430,S19883,C013,2025-07-08,20,7,Low Attendance
A019431,S04268,C038,2025-10-25,25,8,Low Attendance
A019432,S13223,C011,2025-05-30,30,25,Present
A019433,S01817,C027,2025-01-15,10,5,Low Attendance
A019434,S02673,C029,2025-04-05,20,16,Present
A019435,S19223,C045,2025-04-07,15,10,Low Attendance
A019436,S02354,C006,2025-03-02,10,9,Present
A019437,S04595,C014,2025-03-15,20,2,Low Attendance
A019438,S05265,C046,2025-09-26,25,4,Low Attendance
A019439,S08241,C003,2025-09-12,30,29,Present
A019440,S08327,C026,2025-02-17,25,17,Low Attendance
A019441,S12961,C022,2025-02-17,30,16,Low Attendance
A019442,S06651,C037,2025-08-05,15,0,Low Attendance
A019443,S15711,C018,2025-04-21,30,11,Low Attendance
A019444,S12632,C011,2025-12-13,30,15,Low Attendance
A019445,S08050,C039,2025-09-15,25,23,Present
A019446,S17913,C047,2025-09-21,20,0,Low Attendance
A019447,S01346,C016,2025-04-30,20,17,Present
A019448,S17497,C023,2025-08-01,15,3,Low Attendance
A019449,S05052,C041,2025-01-19,30,21,Low Attendance
A019450,S05368,C004,2025-07-03,20,12,Low Attendance
A019451,S04540,C010,2025-10-10,20,19,Present
A019452,S15564,C032,2025-01-22,30,20,Low Attendance
A019453,S16606,C035,2025-06-03,30,25,Present
A019454,S00176,C013,2025-05-27,15,11,Low Attendance
A019455,S08299,C050,2025-08-10,20,19,Present
A019456,S18010,C001,2025-03-28,20,7,Low Attendance
A019457,S09772,C046,2025-04-18,30,24,Present
A019458,S15427,C041,2025-07-14,20,0,Low Attendance
A019459,S00137,C025,2025-02-06,20,16,Present
A019460,S14671,C019,2025-11-14,30,14,Low Attendance
A019461,S15065,C028,2025-10-23,10,5,Low Attendance
A019462,S00454,C043,2025-03-26,10,4,Low Attendance
A019463,S11453,C006,2025-03-14,10,5,Low Attendance
A019464,S11226,C033,2025-04-27,30,18,Low Attendance
A019465,S13029,C040,2025-08-15,10,7,Low Attendance
A019466,S19961,C024,2025-02-05,20,7,Low Attendance
A019467,S15524,C015,2025-06-20,25,13,Low Attendance
A019468,S00768,C039,2025-09-26,25,19,Present
A019469,S02967,C021,2025-08-07,25,1,Low Attendance
A019470,S10275,C046,2025-02-27,30,17,Low Attendance
A019471,S13796,C047,2025-08-06,20,5,Low Attendance
A019472,S14852,C037,2025-08-09,30,0,Low Attendance
A019473,S04994,C040,2025-07-20,20,4,Low Attendance
A019474,S18162,C049,2025-01-15,25,16,Low Attendance
A019475,S02610,C043,2025-12-14,15,2,Low Attendance
A019476,S13080,C007,2025-02-28,10,8,Present
A019477,S13359,C021,2025-07-31,25,25,Present
A019478,S15209,C039,2025-06-13,25,5,Low Attendance
A019479,S03331,C003,2025-12-25,15,8,Low Attendance
A019480,S16248,C038,2025-04-24,30,4,Low Attendance
A019481,S04691,C007,2025-07-13,20,2,Low Attendance
A019482,S13806,C032,2025-05-16,20,4,Low Attendance
A019483,S04757,C026,2025-08-21,30,20,Low Attendance
A019484,S04220,C031,2025-05-24,20,17,Present
A019485,S13472,C039,2025-04-21,20,0,Low Attendance
A019486,S00425,C039,2025-12-10,10,3,Low Attendance
A019487,S14806,C016,2025-07-26,30,12,Low Attendance
A019488,S16144,C005,2025-02-12,20,7,Low Attendance
A019489,S02446,C043,2025-09-23,30,30,Present
A019490,S07006,C005,2025-04-25,20,13,Low Attendance
A019491,S04464,C021,2025-05-23,20,16,Present
A019492,S13127,C024,2025-07-16,20,1,Low Attendance
A019493,S09796,C042,2025-04-16,25,1,Low Attendance
A019494,S04389,C027,2025-01-24,20,17,Present
A019495,S03591,C033,2025-04-23,30,27,Present
A019496,S09759,C003,2025-05-31,10,7,Low Attendance
A019497,S12614,C048,2025-10-02,15,9,Low Attendance
A019498,S01269,C021,2025-06-24,30,30,Present
A019499,S00262,C022,2025-04-02,30,13,Low Attendance
A019500,S07962,C040,2025-04-16,15,15,Present
A019501,S07985,C019,2025-06-23,20,8,Low Attendance
A019502,S10001,C015,2025-01-24,30,27,Present
A019503,S04782,C045,2025-08-22,20,6,Low Attendance
A019504,S03202,C017,2025-04-20,30,15,Low Attendance
A019505,S02947,C036,2025-11-05,30,19,Low Attendance
A019506,S08756,C020,2025-09-13,10,1,Low Attendance
A019507,S06516,C022,2025-10-13,15,7,Low Attendance
A019508,S16186,C015,2025-06-23,20,5,Low Attendance
A019509,S12021,C010,2025-11-17,25,13,Low Attendance
A019510,S17332,C001,2025-03-09,15,9,Low Attendance
A019511,S02279,C038,2025-05-26,25,11,Low Attendance
A019512,S11761,C009,2025-03-31,30,13,Low Attendance
A019513,S08005,C023,2025-01-24,20,11,Low Attendance
A019514,S00577,C014,2025-10-18,25,16,Low Attendance
A019515,S07645,C030,2025-10-24,15,9,Low Attendance
A019516,S06650,C020,2025-10-31,10,2,Low Attendance
A019517,S05049,C021,2025-06-25,25,16,Low Attendance
A019518,S14513,C020,2025-07-22,25,1,Low Attendance
A019519,S06429,C029,2025-01-02,25,24,Present
A019520,S04458,C017,2025-03-28,25,10,Low Attendance
A019521,S19583,C028,2025-12-11,15,13,Present
A019522,S02361,C025,2025-02-09,25,19,Present
A019523,S10767,C040,2025-06-01,20,11,Low Attendance
A019524,S09416,C042,2025-06-14,20,11,Low Attendance
A019525,S04138,C004,2025-07-04,25,18,Low Attendance
A019526,S10110,C020,2025-03-26,30,22,Low Attendance
A019527,S07154,C025,2025-05-02,20,5,Low Attendance
A019528,S16896,C028,2025-04-04,30,10,Low Attendance
A019529,S02796,C011,2025-08-18,20,17,Present
A019530,S04403,C029,2025-03-18,10,3,Low Attendance
A019531,S05405,C035,2025-12-03,20,3,Low Attendance
A019532,S04466,C030,2025-10-07,25,7,Low Attendance
A019533,S01009,C032,2025-10-09,25,2,Low Attendance
A019534,S16937,C027,2025-05-10,20,10,Low Attendance
A019535,S03710,C034,2025-06-13,15,3,Low Attendance
A019536,S09365,C035,2025-10-15,25,20,Present
A019537,S05174,C011,2025-01-10,30,20,Low Attendance
A019538,S17655,C025,2025-10-27,15,15,Present
A019539,S03842,C025,2025-03-18,10,7,Low Attendance
A019540,S01474,C028,2025-07-06,20,5,Low Attendance
A019541,S16184,C024,2025-01-11,25,5,Low Attendance
A019542,S00282,C047,2025-04-19,25,25,Present
A019543,S05494,C025,2025-05-23,30,28,Present
A019544,S09429,C050,2025-12-20,25,6,Low Attendance
A019545,S05141,C034,2025-09-25,30,12,Low Attendance
A019546,S18908,C005,2025-12-27,25,16,Low Attendance
A019547,S04549,C013,2025-06-24,15,11,Low Attendance
A019548,S10128,C048,2025-03-11,30,20,Low Attendance
A019549,S09884,C038,2025-10-27,25,4,Low Attendance
A019550,S09743,C043,2025-05-26,25,7,Low Attendance
A019551,S10582,C025,2025-01-07,25,14,Low Attendance
A019552,S05362,C019,2025-01-06,25,9,Low Attendance
A019553,S05428,C045,2025-09-29,15,5,Low Attendance
A019554,S01098,C025,2025-07-14,15,10,Low Attendance
A019555,S05234,C034,2025-05-31,25,4,Low Attendance
A019556,S13727,C021,2025-02-20,20,8,Low Attendance
A019557,S17215,C001,2025-08-02,30,16,Low Attendance
A019558,S13370,C014,2025-02-22,20,5,Low Attendance
A019559,S05173,C037,2025-06-26,25,21,Present
A019560,S03138,C014,2025-01-25,30,4,Low Attendance
A019561,S07314,C039,2025-10-05,30,22,Low Attendance
A019562,S00297,C024,2025-10-25,10,10,Present
A019563,S19432,C011,2025-07-30,30,29,Present
A019564,S17271,C028,2025-05-05,10,0,Low Attendance
A019565,S00258,C009,2025-12-12,25,16,Low Attendance
A019566,S17489,C037,2025-09-10,20,7,Low Attendance
A019567,S15294,C005,2025-08-01,25,4,Low Attendance
A019568,S12714,C004,2025-10-05,15,15,Present
A019569,S04714,C050,2025-09-13,25,21,Present
A019570,S15999,C011,2025-01-22,10,1,Low Attendance
A019571,S06842,C001,2025-09-01,15,14,Present
A019572,S14619,C043,2025-10-09,20,8,Low Attendance
A019573,S10740,C027,2025-05-23,20,11,Low Attendance
A019574,S18531,C022,2025-06-01,10,0,Low Attendance
A019575,S14705,C049,2025-03-25,15,8,Low Attendance
A019576,S16385,C014,2025-01-24,10,10,Present
A019577,S06150,C049,2025-05-11,20,12,Low Attendance
A019578,S17790,C029,2025-08-04,30,6,Low Attendance
A019579,S10086,C032,2025-10-30,30,16,Low Attendance
A019580,S05973,C036,2025-01-06,30,2,Low Attendance
A019581,S18656,C005,2025-03-01,25,7,Low Attendance
A019582,S03791,C012,2025-04-23,20,8,Low Attendance
A019583,S19034,C037,2025-06-02,15,14,Present
A019584,S05032,C009,2025-05-02,25,17,Low Attendance
A019585,S01534,C047,2025-12-14,20,19,Present
A019586,S08689,C031,2025-03-25,15,14,Present
A019587,S18108,C021,2025-01-11,25,11,Low Attendance
A019588,S02452,C050,2025-02-11,10,0,Low Attendance
A019589,S14691,C049,2025-01-25,25,16,Low Attendance
A019590,S17096,C037,2025-08-30,20,19,Present
A019591,S12044,C016,2025-01-18,10,9,Present
A019592,S13540,C047,2025-07-28,10,4,Low Attendance
A019593,S15717,C043,2025-02-12,25,3,Low Attendance
A019594,S17819,C029,2025-05-16,30,11,Low Attendance
A019595,S07030,C013,2025-03-20,30,3,Low Attendance
A019596,S11697,C042,2025-04-09,20,11,Low Attendance
A019597,S08694,C037,2025-04-15,10,3,Low Attendance
A019598,S09445,C046,2025-05-13,30,18,Low Attendance
A019599,S02035,C020,2025-05-24,20,17,Present
A019600,S16895,C041,2025-03-07,25,22,Present
A019601,S19370,C011,2025-07-26,25,7,Low Attendance
A019602,S15696,C002,2025-09-27,25,7,Low Attendance
A019603,S01474,C019,2025-11-25,30,19,Low Attendance
A019604,S03660,C024,2025-03-15,25,15,Low Attendance
A019605,S07975,C020,2025-01-15,10,7,Low Attendance
A019606,S06273,C003,2025-04-05,20,15,Present
A019607,S11848,C019,2025-01-13,25,9,Low Attendance
A019608,S01450,C037,2025-10-22,25,18,Low Attendance
A019609,S06185,C034,2025-07-26,15,1,Low Attendance
A019610,S00567,C024,2025-09-19,30,0,Low Attendance
A019611,S07801,C016,2025-06-13,10,6,Low Attendance
A019612,S14806,C008,2025-09-19,10,1,Low Attendance
A019613,S17235,C008,2025-01-20,30,14,Low Attendance
A019614,S07171,C007,2025-01-07,10,6,Low Attendance
A019615,S19357,C030,2025-12-07,20,15,Present
A019616,S06315,C009,2025-03-24,10,4,Low Attendance
A019617,S13714,C027,2025-10-14,15,3,Low Attendance
A019618,S00804,C040,2025-03-31,15,1,Low Attendance
A019619,S12565,C019,2025-08-07,10,8,Present
A019620,S13973,C018,2025-05-15,15,11,Low Attendance
A019621,S04824,C003,2025-06-15,25,8,Low Attendance
A019622,S13910,C039,2025-09-28,25,24,Present
A019623,S10724,C030,2025-06-30,30,4,Low Attendance
A019624,S09441,C004,2025-08-21,20,3,Low Attendance
A019625,S11866,C027,2025-06-26,30,13,Low Attendance
A019626,S08690,C004,2025-01-15,25,21,Present
A019627,S14722,C030,2025-05-25,20,14,Low Attendance
A019628,S12110,C030,2025-04-04,25,12,Low Attendance
A019629,S02623,C042,2025-01-18,20,12,Low Attendance
A019630,S06939,C040,2025-08-27,15,13,Present
A019631,S09658,C034,2025-07-10,10,5,Low Attendance
A019632,S18797,C046,2025-06-11,25,23,Present
A019633,S12322,C027,2025-03-07,25,16,Low Attendance
A019634,S18603,C011,2025-07-01,20,4,Low Attendance
A019635,S07962,C004,2025-08-20,20,19,Present
A019636,S02833,C041,2025-01-30,25,9,Low Attendance
A019637,S08698,C007,2025-01-19,10,3,Low Attendance
A019638,S12071,C012,2025-11-05,30,10,Low Attendance
A019639,S16051,C016,2025-05-19,30,19,Low Attendance
A019640,S11448,C007,2025-05-13,25,9,Low Attendance
A019641,S11433,C029,2025-10-15,10,2,Low Attendance
A019642,S03919,C008,2025-02-20,20,8,Low Attendance
A019643,S17740,C050,2025-06-12,25,7,Low Attendance
A019644,S04256,C012,2025-02-17,30,18,Low Attendance
A019645,S17007,C027,2025-07-29,10,8,Present
A019646,S13225,C008,2025-03-04,10,9,Present
A019647,S02105,C014,2025-03-21,30,6,Low Attendance
A019648,S04870,C040,2025-04-06,25,18,Low Attendance
A019649,S12088,C023,2025-10-30,30,13,Low Attendance
A019650,S18651,C038,2025-02-28,20,11,Low Attendance
A019651,S17297,C017,2025-12-25,30,19,Low Attendance
A019652,S06852,C010,2025-08-07,20,4,Low Attendance
A019653,S01882,C033,2025-07-31,30,11,Low Attendance
A019654,S05310,C008,2025-03-16,20,15,Present
A019655,S07903,C020,2025-12-17,20,13,Low Attendance
A019656,S03482,C002,2025-10-26,15,5,Low Attendance
A019657,S16431,C041,2025-06-09,25,3,Low Attendance
A019658,S11852,C050,2025-02-03,10,3,Low Attendance
A019659,S03370,C050,2025-04-05,10,8,Present
A019660,S15957,C002,2025-05-05,20,1,Low Attendance
A019661,S19639,C043,2025-11-01,15,8,Low Attendance
A019662,S09998,C045,2025-01-27,10,6,Low Attendance
A019663,S18484,C005,2025-03-14,15,11,Low Attendance
A019664,S02525,C047,2025-03-10,15,9,Low Attendance
A019665,S04285,C015,2025-01-29,10,3,Low Attendance
A019666,S05277,C025,2025-07-22,25,21,Present
A019667,S07733,C010,2025-09-30,30,11,Low Attendance
A019668,S08389,C050,2025-05-04,25,18,
A019669,S02449,C040,2025-09-11,30,21,Low Attendance
A019670,S14868,C016,2025-06-27,25,22,Present
A019671,S06377,C013,2025-03-29,25,3,Low Attendance
A019672,S09504,C046,2025-10-25,15,14,Present
A019673,S02862,C050,2025-11-28,20,15,Present
A019674,S03435,C016,2025-12-17,10,2,Low Attendance
A019675,S08907,C036,2025-12-24,30,0,Low Attendance
A019676,S01128,C042,2025-08-03,15,1,Low Attendance
A019677,S08489,C038,2025-04-20,30,11,Low Attendance
A019678,S07076,C001,2025-02-03,25,13,Low Attendance
A019679,S15909,C030,2025-12-13,15,6,Low Attendance
A019680,S11336,C013,2025-10-03,25,2,Low Attendance
A019681,S16094,C036,2025-12-12,20,7,Low Attendance
A019682,S02756,C017,2025-05-13,30,14,Low Attendance
A019683,S16237,C007,2025-11-16,25,19,Present
A019684,S12475,C009,2025-01-02,25,20,Present
A019685,S03821,C040,2025-06-11,25,14,Low Attendance
A019686,S06834,C017,2025-05-01,15,10,Low Attendance
A019687,S01309,C016,2025-09-08,30,8,Low Attendance
A019688,S01183,C014,2025-11-06,20,11,Low Attendance
A019689,S08940,C040,2025-06-23,20,5,Low Attendance
A019690,S18474,C010,2025-03-26,30,1,Low Attendance
A019691,S04402,C050,2025-07-02,25,7,Low Attendance
A019692,S19776,C042,2025-05-15,30,8,Low Attendance
A019693,S10346,C032,2025-10-07,30,26,Present
A019694,S07532,C004,2025-11-12,25,5,Low Attendance
A019695,S17779,C045,2025-03-30,20,12,Low Attendance
A019696,S02776,C023,2025-07-21,10,5,Low Attendance
A019697,S11963,C004,2025-09-15,25,3,Low Attendance
A019698,S00172,C044,2025-02-19,20,10,Low Attendance
A019699,S12141,C017,2025-04-11,20,12,Low Attendance
A019700,S19027,C030,2025-09-03,15,14,Present
A019701,S03018,C024,2025-07-22,20,4,Low Attendance
A019702,S12279,C040,2025-08-12,20,15,Present
A019703,S18530,C022,2025-07-31,15,4,Low Attendance
A019704,S07891,C026,2025-12-22,30,3,Low Attendance
A019705,S15882,C042,2025-09-14,15,10,Low Attendance
A019706,S07802,C004,2025-08-13,20,4,Low Attendance
A019707,S02150,C038,2025-10-01,15,7,Low Attendance
A019708,S10085,C034,2025-09-14,10,3,Low Attendance
A019709,S17965,C002,2025-02-11,25,16,Low Attendance
A019710,S02337,C034,2025-10-06,30,1,Low Attendance
A019711,S01715,C031,2025-12-31,10,8,Present
A019712,S10999,C008,2025-09-30,25,25,Present
A019713,S11051,C011,2025-04-19,25,5,Low Attendance
A019714,S14588,C046,2025-02-28,25,9,Low Attendance
A019715,S06869,C001,2025-04-08,25,5,Low Attendance
A019716,S04060,C019,2025-10-27,10,6,Low Attendance
A019717,S13722,C029,2025-06-26,15,9,Low Attendance
A019718,S11129,C037,2025-09-02,30,10,Low Attendance
A019719,S15760,C008,2025-07-30,30,16,Low Attendance
A019720,S05741,C006,2025-04-22,15,13,Present
A019721,S16321,C018,2025-06-27,15,14,Present
A019722,S15152,C049,2025-03-18,30,16,Low Attendance
A019723,S12302,C042,2025-06-14,20,13,Low Attendance
A019724,S06005,C041,2025-01-12,15,7,Low Attendance
A019725,S10179,C009,2025-02-25,25,10,Low Attendance
A019726,S17592,C030,2025-10-15,15,5,Low Attendance
A019727,S19477,C025,2025-03-13,30,22,Low Attendance
A019728,S18407,C022,2025-07-12,10,9,Present
A019729,S06891,C049,2025-12-28,20,15,Present
A019730,S09437,C008,2025-02-21,10,0,Low Attendance
A019731,S17301,C002,2025-07-01,25,14,Low Attendance
A019732,S12424,C016,2025-02-15,30,2,Low Attendance
A019733,S03579,C015,2025-06-22,10,6,Low Attendance
A019734,S16855,C027,2025-01-14,20,2,Low Attendance
A019735,S16150,C012,2025-06-26,25,0,Low Attendance
A019736,S06102,C048,2025-03-06,15,11,
A019737,S11540,C050,2025-05-30,20,0,Low Attendance
A019738,S13280,C050,2025-05-12,10,0,Low Attendance
A019739,S06930,C011,2025-09-09,30,11,Low Attendance
A019740,S18232,C001,2025-01-19,25,0,Low Attendance
A019741,S01988,C050,2025-09-14,15,4,Low Attendance
A019742,S16559,C021,2025-12-28,25,7,Low Attendance
A019743,S11820,C040,2025-10-18,25,16,Low Attendance
A019744,S15034,C027,2025-10-14,15,13,Present
A019745,S11903,C043,2025-02-15,10,5,Low Attendance
A019746,S15017,C031,2025-03-06,15,13,Present
A019747,S07833,C034,2025-02-13,30,16,Low Attendance
A019748,S14383,C049,2025-11-26,20,1,Low Attendance
A019749,S00235,C020,2025-07-23,10,0,Low Attendance
A019750,S12146,C023,2025-01-27,10,2,Low Attendance
A019751,S10242,C019,2025-07-31,30,25,Present
A019752,S06671,C019,2025-11-26,20,13,Low Attendance
A019753,S00576,C047,2025-04-11,10,6,Low Attendance
A019754,S11744,C026,2025-03-07,15,1,Low Attendance
A019755,S14433,C048,2025-08-13,25,22,Present
A019756,S08405,C036,2025-09-05,20,20,Present
A019757,S11799,C038,2025-05-22,10,6,Low Attendance
A019758,S01154,C015,2025-10-15,20,13,Low Attendance
A019759,S05037,C033,2025-08-26,10,6,Low Attendance
A019760,S15611,C003,2025-09-13,30,23,Present
A019761,S02512,C047,2025-12-15,10,4,Low Attendance
A019762,S02311,C028,2025-10-28,30,14,Low Attendance
A019763,S04133,C017,2025-02-26,20,10,Low Attendance
A019764,S16115,C042,2025-12-23,15,3,Low Attendance
A019765,S17489,C012,2025-04-27,10,5,Low Attendance
A019766,S13400,C010,2025-11-03,15,2,Low Attendance
A019767,S00200,C010,2025-09-22,25,2,Low Attendance
A019768,S11150,C032,2025-11-24,10,3,Low Attendance
A019769,S04140,C050,2025-10-10,10,8,Present
A019770,S02585,C008,2025-12-25,20,13,Low Attendance
A019771,S08620,C008,2025-11-02,30,16,Low Attendance
A019772,S12450,C040,2025-10-27,20,9,Low Attendance
A019773,S12317,C005,2025-02-14,10,3,Low Attendance
A019774,S14588,C042,2025-09-24,15,0,Low Attendance
A019775,S02297,C029,2025-03-10,20,5,Low Attendance
A019776,S00489,C032,2025-10-08,15,8,Low Attendance
A019777,S03941,C030,2025-06-01,10,9,Present
A019778,S01182,C025,2025-03-29,10,7,Low Attendance
A019779,S13508,C050,2025-06-10,15,13,Present
A019780,S00792,C039,2025-12-12,15,12,Present
A019781,S15870,C017,2025-08-20,30,13,Low Attendance
A019782,S18176,C048,2025-03-30,15,7,Low Attendance
A019783,S16579,C002,2025-06-26,20,3,Low Attendance
A019784,S04226,C007,2025-11-21,15,2,Low Attendance
A019785,S09760,C023,2025-11-21,30,8,Low Attendance
A019786,S11520,C040,2025-09-15,25,2,Low Attendance
A019787,S11518,C023,2025-09-08,20,3,Low Attendance
A019788,S06427,C039,2025-04-10,10,0,Low Attendance
A019789,S13076,C009,2025-12-07,20,9,Low Attendance
A019790,S08950,C013,2025-08-11,15,8,Low Attendance
A019791,S03308,C019,2025-07-25,30,27,Present
A019792,S18881,C029,2025-03-20,20,12,Low Attendance
A019793,S04116,C047,2025-11-03,30,4,Low Attendance
A019794,S04680,C031,2025-02-15,30,29,Present
A019795,S03429,C027,2025-01-26,15,10,Low Attendance
A019796,S12430,C049,2025-05-28,30,11,Low Attendance
A019797,S16617,C042,2025-04-09,25,6,Low Attendance
A019798,S14552,C020,2025-09-16,30,3,Low Attendance
A019799,S19484,C007,2025-08-15,10,3,Low Attendance
A019800,S10169,C002,2025-05-10,10,7,Low Attendance
A019801,S14305,C011,2025-10-10,15,12,Present
A019802,S16667,C014,2025-10-07,10,6,Low Attendance
A019803,S12676,C008,2025-08-24,10,0,Low Attendance
A019804,S02017,C031,2025-02-26,10,8,Present
A019805,S08953,C011,2025-12-26,20,1,Low Attendance
A019806,S12701,C004,2025-07-15,10,2,Low Attendance
A019807,S11200,C042,2025-08-10,25,11,Low Attendance
A019808,S09643,C003,2025-10-09,30,30,Present
A019809,S04565,C037,2025-08-20,25,19,Present
A019810,S08922,C041,2025-04-11,30,13,Low Attendance
A019811,S02576,C029,2025-01-10,20,12,Low Attendance
A019812,S12851,C035,2025-01-19,30,15,Low Attendance
A019813,S01758,C003,2025-03-27,10,10,Present
A019814,S07004,C030,2025-04-29,15,5,Low Attendance
A019815,S09754,C008,2025-09-13,25,6,Low Attendance
A019816,S02449,C025,2025-02-19,20,20,Present
A019817,S08364,C018,2025-10-27,15,3,Low Attendance
A019818,S10710,C010,2025-08-28,30,7,Low Attendance
A019819,S08591,C010,2025-01-05,20,6,Low Attendance
A019820,S16354,C033,2025-03-10,25,6,Low Attendance
A019821,S10079,C046,2025-04-15,10,8,Present
A019822,S16719,C050,2025-01-23,30,3,Low Attendance
A019823,S07670,C049,2025-11-20,25,8,Low Attendance
A019824,S11025,C008,2025-05-17,30,11,Low Attendance
A019825,S03973,C041,2025-04-30,15,6,Low Attendance
A019826,S02090,C019,2025-10-12,30,7,Low Attendance
A019827,S04706,C007,2025-01-05,15,6,Low Attendance
A019828,S12090,C033,2025-08-16,20,7,Low Attendance
A019829,S11144,C034,2025-10-14,25,5,Low Attendance
A019830,S09059,C014,2025-09-11,30,9,Low Attendance
A019831,S09035,C010,2025-02-26,30,4,Low Attendance
A019832,S16581,C020,2025-06-24,25,5,Low Attendance
A019833,S13647,C019,2025-08-05,10,6,Low Attendance
A019834,S17669,C038,2025-07-12,20,1,Low Attendance
A019835,S06804,C016,2025-10-20,10,3,Low Attendance
A019836,S00042,C012,2025-11-06,10,1,Low Attendance
A019837,S02107,C029,2025-03-05,25,14,Low Attendance
A019838,S14393,C020,2025-05-27,30,23,Present
A019839,S14720,C015,2025-11-02,30,18,Low Attendance
A019840,S07296,C024,2025-12-10,15,7,Low Attendance
A019841,S18448,C048,2025-12-10,10,9,Present
A019842,S14307,C009,2025-06-10,25,23,Present
A019843,S02893,C021,2025-09-03,15,12,Present
A019844,S19695,C008,2025-07-31,20,20,Present
A019845,S11579,C008,2025-05-09,30,24,Present
A019846,S02264,C013,2025-10-25,20,11,Low Attendance
A019847,S02677,C016,2025-10-26,15,14,Present
A019848,S16764,C040,2025-09-11,20,6,Low Attendance
A019849,S02913,C016,2025-08-06,15,14,Present
A019850,S18530,C015,2025-09-09,15,7,Low Attendance
A019851,S08218,C024,2025-03-13,25,0,Low Attendance
A019852,S16666,C027,2025-09-21,20,11,Low Attendance
A019853,S06385,C022,2025-07-05,30,6,Low Attendance
A019854,S06662,C048,2025-12-02,10,8,Present
A019855,S11884,C023,2025-10-16,10,9,Present
A019856,S01167,C012,2025-12-18,25,1,Low Attendance
A019857,S12748,C002,2025-04-11,20,20,Present
A019858,S19134,C015,2025-02-22,25,12,Low Attendance
A019859,S02898,C030,2025-07-31,20,13,Low Attendance
A019860,S06422,C031,2025-11-10,30,16,Low Attendance
A019861,S19075,C002,2025-10-12,10,6,Low Attendance
A019862,S01873,C003,2025-11-22,25,25,Present
A019863,S12643,C047,2025-06-01,20,1,Low Attendance
A019864,S03993,C021,2025-02-06,20,20,Present
A019865,S04909,C022,2025-11-10,15,5,Low Attendance
A019866,S07150,C002,2025-07-20,30,26,Present
A019867,S02224,C017,2025-02-16,10,6,Low Attendance
A019868,S12834,C004,2025-02-07,30,4,Low Attendance
A019869,S13711,C034,2025-03-18,25,20,Present
A019870,S04446,C027,2025-10-20,15,4,Low Attendance
A019871,S10970,C037,2025-05-11,30,29,Present
A019872,S09690,C015,2025-04-15,30,9,Low Attendance
A019873,S15906,C016,2025-02-26,25,11,Low Attendance
A019874,S03832,C021,2025-02-28,25,11,Low Attendance
A019875,S04452,C028,2025-08-21,10,1,Low Attendance
A019876,S08138,C012,2025-06-01,30,17,Low Attendance
A019877,S05912,C001,2025-03-09,15,12,Present
A019878,S09697,C018,2025-07-15,10,7,Low Attendance
A019879,S01877,C014,2025-08-03,30,7,Low Attendance
A019880,S05130,C001,2025-08-10,15,1,Low Attendance
A019881,S15537,C041,2025-01-05,15,6,Low Attendance
A019882,S10797,C013,2025-04-07,20,15,Present
A019883,S17822,C035,2025-01-26,30,27,Present
A019884,S13510,C022,2025-06-29,25,13,Low Attendance
A019885,S18397,C027,2025-05-02,25,1,Low Attendance
A019886,S08490,C030,2025-06-23,30,29,Present
A019887,S04049,C013,2025-03-06,30,25,Present
A019888,S15584,C005,2025-09-27,30,19,Low Attendance
A019889,S17088,C013,2025-10-16,15,3,Low Attendance
A019890,S01393,C018,2025-07-13,30,1,Low Attendance
A019891,S03744,C013,2025-07-10,15,12,Present
A019892,S15454,C027,2025-11-22,30,25,Present
A019893,S11943,C029,2025-02-26,20,5,Low Attendance
A019894,S18615,C032,2025-03-21,20,1,Low Attendance
A019895,S03566,C047,2025-05-04,20,1,Low Attendance
A019896,S03480,C017,2025-05-23,30,8,Low Attendance
A019897,S00952,C028,2025-07-26,10,6,Low Attendance
A019898,S15913,C005,2025-04-01,25,3,Low Attendance
A019899,S02424,C035,2025-04-23,20,1,Low Attendance
A019900,S03713,C044,2025-11-19,15,15,Present
A019901,S12572,C002,2025-12-10,30,8,Low Attendance
A019902,S01425,C028,2025-01-03,10,2,Low Attendance
A019903,S01715,C030,2025-10-28,25,25,Present
A019904,S02782,C016,2025-07-18,20,6,Low Attendance
A019905,S09520,C033,2025-05-10,30,27,Present
A019906,S14346,C044,2025-06-04,10,9,Present
A019907,S06596,C031,2025-03-09,10,0,Low Attendance
A019908,S00949,C035,2025-10-05,30,6,Low Attendance
A019909,S03670,C028,2025-11-11,10,4,Low Attendance
A019910,S05360,C049,2025-02-27,15,3,Low Attendance
A019911,S04904,C045,2025-02-16,30,16,Low Attendance
A019912,S10336,C017,2025-03-30,30,20,Low Attendance
A019913,S13004,C002,2025-03-23,15,4,Low Attendance
A019914,S12088,C021,2025-03-15,10,8,Present
A019915,S01927,C043,2025-10-15,10,6,Low Attendance
A019916,S18587,C014,2025-10-07,25,13,Low Attendance
A019917,S00539,C045,2025-11-20,20,18,Present
A019918,S09620,C013,2025-08-25,30,3,Low Attendance
A019919,S03566,C022,2025-10-19,15,4,Low Attendance
A019920,S13444,C006,2025-05-28,25,16,Low Attendance
A019921,S15260,C015,2025-04-16,25,5,Low Attendance
A019922,S02549,C029,2025-08-14,25,13,Low Attendance
A019923,S05397,C023,2025-07-30,30,28,Present
A019924,S15855,C023,2025-06-11,25,15,Low Attendance
A019925,S11305,C030,2025-09-06,20,8,Low Attendance
A019926,S15505,C010,2025-06-03,25,19,Present
A019927,S16488,C047,2025-05-15,25,15,Low Attendance
A019928,S08153,C038,2025-07-21,25,7,Low Attendance
A019929,S14705,C019,2025-12-20,25,7,Low Attendance
A019930,S04284,C049,2025-10-02,30,5,Low Attendance
A019931,S19839,C022,2025-03-02,20,17,Present
A019932,S09069,C003,2025-08-02,10,7,Low Attendance
A019933,S16963,C034,2025-05-24,20,10,Low Attendance
A019934,S02065,C021,2025-06-28,15,8,Low Attendance
A019935,S07641,C004,2025-02-15,25,4,Low Attendance
A019936,S09778,C040,2025-04-29,25,0,Low Attendance
A019937,S10036,C025,2025-10-29,15,9,Low Attendance
A019938,S05356,C003,2025-12-03,15,9,Low Attendance
A019939,S10302,C032,2025-08-25,10,10,Present
A019940,S12836,C019,2025-02-28,25,1,Low Attendance
A019941,S02693,C040,2025-08-25,20,4,Low Attendance
A019942,S07521,C011,2025-04-10,30,7,Low Attendance
A019943,S17933,C034,2025-07-26,15,3,Low Attendance
A019944,S03407,C036,2025-03-25,15,8,Low Attendance
A019945,S09338,C041,2025-12-29,30,20,Low Attendance
A019946,S13478,C041,2025-05-19,20,10,Low Attendance
A019947,S16320,C022,2025-06-27,30,12,Low Attendance
A019948,S08580,C009,2025-11-11,15,14,Present
A019949,S09445,C022,2025-08-14,10,10,Present
A019950,S01122,C030,2025-01-03,15,10,Low Attendance
A019951,S12936,C013,2025-10-06,15,1,Low Attendance
A019952,S10957,C021,2025-03-24,20,6,Low Attendance
A019953,S19757,C047,2025-09-07,20,13,Low Attendance
A019954,S10647,C017,2025-01-04,20,15,Present
A019955,S00069,C024,2025-11-29,20,1,Low Attendance
A019956,S04022,C016,2025-12-19,30,20,Low Attendance
A019957,S03596,C016,2025-05-27,30,21,Low Attendance
A019958,S19353,C040,2025-06-14,25,1,Low Attendance
A019959,S11670,C019,2025-08-08,20,2,Low Attendance
A019960,S19401,C013,2025-12-01,25,2,Low Attendance
A019961,S07817,C047,2025-10-01,20,5,Low Attendance
A019962,S07609,C003,2025-05-04,20,16,Present
A019963,S18724,C004,2025-06-27,20,8,Low Attendance
A019964,S16561,C038,2025-04-17,25,16,Low Attendance
A019965,S04432,C019,2025-02-22,10,1,Low Attendance
A019966,S11745,C003,2025-05-09,20,6,Low Attendance
A019967,S06433,C004,2025-05-07,10,2,Low Attendance
A019968,S14721,C022,2025-12-17,10,2,Low Attendance
A019969,S03625,C003,2025-09-20,25,0,Low Attendance
A019970,S15682,C036,2025-09-25,15,4,Low Attendance
A019971,S17508,C021,2025-01-11,25,18,Low Attendance
A019972,S18892,C009,2025-03-21,20,17,Present
A019973,S02225,C017,2025-07-25,10,9,Present
A019974,S03410,C015,2025-03-22,20,16,Present
A019975,S13634,C031,2025-01-11,10,1,Low Attendance
A019976,S00018,C048,2025-04-08,25,10,Low Attendance
A019977,S10447,C034,2025-08-08,30,28,Present
A019978,S08893,C006,2025-01-23,20,20,Present
A019979,S13423,C043,2025-11-01,15,4,Low Attendance
A019980,S07471,C018,2025-06-14,10,0,Low Attendance
A019981,S18836,C016,2025-05-22,30,17,Low Attendance
A019982,S03925,C015,2025-08-09,20,12,Low Attendance
A019983,S02628,C014,2025-02-18,10,0,Low Attendance
A019984,S09270,C007,2025-07-13,10,5,Low Attendance
A019985,S05567,C034,2025-09-06,30,14,Low Attendance
A019986,S06113,C007,2025-02-04,15,2,Low Attendance
A019987,S07056,C033,2025-04-22,25,7,Low Attendance
A019988,S01176,C037,2025-12-05,15,15,Present
A019989,S18574,C038,2025-12-06,30,15,Low Attendance
A019990,S16610,C024,2025-01-19,30,29,Present
A019991,S14878,C004,2025-01-20,25,14,Low Attendance
A019992,S12666,C021,2025-04-12,20,10,Low Attendance
A019993,S10869,C049,2025-09-30,15,15,Present
A019994,S12287,C027,2025-01-16,20,8,Low Attendance
A019995,S18916,C003,2025-03-24,25,1,Low Attendance
A019996,S15439,C009,2025-12-27,25,4,Low Attendance
A019997,S05594,C032,2025-01-10,25,14,Low Attendance
A019998,S13239,C032,2025-11-22,30,6,Low Attendance
A019999,S08853,C035,2025-09-08,25,5,Low Attendance
A020000,S00021,C038,2025-09-12,15,0,Low Attendance
